intern_id,task_completion_time_hrs,feedback_rating,attendance_percent,performance_score,performance_category
INT_00001,11.5,5.8,97.4,,Average
INT_00002,9.6,6.6,73.0,41.3,Struggle
INT_00003,,6.1,85.4,48.2,Average
INT_00004,14.6,6.7,87.7,41.0,Struggle
INT_00005,9.3,7.2,88.1,63.2,Average
INT_00006,9.3,8.8,89.4,69.2,Average
INT_00007,14.7,7.0,92.9,39.6,Struggle
INT_00008,12.3,5.1,87.7,32.8,Struggle
INT_00009,8.6,9.2,85.1,70.6,Average
INT_00010,11.6,6.2,84.7,53.4,Average
INT_00011,8.6,7.4,83.1,64.3,Average
INT_00012,8.6,8.2,94.3,79.9,Excel
INT_00013,10.7,7.8,82.8,66.6,Average
INT_00014,4.3,9.1,94.8,,Excel
INT_00015,4.8,8.2,88.2,74.6,Average
INT_00016,8.3,6.2,,49.7,Average
INT_00017,7.0,10.0,92.9,82.5,Excel
INT_00018,10.9,7.8,82.2,46.3,Average
INT_00019,7.3,7.3,93.1,66.7,Average
INT_00020,5.8,8.9,89.7,72.4,Average
INT_00021,14.4,7.9,83.2,50.3,Average
INT_00022,9.3,8.1,92.2,79.5,Excel
INT_00023,10.2,10.0,92.4,76.3,Excel
INT_00024,5.7,7.1,,72.0,Average
INT_00025,8.4,7.0,95.7,69.2,Average
INT_00026,10.3,7.7,91.9,64.0,Average
INT_00027,6.5,9.1,79.0,74.7,Average
INT_00028,11.1,5.2,100.0,46.3,Average
INT_00029,8.2,4.6,76.8,35.4,Struggle
INT_00030,9.1,6.6,95.6,54.3,Average
INT_00031,8.2,5.0,91.5,53.1,Average
INT_00032,15.6,6.9,78.6,28.8,Struggle
INT_00033,,8.3,87.0,69.9,Average
INT_00034,6.8,6.2,87.4,48.9,Average
INT_00035,12.5,5.4,98.4,50.9,Average
INT_00036,6.3,7.6,82.3,63.0,Average
INT_00037,10.6,8.8,85.9,59.4,Average
INT_00038,4.1,,69.3,47.1,Average
INT_00039,6.0,8.7,100.0,88.5,Excel
INT_00040,10.6,8.7,79.4,59.8,Average
INT_00041,12.2,8.9,90.6,70.5,Average
INT_00042,10.5,9.3,87.2,58.2,Average
INT_00043,9.7,10.0,87.2,70.1,Average
INT_00044,9.1,7.0,94.5,68.7,Average
INT_00045,5.6,7.7,100.0,75.6,Excel
INT_00046,7.8,6.9,90.0,50.7,Average
INT_00047,8.6,7.5,93.2,61.7,Average
INT_00048,,9.8,90.6,65.4,Average
INT_00049,11.0,5.5,96.1,47.2,Average
INT_00050,4.7,6.2,84.3,57.7,Average
INT_00051,11.0,9.6,96.6,77.9,Excel
INT_00052,8.8,9.0,96.9,77.4,Excel
INT_00053,8.0,7.0,96.7,72.6,Average
INT_00054,11.8,8.8,82.7,64.3,Average
INT_00055,13.1,8.0,86.7,58.6,Average
INT_00056,12.8,9.8,89.9,77.1,Excel
INT_00057,7.5,7.6,77.0,57.5,Average
INT_00058,9.1,9.0,100.0,72.0,Average
INT_00059,11.0,10.0,87.9,81.7,Excel
INT_00060,12.9,8.4,90.3,61.9,Average
INT_00061,8.6,7.6,83.4,61.5,Average
INT_00062,9.4,8.6,77.4,,Average
INT_00063,6.7,7.0,83.2,56.7,Average
INT_00064,6.4,10.0,89.8,,Excel
INT_00065,12.4,7.8,93.4,65.0,Average
INT_00066,14.1,7.1,89.3,53.5,Average
INT_00067,9.8,6.2,90.8,57.4,Average
INT_00068,13.0,9.1,85.3,66.6,Average
INT_00069,11.1,8.8,92.0,69.5,Average
INT_00070,8.1,6.8,99.9,64.2,Average
INT_00071,11.1,8.4,93.6,73.4,Average
INT_00072,14.6,5.2,,35.9,Struggle
INT_00073,9.9,7.8,90.4,65.3,Average
INT_00074,14.7,8.2,76.0,43.5,Struggle
INT_00075,2.1,10.0,79.6,85.2,Excel
INT_00076,12.5,6.3,91.6,47.3,Average
INT_00077,10.3,5.6,87.9,41.3,Struggle
INT_00078,9.1,6.2,91.5,58.7,Average
INT_00079,10.3,5.5,100.0,44.4,Struggle
INT_00080,4.0,,93.8,89.9,Excel
INT_00081,9.3,9.8,98.1,83.6,Excel
INT_00082,11.1,8.0,88.8,51.2,Average
INT_00083,14.4,9.3,81.5,57.2,Average
INT_00084,8.4,7.7,87.5,65.6,Average
INT_00085,,7.4,81.6,62.6,Average
INT_00086,8.5,7.0,100.0,65.0,Average
INT_00087,12.7,7.0,94.3,58.1,Average
INT_00088,,5.2,92.2,43.2,Struggle
INT_00089,8.4,7.9,97.9,71.4,Average
INT_00090,11.5,7.4,71.8,48.5,Average
INT_00091,10.3,8.6,92.7,74.7,Average
INT_00092,12.9,7.6,77.5,45.1,Average
INT_00093,7.9,7.3,87.9,59.7,Average
INT_00094,9.0,6.2,85.5,47.6,Average
INT_00095,,7.6,93.3,64.1,
INT_00096,5.6,8.6,89.8,85.6,Excel
INT_00097,10.9,5.8,98.8,55.1,Average
INT_00098,10.8,7.6,83.2,50.0,Average
INT_00099,10.0,7.8,93.7,62.0,Average
INT_00100,9.3,6.4,89.3,56.5,
INT_00101,5.8,6.6,74.9,50.1,Average
INT_00102,8.7,7.8,80.7,56.7,Average
INT_00103,9.0,5.8,86.8,56.9,Average
INT_00104,7.6,8.0,96.9,70.0,Average
INT_00105,9.5,,91.7,58.8,Average
INT_00106,11.2,9.1,78.7,70.1,
INT_00107,15.7,10.0,86.9,,Average
INT_00108,10.5,6.2,100.0,51.4,Average
INT_00109,10.8,8.3,,62.7,Average
INT_00110,9.8,6.4,85.4,45.1,Average
INT_00111,4.2,9.1,91.9,85.5,Excel
INT_00112,9.9,5.6,,49.0,Average
INT_00113,10.2,8.2,84.4,64.4,Average
INT_00114,17.4,6.2,92.0,45.2,Average
INT_00115,9.4,7.2,85.4,61.9,Average
INT_00116,10.9,6.0,93.8,53.0,Average
INT_00117,9.9,8.7,89.4,58.4,
INT_00118,6.5,6.2,,62.9,Average
INT_00119,13.4,8.3,81.9,64.6,Average
INT_00120,12.3,7.0,81.4,31.0,Struggle
INT_00121,12.4,7.3,95.6,61.6,Average
INT_00122,7.3,7.7,87.4,65.7,Average
INT_00123,14.2,6.4,90.3,39.5,Struggle
INT_00124,5.8,,85.5,73.8,Average
INT_00125,11.8,9.8,95.2,85.6,Excel
INT_00126,16.6,6.3,83.1,39.5,Struggle
INT_00127,7.0,,,75.5,Excel
INT_00128,8.3,9.7,94.3,77.2,
INT_00129,10.3,6.3,97.4,56.6,Average
INT_00130,8.5,5.3,,50.2,Average
INT_00131,5.3,8.0,100.0,77.1,Excel
INT_00132,10.2,6.7,90.5,53.4,Average
INT_00133,6.8,10.0,79.7,94.9,Excel
INT_00134,11.4,7.6,91.0,64.8,Average
INT_00135,,6.3,84.9,61.8,Average
INT_00136,14.6,5.8,,31.9,Struggle
INT_00137,7.7,9.1,87.7,71.9,Average
INT_00138,9.0,6.6,88.6,56.5,Average
INT_00139,12.4,7.6,80.7,45.5,Average
INT_00140,6.3,8.9,95.9,90.8,
INT_00141,10.7,6.8,78.8,56.0,Average
INT_00142,13.9,7.4,79.1,43.2,Struggle
INT_00143,5.2,7.5,90.9,81.2,Excel
INT_00144,,8.5,,72.4,Average
INT_00145,10.8,8.4,85.2,77.1,
INT_00146,12.3,7.2,93.6,56.5,Average
INT_00147,6.3,7.6,96.6,76.1,Excel
INT_00148,6.0,6.9,94.5,75.6,Excel
INT_00149,11.6,5.3,85.5,46.8,Average
INT_00150,10.9,7.9,79.3,58.6,Average
INT_00151,10.8,10.0,70.3,65.0,Average
INT_00152,11.0,6.2,85.9,50.0,Average
INT_00153,8.0,,97.4,56.6,Average
INT_00154,10.7,6.2,,45.0,Average
INT_00155,10.9,8.6,93.6,62.4,Average
INT_00156,7.9,8.2,80.4,54.8,Average
INT_00157,15.6,7.3,88.8,47.2,Average
INT_00158,11.4,6.1,93.7,57.4,Average
INT_00159,6.4,7.6,82.7,70.4,Average
INT_00160,12.0,5.2,,39.6,Struggle
INT_00161,7.1,7.7,84.7,75.2,Excel
INT_00162,12.4,8.8,93.6,63.9,Average
INT_00163,13.5,5.6,89.9,29.8,Struggle
INT_00164,7.5,5.2,88.5,37.0,Struggle
INT_00165,12.9,9.9,,70.3,Average
INT_00166,11.2,6.6,93.3,58.3,Average
INT_00167,12.5,9.2,,59.8,Average
INT_00168,,7.3,87.3,48.4,
INT_00169,9.3,7.3,87.4,68.4,Average
INT_00170,7.7,8.2,88.6,,Average
INT_00171,7.3,,100.0,65.4,Average
INT_00172,7.6,7.7,91.0,70.9,Average
INT_00173,9.8,6.9,71.7,42.4,Struggle
INT_00174,11.0,5.5,,48.9,Average
INT_00175,10.8,8.0,72.5,51.3,Average
INT_00176,12.5,7.1,85.4,48.2,Average
INT_00177,10.0,,72.1,60.9,Average
INT_00178,14.4,5.7,81.0,,Struggle
INT_00179,9.2,9.9,75.8,76.4,Excel
INT_00180,18.2,8.8,91.1,61.1,Average
INT_00181,11.9,8.9,88.0,62.3,Average
INT_00182,7.4,7.0,90.4,70.2,Average
INT_00183,6.8,4.9,87.2,45.1,
INT_00184,11.4,10.0,76.8,,Average
INT_00185,9.3,7.4,92.1,61.3,Average
INT_00186,12.1,6.4,100.0,50.7,Average
INT_00187,11.4,8.1,91.3,67.5,Average
INT_00188,9.8,,84.6,72.0,
INT_00189,7.5,7.5,76.6,,Average
INT_00190,5.5,9.4,80.7,82.3,Excel
INT_00191,8.7,9.1,91.6,74.3,Average
INT_00192,12.6,5.9,96.6,46.1,Average
INT_00193,10.6,6.5,90.1,52.8,Average
INT_00194,6.3,8.9,94.4,,Excel
INT_00195,10.5,3.4,93.7,35.7,Struggle
INT_00196,,7.3,,56.0,Average
INT_00197,7.3,5.4,82.7,52.1,Average
INT_00198,10.5,,89.4,,Average
INT_00199,10.2,7.1,81.2,48.8,Average
INT_00200,6.6,7.0,88.1,55.1,Average
INT_00201,11.1,6.7,90.6,58.7,Average
INT_00202,11.7,5.9,100.0,51.5,Average
INT_00203,13.2,10.0,77.5,65.7,Average
INT_00204,13.2,10.0,,78.5,Excel
INT_00205,5.9,5.8,99.8,60.2,Average
INT_00206,7.2,9.9,94.1,77.9,Excel
INT_00207,11.5,6.9,94.7,56.4,Average
INT_00208,11.5,7.7,92.7,62.2,Average
INT_00209,11.5,7.4,98.4,60.2,Average
INT_00210,21.6,6.5,79.3,,Struggle
INT_00211,11.7,9.0,76.9,46.4,Average
INT_00212,13.4,7.7,87.9,60.2,Average
INT_00213,12.9,6.8,70.7,43.6,Struggle
INT_00214,12.0,5.5,97.8,50.1,
INT_00215,9.1,6.2,97.8,39.3,Struggle
INT_00216,12.3,5.0,84.5,43.1,Struggle
INT_00217,7.7,7.5,85.0,57.3,Average
INT_00218,9.3,5.7,87.4,45.6,Average
INT_00219,8.5,7.1,88.4,59.3,Average
INT_00220,10.2,9.6,89.0,76.4,Excel
INT_00221,16.9,9.3,92.5,63.8,Average
INT_00222,4.4,7.5,86.6,75.3,Excel
INT_00223,12.1,7.4,95.5,63.3,Average
INT_00224,,10.0,91.6,90.6,Excel
INT_00225,8.6,8.3,83.1,67.7,Average
INT_00226,13.3,7.0,98.7,49.4,Average
INT_00227,10.2,5.4,77.1,34.2,Struggle
INT_00228,6.8,8.1,87.3,75.2,Excel
INT_00229,7.9,8.7,95.7,81.9,Excel
INT_00230,,6.6,82.2,49.7,Average
INT_00231,7.8,7.9,90.5,65.9,Average
INT_00232,10.6,7.0,92.3,,Average
INT_00233,10.1,7.2,81.1,47.2,Average
INT_00234,8.0,3.8,87.4,43.5,Struggle
INT_00235,16.4,7.2,86.7,,Struggle
INT_00236,11.9,9.0,83.6,72.8,Average
INT_00237,3.9,6.6,100.0,64.0,Average
INT_00238,10.6,7.6,81.9,65.5,Average
INT_00239,8.0,6.4,96.0,58.5,Average
INT_00240,12.6,8.0,84.9,54.3,Average
INT_00241,7.6,7.2,79.3,58.7,Average
INT_00242,9.7,6.1,88.8,47.2,Average
INT_00243,11.5,9.5,93.2,73.0,Average
INT_00244,12.6,8.9,95.4,64.0,Average
INT_00245,6.4,6.6,100.0,63.7,Average
INT_00246,9.0,8.2,100.0,76.4,Excel
INT_00247,8.6,8.3,90.0,64.4,Average
INT_00248,8.0,8.5,82.7,63.3,Average
INT_00249,15.3,5.0,91.6,25.4,Struggle
INT_00250,11.2,9.0,85.9,63.7,Average
INT_00251,6.2,6.6,95.4,73.1,Average
INT_00252,12.8,7.0,77.6,39.8,Struggle
INT_00253,16.4,10.0,100.0,66.5,Average
INT_00254,13.1,8.0,,,Average
INT_00255,5.4,6.9,74.5,55.7,Average
INT_00256,8.5,4.2,82.3,49.0,Average
INT_00257,13.8,9.6,94.5,69.0,Average
INT_00258,7.9,5.5,97.4,57.2,Average
INT_00259,11.3,6.0,77.8,46.1,Average
INT_00260,12.3,7.0,93.7,59.8,Average
INT_00261,7.2,9.6,,73.0,Average
INT_00262,9.8,8.7,87.3,66.9,Average
INT_00263,2.0,7.3,96.9,91.0,Excel
INT_00264,6.9,8.0,83.6,66.4,Average
INT_00265,9.2,6.6,75.9,45.9,Average
INT_00266,6.3,7.7,89.2,,Average
INT_00267,14.9,7.6,,38.0,Struggle
INT_00268,5.7,9.0,93.0,86.2,Excel
INT_00269,8.7,9.0,,55.6,
INT_00270,10.4,8.2,81.8,60.6,Average
INT_00271,14.3,7.0,71.8,36.8,Struggle
INT_00272,5.7,8.6,89.4,89.7,Excel
INT_00273,13.5,7.4,86.7,40.6,Struggle
INT_00274,10.0,5.9,78.5,38.1,Struggle
INT_00275,7.1,6.9,89.6,61.8,Average
INT_00276,11.4,7.6,96.2,61.2,Average
INT_00277,10.6,8.9,86.3,64.0,Average
INT_00278,8.2,7.2,90.1,62.3,Average
INT_00279,10.2,5.7,90.2,40.9,Struggle
INT_00280,8.8,7.6,78.4,59.4,Average
INT_00281,10.3,7.7,100.0,,Average
INT_00282,12.0,7.8,84.2,55.3,Average
INT_00283,,8.9,93.2,59.0,
INT_00284,6.3,,94.2,,Excel
INT_00285,16.4,6.6,86.9,49.3,Average
INT_00286,4.1,6.6,92.9,66.4,Average
INT_00287,9.5,5.9,,58.7,Average
INT_00288,11.8,8.5,76.7,55.3,Average
INT_00289,10.8,9.7,85.3,66.3,Average
INT_00290,8.1,7.0,83.1,67.3,Average
INT_00291,9.4,,84.3,59.4,Average
INT_00292,8.5,9.7,77.6,72.4,Average
INT_00293,8.2,8.3,97.0,77.6,Excel
INT_00294,12.5,8.2,100.0,67.2,Average
INT_00295,11.1,5.7,95.8,49.0,Average
INT_00296,7.9,8.5,98.2,69.4,Average
INT_00297,12.7,6.1,85.2,41.4,Struggle
INT_00298,10.9,5.8,82.9,46.6,Average
INT_00299,12.4,7.0,81.8,46.9,Average
INT_00300,11.9,6.6,93.2,,Average
INT_00301,7.5,7.2,89.8,65.8,Average
INT_00302,8.3,5.3,87.4,43.0,Struggle
INT_00303,12.2,8.9,98.4,63.5,Average
INT_00304,11.8,9.2,91.2,68.6,Average
INT_00305,9.9,4.6,81.3,32.9,Struggle
INT_00306,10.4,9.0,82.6,68.1,Average
INT_00307,13.8,6.3,93.5,42.3,Struggle
INT_00308,8.2,8.8,96.3,73.6,Average
INT_00309,11.6,7.4,92.4,63.9,Average
INT_00310,9.4,7.5,100.0,68.8,
INT_00311,9.3,7.2,100.0,61.9,Average
INT_00312,13.3,9.3,91.5,67.6,Average
INT_00313,12.5,5.6,81.3,45.6,Average
INT_00314,12.4,8.4,77.5,56.8,Average
INT_00315,13.9,9.2,84.9,64.6,Average
INT_00316,10.1,8.6,94.0,66.3,Average
INT_00317,12.0,10.0,100.0,85.3,Excel
INT_00318,9.1,6.7,91.3,70.9,Average
INT_00319,11.0,8.9,97.3,68.5,Average
INT_00320,9.6,7.3,86.0,51.8,Average
INT_00321,10.3,9.4,93.0,75.8,Excel
INT_00322,11.8,7.5,94.6,64.5,
INT_00323,7.5,6.9,72.2,51.5,Average
INT_00324,16.3,9.5,84.7,52.6,Average
INT_00325,7.0,6.8,95.6,64.5,Average
INT_00326,6.4,5.4,90.2,57.2,Average
INT_00327,13.5,6.7,78.4,39.5,Struggle
INT_00328,12.4,8.4,68.6,53.8,Average
INT_00329,11.9,9.6,85.1,75.2,Excel
INT_00330,11.9,7.7,87.4,58.0,Average
INT_00331,10.0,9.5,80.9,,Average
INT_00332,7.3,5.5,89.1,56.4,Average
INT_00333,10.2,6.8,,52.1,Average
INT_00334,8.0,7.1,93.4,58.6,Average
INT_00335,12.9,7.3,69.2,40.5,Struggle
INT_00336,,,77.5,53.0,Average
INT_00337,7.5,8.5,85.6,66.3,Average
INT_00338,9.0,6.8,92.6,69.9,Average
INT_00339,11.2,7.7,91.9,72.9,Average
INT_00340,8.3,7.4,91.8,62.9,Average
INT_00341,7.5,6.1,84.9,54.0,Average
INT_00342,10.7,7.3,85.4,54.5,Average
INT_00343,,7.3,82.2,59.6,Average
INT_00344,8.5,7.3,94.1,,Average
INT_00345,8.6,7.5,80.6,49.0,Average
INT_00346,10.7,7.6,94.8,65.5,Average
INT_00347,5.7,6.9,89.7,58.0,Average
INT_00348,5.8,9.4,87.6,91.4,Excel
INT_00349,7.8,5.7,82.7,51.6,Average
INT_00350,9.4,6.4,77.2,42.9,Struggle
INT_00351,10.9,10.0,82.8,71.0,Average
INT_00352,14.4,5.9,85.4,36.6,Struggle
INT_00353,12.6,5.5,69.0,32.6,Struggle
INT_00354,9.5,8.6,86.4,73.3,Average
INT_00355,9.9,4.4,95.4,35.9,Struggle
INT_00356,7.0,7.1,92.5,76.3,Excel
INT_00357,9.9,10.0,84.0,84.0,Excel
INT_00358,9.1,5.2,88.4,40.8,Struggle
INT_00359,11.0,4.5,83.6,35.0,Struggle
INT_00360,7.5,5.3,,59.5,Average
INT_00361,11.6,8.8,,79.4,Excel
INT_00362,14.6,9.2,95.7,64.3,Average
INT_00363,9.7,6.7,92.2,61.9,Average
INT_00364,11.2,8.5,84.1,78.9,Excel
INT_00365,12.1,,94.0,73.9,Average
INT_00366,8.8,10.0,74.5,,Average
INT_00367,10.7,7.1,86.0,55.6,Average
INT_00368,10.0,4.0,92.7,39.6,
INT_00369,10.3,6.3,93.9,50.9,Average
INT_00370,7.7,6.9,93.4,65.6,Average
INT_00371,,7.1,,51.2,
INT_00372,11.5,7.2,,50.1,Average
INT_00373,14.4,9.2,92.3,69.0,Average
INT_00374,12.9,9.4,80.4,53.0,Average
INT_00375,16.5,7.2,81.2,45.7,Average
INT_00376,7.7,,88.5,65.1,Average
INT_00377,12.6,8.0,89.4,49.1,Average
INT_00378,10.6,7.6,73.4,48.4,Average
INT_00379,16.6,8.9,91.6,59.1,Average
INT_00380,7.6,,94.2,,Excel
INT_00381,7.5,10.0,87.4,82.4,Excel
INT_00382,8.2,5.3,100.0,53.8,Average
INT_00383,3.6,6.7,82.5,67.9,Average
INT_00384,8.4,7.3,85.1,55.3,Average
INT_00385,7.7,8.2,84.8,68.1,Average
INT_00386,10.5,9.4,87.4,65.0,Average
INT_00387,11.0,7.5,85.4,56.3,Average
INT_00388,15.6,5.4,76.7,26.2,Struggle
INT_00389,12.9,8.8,83.6,55.7,Average
INT_00390,8.3,8.6,87.2,71.7,Average
INT_00391,7.3,4.6,,51.5,Average
INT_00392,11.5,7.5,100.0,69.8,Average
INT_00393,6.0,5.1,98.7,48.4,Average
INT_00394,15.5,6.5,81.8,37.5,Struggle
INT_00395,13.5,6.1,82.4,35.6,Struggle
INT_00396,8.6,8.7,86.7,75.3,Excel
INT_00397,4.9,7.7,100.0,82.6,
INT_00398,14.1,5.6,86.7,39.9,Struggle
INT_00399,9.7,8.8,77.4,59.8,Average
INT_00400,13.7,5.3,,39.7,Struggle
INT_00401,5.2,8.0,94.1,68.0,Average
INT_00402,8.2,6.3,93.5,48.4,Average
INT_00403,,7.0,86.4,47.9,Average
INT_00404,10.1,8.3,93.5,67.6,Average
INT_00405,8.6,8.3,69.8,61.6,Average
INT_00406,11.9,9.5,88.8,53.7,Average
INT_00407,6.8,7.4,94.9,76.8,Excel
INT_00408,9.6,8.0,81.3,60.9,Average
INT_00409,10.4,6.8,81.3,42.0,Struggle
INT_00410,11.5,7.8,73.1,50.7,Average
INT_00411,12.1,8.2,100.0,72.6,Average
INT_00412,6.6,7.4,82.2,65.9,Average
INT_00413,5.4,4.8,89.9,57.7,Average
INT_00414,13.8,8.0,92.8,50.3,Average
INT_00415,11.0,8.0,100.0,65.8,Average
INT_00416,7.8,6.5,86.8,51.5,Average
INT_00417,14.7,5.6,,43.8,Struggle
INT_00418,10.3,9.7,89.4,78.8,Excel
INT_00419,,8.2,98.3,,Excel
INT_00420,10.2,7.2,86.6,53.6,Average
INT_00421,16.2,5.8,80.4,26.7,Struggle
INT_00422,15.3,6.3,75.7,32.5,Struggle
INT_00423,9.3,9.5,78.2,77.1,Excel
INT_00424,12.9,7.7,94.9,56.9,Average
INT_00425,11.9,6.7,85.4,49.2,
INT_00426,,8.3,83.1,54.3,Average
INT_00427,7.1,6.3,,54.3,Average
INT_00428,12.1,9.8,88.7,67.9,Average
INT_00429,,9.5,86.1,65.4,Average
INT_00430,4.7,6.8,85.8,63.7,Average
INT_00431,6.5,6.6,98.8,66.6,Average
INT_00432,3.9,3.6,100.0,57.1,Average
INT_00433,9.2,5.3,75.1,48.6,Average
INT_00434,12.2,5.5,90.6,38.0,Struggle
INT_00435,14.5,7.7,81.8,46.1,Average
INT_00436,10.2,7.0,86.0,50.2,Average
INT_00437,14.9,5.5,90.5,37.9,Struggle
INT_00438,,7.1,86.3,61.5,Average
INT_00439,4.9,8.3,89.8,78.1,Excel
INT_00440,9.8,8.3,93.4,74.7,Average
INT_00441,11.2,,90.4,24.8,Struggle
INT_00442,,7.3,82.8,58.5,Average
INT_00443,3.8,5.4,83.0,52.9,Average
INT_00444,9.7,8.9,76.5,65.9,
INT_00445,6.1,8.7,81.2,67.3,Average
INT_00446,12.0,6.2,100.0,59.5,Average
INT_00447,11.1,6.4,81.7,51.0,Average
INT_00448,7.2,6.8,78.5,58.7,Average
INT_00449,8.5,4.1,90.6,45.3,Average
INT_00450,6.8,8.0,87.1,65.2,Average
INT_00451,9.8,7.1,86.4,53.0,Average
INT_00452,12.9,9.0,99.3,74.4,Average
INT_00453,7.0,,92.4,52.6,Average
INT_00454,11.5,6.6,83.8,55.8,
INT_00455,8.4,5.2,84.6,43.6,Struggle
INT_00456,7.6,6.0,84.0,54.8,Average
INT_00457,9.7,5.7,95.0,63.7,Average
INT_00458,6.9,9.0,85.5,71.3,Average
INT_00459,8.3,6.5,73.7,48.3,Average
INT_00460,6.4,7.7,87.6,74.2,Average
INT_00461,15.9,6.9,75.7,41.9,Struggle
INT_00462,10.1,5.6,100.0,51.1,Average
INT_00463,7.9,,80.3,55.2,
INT_00464,10.6,8.4,86.7,62.6,Average
INT_00465,9.7,5.7,90.1,57.1,Average
INT_00466,9.3,8.7,85.7,66.7,Average
INT_00467,11.8,6.2,85.7,46.2,Average
INT_00468,12.3,6.8,91.4,49.5,Average
INT_00469,8.4,8.3,100.0,79.2,Excel
INT_00470,8.3,6.5,94.1,60.7,Average
INT_00471,9.2,7.6,99.8,62.9,
INT_00472,3.1,,79.6,60.8,Average
INT_00473,5.5,7.7,90.5,60.9,
INT_00474,14.1,3.9,89.2,22.4,Struggle
INT_00475,14.9,4.8,90.8,36.3,Struggle
INT_00476,9.3,8.4,99.0,81.2,Excel
INT_00477,11.7,,86.2,69.8,Average
INT_00478,10.9,6.1,84.8,49.6,Average
INT_00479,19.2,7.1,92.3,39.6,Struggle
INT_00480,13.4,7.9,73.8,52.2,Average
INT_00481,9.6,8.5,86.1,68.3,
INT_00482,7.1,4.5,86.9,54.0,Average
INT_00483,5.2,6.2,80.6,,Average
INT_00484,10.6,7.0,96.5,67.2,Average
INT_00485,7.7,8.6,79.5,72.0,Average
INT_00486,5.7,10.0,86.9,89.5,Excel
INT_00487,8.1,7.2,90.3,51.5,Average
INT_00488,6.8,5.4,98.8,63.0,Average
INT_00489,15.1,8.1,87.9,52.6,Average
INT_00490,12.6,9.5,,69.7,Average
INT_00491,10.0,7.7,93.6,55.8,Average
INT_00492,14.4,6.1,89.0,41.5,Struggle
INT_00493,10.2,8.9,79.3,64.6,Average
INT_00494,7.4,8.5,76.5,58.4,Average
INT_00495,14.6,6.0,88.9,31.8,Struggle
INT_00496,11.6,8.1,83.7,60.6,Average
INT_00497,6.9,9.0,95.4,85.6,Excel
INT_00498,9.4,,94.0,77.7,Excel
INT_00499,7.4,7.4,86.5,70.1,Average
INT_00500,5.9,7.0,78.7,59.0,Average
INT_00501,12.8,9.3,92.1,68.7,Average
INT_00502,15.7,5.7,79.9,25.5,Struggle
INT_00503,5.8,8.2,81.9,61.0,Average
INT_00504,11.7,5.4,80.2,47.9,Average
INT_00505,8.0,9.1,86.9,80.6,Excel
INT_00506,8.5,7.1,97.4,57.6,Average
INT_00507,8.2,9.4,88.0,77.5,Excel
INT_00508,7.4,8.2,84.5,67.8,Average
INT_00509,10.1,5.7,75.8,,
INT_00510,7.5,,92.4,80.0,Excel
INT_00511,10.8,9.8,81.8,72.9,Average
INT_00512,9.8,8.8,88.9,74.3,Average
INT_00513,9.3,6.4,85.2,54.0,Average
INT_00514,7.3,7.0,94.7,65.3,Average
INT_00515,8.3,7.7,86.7,63.3,Average
INT_00516,12.3,6.4,87.5,52.6,Average
INT_00517,11.5,10.0,91.9,78.8,Excel
INT_00518,7.1,,100.0,74.5,Average
INT_00519,10.3,3.4,95.1,34.7,Struggle
INT_00520,12.3,8.0,87.3,,Average
INT_00521,5.0,7.0,88.0,,Average
INT_00522,,7.4,83.8,57.8,Average
INT_00523,8.0,6.9,80.4,49.8,Average
INT_00524,11.7,8.7,83.6,59.8,Average
INT_00525,7.7,9.2,81.8,76.2,Excel
INT_00526,4.6,7.9,93.2,70.6,Average
INT_00527,5.1,7.0,79.4,52.9,Average
INT_00528,10.1,7.4,98.7,65.3,Average
INT_00529,10.8,7.5,94.0,52.2,Average
INT_00530,7.3,6.3,88.2,49.9,Average
INT_00531,11.9,8.4,88.0,66.0,Average
INT_00532,5.0,8.2,83.5,71.3,Average
INT_00533,9.8,9.8,90.2,84.6,Excel
INT_00534,6.4,9.4,96.7,78.6,Excel
INT_00535,8.0,6.5,82.4,53.0,Average
INT_00536,10.1,8.7,75.7,63.4,Average
INT_00537,7.4,6.1,93.6,51.8,Average
INT_00538,8.8,8.5,90.6,76.6,Excel
INT_00539,13.0,6.7,79.0,45.9,Average
INT_00540,8.3,6.0,82.1,,Struggle
INT_00541,12.5,7.9,81.1,53.4,Average
INT_00542,6.6,3.5,82.2,37.8,Struggle
INT_00543,11.6,4.9,85.4,33.4,Struggle
INT_00544,14.3,7.2,85.9,39.4,Struggle
INT_00545,,7.6,82.8,74.7,Average
INT_00546,7.6,6.9,81.9,69.8,Average
INT_00547,11.7,5.1,86.2,36.5,Struggle
INT_00548,9.4,6.3,89.3,62.0,Average
INT_00549,11.1,8.1,85.5,55.9,Average
INT_00550,8.2,8.4,97.3,76.0,Excel
INT_00551,10.3,7.5,,65.6,Average
INT_00552,9.5,9.2,75.3,65.7,Average
INT_00553,13.5,8.1,,57.3,Average
INT_00554,10.8,6.4,92.8,57.1,Average
INT_00555,11.0,7.1,84.5,63.3,Average
INT_00556,8.8,5.4,,42.7,Struggle
INT_00557,8.5,7.3,88.1,58.8,Average
INT_00558,8.7,9.2,87.9,73.0,Average
INT_00559,11.2,8.5,79.0,73.5,Average
INT_00560,8.7,9.6,76.4,71.3,Average
INT_00561,10.9,7.0,87.3,51.1,Average
INT_00562,16.2,,86.1,,Average
INT_00563,12.6,7.2,84.7,40.2,Struggle
INT_00564,9.0,9.7,,78.8,Excel
INT_00565,13.6,7.5,79.2,50.7,Average
INT_00566,8.8,8.6,84.5,65.5,Average
INT_00567,,9.7,92.3,90.2,Excel
INT_00568,7.0,7.2,85.2,56.0,Average
INT_00569,4.4,7.8,74.6,67.0,Average
INT_00570,8.9,9.4,84.2,,Excel
INT_00571,10.1,7.3,79.4,50.5,Average
INT_00572,15.0,5.5,90.1,46.1,Average
INT_00573,11.0,10.0,90.6,71.9,Average
INT_00574,9.3,6.8,74.7,50.4,Average
INT_00575,12.5,7.7,94.1,64.3,Average
INT_00576,3.4,9.2,79.1,80.3,Excel
INT_00577,10.7,6.6,100.0,57.5,Average
INT_00578,12.3,6.0,87.6,36.2,Struggle
INT_00579,5.6,7.9,78.0,73.7,Average
INT_00580,13.4,4.8,78.9,27.8,Struggle
INT_00581,11.0,7.1,90.8,59.2,Average
INT_00582,8.8,7.9,84.9,66.9,Average
INT_00583,11.9,7.1,87.2,49.0,Average
INT_00584,16.8,5.2,100.0,35.0,Struggle
INT_00585,10.5,9.9,82.4,79.6,Excel
INT_00586,10.7,7.7,88.5,53.3,Average
INT_00587,8.6,9.6,99.4,95.7,Excel
INT_00588,7.5,7.1,90.2,59.4,Average
INT_00589,12.5,6.2,75.1,31.6,Struggle
INT_00590,7.4,7.9,92.0,70.9,Average
INT_00591,10.2,7.2,78.7,64.2,Average
INT_00592,8.6,5.7,99.3,46.1,Average
INT_00593,11.4,9.7,81.4,,Average
INT_00594,11.0,6.6,100.0,60.5,Average
INT_00595,13.1,4.7,99.7,40.8,Struggle
INT_00596,8.5,9.5,81.6,75.4,Excel
INT_00597,9.2,6.7,88.2,52.3,Average
INT_00598,7.1,6.6,94.0,59.5,Average
INT_00599,8.7,4.9,94.3,46.8,Average
INT_00600,11.1,10.0,91.5,70.5,Average
INT_00601,12.3,5.6,98.0,46.9,Average
INT_00602,7.2,7.6,87.0,63.4,Average
INT_00603,12.6,8.9,85.1,59.6,Average
INT_00604,14.1,8.1,85.2,55.9,Average
INT_00605,11.2,7.4,94.9,50.2,
INT_00606,15.6,4.9,90.9,30.6,Struggle
INT_00607,7.7,6.3,90.3,70.3,Average
INT_00608,6.3,7.8,94.4,67.0,Average
INT_00609,4.7,6.3,71.6,60.7,
INT_00610,14.5,7.8,90.5,54.2,Average
INT_00611,12.0,8.5,89.7,60.4,Average
INT_00612,9.8,8.9,100.0,69.5,Average
INT_00613,10.8,5.7,75.8,39.2,Struggle
INT_00614,6.6,10.0,100.0,99.0,Excel
INT_00615,17.3,8.7,88.6,50.6,Average
INT_00616,10.4,7.5,91.9,60.6,Average
INT_00617,10.3,,100.0,82.7,Excel
INT_00618,12.2,10.0,92.5,77.0,Excel
INT_00619,11.4,5.3,91.2,34.7,Struggle
INT_00620,10.7,7.2,89.9,57.6,Average
INT_00621,7.6,3.9,84.1,46.1,Average
INT_00622,11.4,7.8,87.8,58.5,Average
INT_00623,15.6,8.0,82.3,33.3,Struggle
INT_00624,14.0,7.4,87.6,52.9,Average
INT_00625,14.8,6.5,69.3,31.4,Struggle
INT_00626,8.5,4.4,91.4,33.3,Struggle
INT_00627,7.0,,87.0,60.0,Average
INT_00628,9.6,9.7,85.3,79.7,Excel
INT_00629,10.2,6.6,89.8,50.1,Average
INT_00630,13.3,8.2,76.5,46.0,Average
INT_00631,4.9,5.1,100.0,60.5,Average
INT_00632,14.6,,87.2,50.9,Average
INT_00633,9.5,6.9,86.8,,Average
INT_00634,8.7,6.4,80.3,49.0,Average
INT_00635,7.0,6.4,88.2,51.6,Average
INT_00636,5.0,6.9,99.1,69.3,Average
INT_00637,12.5,8.1,96.3,,Average
INT_00638,10.2,5.5,94.8,49.6,Average
INT_00639,6.1,6.9,92.4,65.7,
INT_00640,6.1,7.4,85.1,76.6,Excel
INT_00641,9.0,5.9,76.4,48.0,Average
INT_00642,15.0,10.0,86.4,70.5,Average
INT_00643,9.2,6.2,86.1,50.5,Average
INT_00644,,6.5,96.4,68.1,Average
INT_00645,9.3,6.0,,50.0,Average
INT_00646,,10.0,100.0,89.9,Excel
INT_00647,2.0,8.3,97.6,86.9,Excel
INT_00648,9.8,6.1,84.3,49.5,Average
INT_00649,9.3,9.2,73.6,65.6,Average
INT_00650,,7.8,,63.5,Average
INT_00651,15.5,7.9,98.9,73.3,Average
INT_00652,13.4,7.0,77.1,39.3,Struggle
INT_00653,9.2,6.4,100.0,56.5,Average
INT_00654,6.7,8.0,91.1,75.8,Excel
INT_00655,17.7,,89.3,35.3,Struggle
INT_00656,10.2,10.0,100.0,81.8,Excel
INT_00657,10.0,5.6,98.8,46.3,Average
INT_00658,9.9,9.8,93.2,81.6,Excel
INT_00659,10.6,,91.8,62.3,Average
INT_00660,,7.9,92.9,64.8,Average
INT_00661,8.3,8.7,84.8,74.2,Average
INT_00662,8.4,6.6,87.6,,Average
INT_00663,9.9,8.8,80.8,61.0,Average
INT_00664,8.4,3.4,85.3,32.5,Struggle
INT_00665,7.9,6.4,85.1,48.5,Average
INT_00666,10.3,6.1,82.9,36.9,Struggle
INT_00667,9.2,5.6,89.1,47.2,Average
INT_00668,14.5,7.2,85.4,50.5,Average
INT_00669,2.0,8.1,92.0,89.8,Excel
INT_00670,13.3,8.6,75.0,50.0,
INT_00671,13.7,7.9,87.1,58.0,Average
INT_00672,3.8,6.5,89.1,69.9,Average
INT_00673,9.0,8.1,85.5,71.1,Average
INT_00674,8.9,7.7,86.6,60.7,Average
INT_00675,5.8,8.9,75.3,,Average
INT_00676,7.7,8.7,90.9,74.7,Average
INT_00677,,7.5,93.2,64.3,Average
INT_00678,15.3,6.2,91.9,37.6,Struggle
INT_00679,12.8,6.5,96.3,50.0,Average
INT_00680,13.8,6.7,89.6,45.1,Average
INT_00681,12.2,7.0,91.8,54.9,Average
INT_00682,6.6,7.9,89.2,74.2,Average
INT_00683,8.4,8.6,93.5,71.5,Average
INT_00684,11.5,7.4,75.4,51.3,Average
INT_00685,6.3,7.5,80.9,63.7,Average
INT_00686,12.1,7.7,100.0,68.7,
INT_00687,9.3,6.7,68.3,43.9,Struggle
INT_00688,8.9,6.1,86.9,51.4,Average
INT_00689,12.1,4.9,97.4,40.1,Struggle
INT_00690,11.3,6.5,87.3,48.4,Average
INT_00691,8.9,8.2,84.8,60.8,Average
INT_00692,13.5,6.4,89.0,,
INT_00693,6.8,7.1,85.2,66.8,Average
INT_00694,11.8,8.2,88.2,54.9,Average
INT_00695,11.8,8.3,82.5,56.6,Average
INT_00696,9.1,5.9,96.9,61.0,Average
INT_00697,,9.0,99.4,72.5,Average
INT_00698,6.2,9.2,86.9,83.4,Excel
INT_00699,12.8,5.8,76.9,32.7,Struggle
INT_00700,9.4,6.3,83.8,44.1,Struggle
INT_00701,8.4,9.3,86.5,65.8,Average
INT_00702,13.1,7.3,92.0,61.2,Average
INT_00703,7.9,4.2,79.9,30.2,Struggle
INT_00704,5.8,5.4,81.8,54.7,Average
INT_00705,5.3,7.1,92.1,63.6,Average
INT_00706,11.8,5.8,95.5,55.3,Average
INT_00707,6.2,6.9,83.0,73.0,Average
INT_00708,15.3,7.5,77.3,33.8,
INT_00709,3.8,9.7,100.0,88.7,Excel
INT_00710,15.1,7.1,94.3,53.9,Average
INT_00711,10.6,9.1,85.9,71.3,Average
INT_00712,9.7,9.6,95.0,83.5,Excel
INT_00713,8.4,9.7,87.0,74.4,Average
INT_00714,11.2,7.9,94.9,75.1,Excel
INT_00715,9.9,4.6,89.3,40.9,Struggle
INT_00716,13.3,8.2,88.7,51.3,Average
INT_00717,10.3,9.1,87.1,68.1,Average
INT_00718,10.5,7.4,76.4,44.8,Struggle
INT_00719,8.9,10.0,100.0,95.0,Excel
INT_00720,9.8,8.8,,61.2,Average
INT_00721,10.9,8.4,,60.4,Average
INT_00722,4.9,9.1,86.3,78.2,Excel
INT_00723,6.0,8.0,80.3,64.0,Average
INT_00724,12.2,3.8,87.6,18.2,
INT_00725,10.5,6.8,93.5,59.9,Average
INT_00726,9.4,9.3,96.0,85.1,Excel
INT_00727,10.1,6.3,94.5,49.7,Average
INT_00728,11.0,,,45.3,Average
INT_00729,8.4,5.9,88.4,56.9,Average
INT_00730,7.7,10.0,91.3,74.7,Average
INT_00731,10.6,10.0,73.9,74.9,Average
INT_00732,7.1,6.2,92.6,54.2,Average
INT_00733,11.2,7.7,76.3,46.1,Average
INT_00734,4.9,6.5,100.0,71.4,Average
INT_00735,13.1,8.4,84.8,52.1,Average
INT_00736,11.4,8.3,86.5,57.3,Average
INT_00737,10.8,8.7,81.8,65.2,Average
INT_00738,12.9,8.0,83.0,40.7,Struggle
INT_00739,15.0,10.0,100.0,82.5,Excel
INT_00740,13.0,6.0,95.5,47.1,Average
INT_00741,4.5,4.9,75.6,39.3,Struggle
INT_00742,6.2,6.9,100.0,64.7,Average
INT_00743,,5.1,97.5,58.1,Average
INT_00744,10.1,5.3,85.8,46.1,Average
INT_00745,11.6,6.0,,55.1,Average
INT_00746,7.8,6.1,87.9,50.8,Average
INT_00747,10.6,6.1,100.0,56.9,Average
INT_00748,7.7,8.3,,68.7,
INT_00749,8.2,6.7,89.2,62.8,Average
INT_00750,5.8,7.2,84.6,71.1,Average
INT_00751,7.2,8.8,76.5,64.5,Average
INT_00752,5.9,6.4,100.0,66.3,Average
INT_00753,7.1,7.1,78.5,54.4,Average
INT_00754,13.2,8.0,89.8,57.7,Average
INT_00755,7.2,4.6,74.1,41.6,Struggle
INT_00756,17.9,3.9,84.8,,Struggle
INT_00757,11.5,8.0,91.4,68.3,Average
INT_00758,10.6,8.2,81.4,53.7,Average
INT_00759,7.4,10.0,92.7,83.4,Excel
INT_00760,12.1,7.7,85.8,62.7,Average
INT_00761,8.3,8.7,97.3,78.9,Excel
INT_00762,10.4,7.2,98.9,64.9,Average
INT_00763,17.7,7.9,83.3,37.6,Struggle
INT_00764,9.7,10.0,88.6,72.3,Average
INT_00765,13.4,4.3,89.5,36.4,Struggle
INT_00766,7.9,8.1,93.0,67.9,
INT_00767,9.9,10.0,88.1,74.7,Average
INT_00768,15.3,7.9,89.5,57.8,Average
INT_00769,8.1,10.0,86.1,74.0,Average
INT_00770,15.4,6.6,88.9,43.8,Struggle
INT_00771,12.1,7.5,98.4,61.0,Average
INT_00772,8.3,7.6,93.2,66.5,Average
INT_00773,11.9,4.2,93.6,32.9,Struggle
INT_00774,12.9,5.7,93.8,41.4,
INT_00775,11.9,5.9,86.8,37.7,Struggle
INT_00776,5.3,8.7,90.6,82.3,Excel
INT_00777,7.8,8.8,79.3,64.9,Average
INT_00778,9.3,8.0,98.2,75.7,Excel
INT_00779,9.8,8.7,65.7,55.2,Average
INT_00780,11.9,7.3,87.3,47.9,Average
INT_00781,10.5,9.3,,74.9,Average
INT_00782,6.0,7.5,77.1,,Average
INT_00783,11.1,7.6,,65.4,Average
INT_00784,11.8,7.1,82.6,48.1,Average
INT_00785,11.7,8.5,85.0,60.2,Average
INT_00786,13.2,6.9,,60.7,Average
INT_00787,12.5,9.0,89.6,68.4,Average
INT_00788,11.4,5.8,71.7,45.2,Average
INT_00789,9.8,5.9,80.2,51.4,Average
INT_00790,5.0,8.5,95.8,,Excel
INT_00791,11.3,7.4,91.6,63.6,Average
INT_00792,10.6,6.8,100.0,68.9,Average
INT_00793,10.8,8.8,100.0,82.6,Excel
INT_00794,6.2,6.6,85.3,65.4,Average
INT_00795,6.8,7.2,100.0,76.5,Excel
INT_00796,13.2,9.6,88.2,66.2,Average
INT_00797,9.9,9.8,80.3,67.1,Average
INT_00798,12.0,9.9,82.9,67.1,Average
INT_00799,,7.1,69.9,37.3,Struggle
INT_00800,,9.3,100.0,86.6,Excel
INT_00801,12.8,6.1,100.0,,Average
INT_00802,8.5,6.1,79.9,56.2,Average
INT_00803,10.3,4.0,86.2,26.7,Struggle
INT_00804,8.6,,88.8,86.5,Excel
INT_00805,8.7,6.2,80.3,46.4,Average
INT_00806,9.1,7.3,74.0,45.4,Average
INT_00807,10.7,6.1,86.3,57.0,Average
INT_00808,8.6,8.5,,74.7,Average
INT_00809,13.8,6.9,84.9,47.4,Average
INT_00810,7.3,5.5,89.8,52.9,Average
INT_00811,9.4,8.2,99.4,74.3,Average
INT_00812,8.7,5.3,85.6,,Average
INT_00813,14.3,6.2,89.4,38.3,Struggle
INT_00814,10.6,4.3,93.8,37.5,Struggle
INT_00815,13.1,5.4,92.4,51.8,Average
INT_00816,5.5,7.8,83.1,83.1,Excel
INT_00817,10.8,4.6,88.8,46.7,Average
INT_00818,12.7,5.3,92.4,43.8,Struggle
INT_00819,,7.5,79.0,52.3,Average
INT_00820,13.2,6.7,98.1,48.6,Average
INT_00821,,10.0,99.5,82.7,Excel
INT_00822,14.2,10.0,82.2,62.0,Average
INT_00823,16.9,6.2,89.5,49.1,Average
INT_00824,8.9,8.3,93.1,80.8,Excel
INT_00825,8.7,8.6,83.6,72.1,Average
INT_00826,14.4,6.6,91.9,,Struggle
INT_00827,14.7,5.3,89.3,,Struggle
INT_00828,8.4,7.5,76.3,55.0,Average
INT_00829,8.7,7.2,91.7,50.6,Average
INT_00830,9.2,6.8,79.2,53.7,Average
INT_00831,6.0,8.2,95.5,72.3,Average
INT_00832,7.2,6.4,82.6,50.2,Average
INT_00833,7.0,5.8,86.7,51.9,Average
INT_00834,7.7,7.7,99.0,69.0,Average
INT_00835,9.9,8.1,92.0,66.0,Average
INT_00836,10.7,5.7,79.4,40.7,Struggle
INT_00837,14.7,8.9,79.9,44.8,Struggle
INT_00838,7.0,4.8,83.2,53.3,Average
INT_00839,13.0,6.6,91.2,43.8,Struggle
INT_00840,9.4,7.1,90.9,54.7,Average
INT_00841,9.9,6.5,81.3,,Average
INT_00842,12.0,6.7,78.7,43.8,Struggle
INT_00843,6.6,10.0,90.3,93.6,Excel
INT_00844,11.1,6.2,86.5,49.2,Average
INT_00845,,10.0,100.0,85.9,Excel
INT_00846,11.5,8.2,88.3,62.9,Average
INT_00847,10.9,7.6,100.0,66.9,Average
INT_00848,,8.2,78.6,45.8,Average
INT_00849,8.1,10.0,75.4,63.4,Average
INT_00850,8.4,6.0,79.0,46.3,Average
INT_00851,8.1,5.8,97.5,,
INT_00852,8.3,6.4,100.0,84.0,Excel
INT_00853,8.1,7.5,81.7,53.9,Average
INT_00854,13.6,4.9,84.3,34.6,Struggle
INT_00855,14.3,7.5,78.6,42.7,Struggle
INT_00856,8.3,10.0,73.5,84.1,Excel
INT_00857,7.5,7.7,93.7,62.2,Average
INT_00858,11.4,7.1,89.8,58.2,Average
INT_00859,8.3,6.6,88.1,49.0,Average
INT_00860,11.9,8.8,76.8,,Average
INT_00861,10.6,6.3,100.0,56.3,Average
INT_00862,5.5,10.0,84.0,90.4,Excel
INT_00863,14.6,10.0,,63.8,Average
INT_00864,,7.9,76.4,48.4,Average
INT_00865,8.2,7.5,86.5,,Average
INT_00866,8.8,9.0,90.3,75.7,Excel
INT_00867,10.9,9.1,90.6,76.2,Excel
INT_00868,11.0,6.3,89.2,42.8,Struggle
INT_00869,12.0,6.7,92.0,56.8,Average
INT_00870,16.0,5.5,79.0,25.1,Struggle
INT_00871,9.5,8.1,89.6,72.1,Average
INT_00872,7.6,8.5,88.9,74.1,Average
INT_00873,5.9,5.5,,54.2,Average
INT_00874,7.8,6.8,88.6,,Average
INT_00875,,5.5,77.8,,Struggle
INT_00876,15.4,6.2,77.5,40.3,Struggle
INT_00877,8.4,8.3,70.3,55.9,Average
INT_00878,10.7,6.4,94.5,48.0,Average
INT_00879,10.0,7.0,94.6,64.3,Average
INT_00880,13.6,,94.7,31.0,Struggle
INT_00881,,7.8,90.5,40.0,Struggle
INT_00882,8.4,7.4,70.9,47.2,Average
INT_00883,8.5,6.4,79.8,48.3,Average
INT_00884,13.1,7.2,,44.5,Struggle
INT_00885,12.0,7.8,89.1,47.2,Average
INT_00886,15.5,6.3,86.2,32.4,Struggle
INT_00887,11.8,5.3,91.0,45.9,
INT_00888,8.9,10.0,88.1,72.4,Average
INT_00889,11.8,6.6,89.0,48.1,Average
INT_00890,13.3,7.4,,59.8,Average
INT_00891,12.5,9.0,95.9,69.3,Average
INT_00892,,10.0,84.6,74.0,Average
INT_00893,13.2,5.6,77.4,28.9,Struggle
INT_00894,13.5,8.2,81.8,65.7,Average
INT_00895,14.1,6.4,,39.1,Struggle
INT_00896,11.9,6.7,96.0,53.2,Average
INT_00897,9.5,6.4,87.7,60.4,Average
INT_00898,10.4,5.8,86.5,45.2,Average
INT_00899,13.6,7.4,78.0,46.5,Average
INT_00900,7.5,5.3,94.3,51.4,Average
INT_00901,11.1,8.9,82.8,,Average
INT_00902,8.8,7.6,87.2,64.4,Average
INT_00903,10.1,8.1,99.8,73.6,Average
INT_00904,13.8,6.8,92.1,45.6,Average
INT_00905,10.6,6.9,75.0,43.2,Struggle
INT_00906,10.1,7.9,,51.2,Average
INT_00907,5.9,5.8,87.5,48.0,Average
INT_00908,12.2,7.0,78.3,,Struggle
INT_00909,11.9,6.2,93.2,51.3,
INT_00910,16.5,6.2,88.3,42.3,Struggle
INT_00911,9.1,4.3,89.3,45.2,
INT_00912,10.7,9.5,82.3,55.9,Average
INT_00913,10.7,6.5,100.0,56.3,Average
INT_00914,14.7,9.2,100.0,62.6,Average
INT_00915,9.7,9.1,85.8,71.1,Average
INT_00916,10.8,5.6,90.8,43.8,Struggle
INT_00917,11.8,5.9,88.8,48.3,Average
INT_00918,10.6,10.0,85.9,74.7,Average
INT_00919,,10.0,81.3,65.7,Average
INT_00920,10.6,,79.3,48.0,Average
INT_00921,13.2,7.9,78.9,50.7,Average
INT_00922,6.9,6.6,91.2,61.9,
INT_00923,10.4,8.1,83.8,53.3,Average
INT_00924,7.9,6.4,67.4,36.6,Struggle
INT_00925,13.6,,91.6,33.3,Struggle
INT_00926,5.4,5.5,87.7,47.5,Average
INT_00927,8.3,7.5,98.8,60.2,Average
INT_00928,11.1,5.8,91.0,44.8,Struggle
INT_00929,14.7,7.4,76.2,39.9,Struggle
INT_00930,,5.9,70.2,34.1,Struggle
INT_00931,8.3,6.3,82.2,47.9,Average
INT_00932,15.6,8.8,83.0,54.2,Average
INT_00933,5.7,7.9,,71.6,Average
INT_00934,3.4,7.5,87.9,73.8,Average
INT_00935,11.3,8.8,97.1,69.1,Average
INT_00936,8.5,8.2,77.4,62.9,Average
INT_00937,6.9,,,90.4,Excel
INT_00938,12.1,6.8,93.8,58.4,Average
INT_00939,10.7,6.9,71.9,51.9,Average
INT_00940,8.3,5.5,98.6,60.3,Average
INT_00941,6.2,6.9,88.7,65.0,Average
INT_00942,12.6,8.9,91.1,63.7,Average
INT_00943,12.0,9.4,81.1,63.2,Average
INT_00944,9.7,8.9,98.2,71.2,Average
INT_00945,,4.8,78.5,24.2,Struggle
INT_00946,6.8,9.1,94.7,85.3,
INT_00947,5.4,4.7,94.6,49.7,Average
INT_00948,7.9,8.8,80.2,68.9,Average
INT_00949,9.9,6.9,100.0,59.1,Average
INT_00950,10.7,8.6,89.9,67.8,Average
INT_00951,9.3,5.5,93.2,47.2,Average
INT_00952,11.1,9.3,75.8,58.8,Average
INT_00953,6.2,5.3,100.0,55.2,Average
INT_00954,14.3,6.5,78.2,41.1,Struggle
INT_00955,9.8,6.0,96.2,53.9,Average
INT_00956,13.4,4.9,80.0,27.6,Struggle
INT_00957,11.0,7.6,,57.3,Average
INT_00958,11.4,10.0,94.3,75.5,Excel
INT_00959,11.7,10.0,96.2,84.4,Excel
INT_00960,11.3,7.6,77.8,46.9,Average
INT_00961,11.9,9.2,96.7,71.2,Average
INT_00962,14.0,7.8,96.4,50.7,Average
INT_00963,10.6,8.2,80.5,57.6,Average
INT_00964,12.1,7.0,100.0,49.1,Average
INT_00965,9.7,7.8,76.3,60.0,Average
INT_00966,14.3,8.3,83.0,57.8,Average
INT_00967,8.0,6.6,91.8,64.4,Average
INT_00968,15.4,7.4,81.2,44.0,Struggle
INT_00969,9.9,7.4,90.1,55.7,Average
INT_00970,5.7,8.7,89.9,74.0,Average
INT_00971,10.4,5.9,86.5,55.5,Average
INT_00972,8.0,7.4,94.7,75.2,Excel
INT_00973,12.5,,86.2,71.5,Average
INT_00974,8.0,9.2,89.9,74.1,Average
INT_00975,8.7,9.5,97.2,89.4,Excel
INT_00976,4.3,7.5,94.3,71.5,Average
INT_00977,8.6,8.0,94.3,70.7,Average
INT_00978,,9.0,78.8,87.8,Excel
INT_00979,5.2,9.8,92.2,83.6,Excel
INT_00980,12.3,4.6,81.0,35.3,Struggle
INT_00981,12.4,5.5,77.7,38.3,Struggle
INT_00982,11.3,9.5,87.4,70.2,Average
INT_00983,7.1,7.1,80.8,53.4,Average
INT_00984,9.9,6.5,94.3,,Average
INT_00985,10.0,5.6,94.5,51.9,Average
INT_00986,6.5,,72.8,44.8,Struggle
INT_00987,14.5,5.4,81.4,32.7,Struggle
INT_00988,12.6,10.0,76.3,68.2,Average
INT_00989,9.3,7.5,84.3,64.3,Average
INT_00990,10.1,7.4,91.6,53.2,Average
INT_00991,10.6,8.4,86.1,70.8,Average
INT_00992,3.9,8.9,83.3,89.4,Excel
INT_00993,9.3,8.9,98.4,79.2,Excel
INT_00994,8.0,9.1,69.6,59.2,Average
INT_00995,7.0,6.6,97.9,63.1,Average
INT_00996,9.2,7.1,83.6,55.7,Average
INT_00997,15.4,8.7,87.4,57.7,Average
INT_00998,11.9,6.7,83.8,48.0,Average
INT_00999,8.3,7.5,,71.5,Average
INT_01000,11.7,8.1,78.2,54.3,Average
INT_01001,14.2,,88.1,60.7,Average
INT_01002,12.8,4.8,92.2,,Struggle
INT_01003,10.2,8.6,75.1,57.8,Average
INT_01004,8.1,7.1,80.6,54.1,Average
INT_01005,12.1,8.6,86.8,72.8,Average
INT_01006,,8.7,80.9,69.6,Average
INT_01007,12.7,9.9,81.5,70.4,Average
INT_01008,11.9,9.5,85.2,75.7,Excel
INT_01009,13.1,9.5,93.2,74.6,Average
INT_01010,8.4,9.7,85.3,77.7,Excel
INT_01011,14.0,7.9,96.6,51.0,Average
INT_01012,10.6,7.5,80.0,52.9,Average
INT_01013,16.2,8.8,78.0,48.4,Average
INT_01014,7.9,8.6,100.0,72.1,Average
INT_01015,15.2,7.0,82.7,34.4,
INT_01016,10.6,8.1,77.5,59.6,Average
INT_01017,8.0,7.4,74.1,57.5,Average
INT_01018,8.5,6.2,96.6,52.1,Average
INT_01019,9.0,,85.3,69.5,Average
INT_01020,11.3,,86.0,63.0,Average
INT_01021,11.6,10.0,86.7,68.3,Average
INT_01022,8.3,5.1,96.1,51.8,Average
INT_01023,9.9,6.7,86.6,52.2,Average
INT_01024,16.4,7.5,100.0,56.2,Average
INT_01025,15.2,9.2,89.1,56.6,Average
INT_01026,11.3,8.1,96.5,66.4,Average
INT_01027,10.1,8.0,94.4,67.3,Average
INT_01028,10.4,5.8,87.7,48.3,Average
INT_01029,11.8,5.8,83.3,41.6,Struggle
INT_01030,6.9,8.0,90.7,72.9,Average
INT_01031,9.2,5.5,92.1,61.6,Average
INT_01032,5.0,6.7,83.4,76.4,Excel
INT_01033,11.2,8.3,89.3,59.7,Average
INT_01034,11.9,6.0,97.9,38.0,Struggle
INT_01035,8.6,9.9,100.0,89.5,Excel
INT_01036,14.7,9.3,94.8,67.5,Average
INT_01037,6.3,5.1,,63.6,Average
INT_01038,5.6,6.1,,58.0,Average
INT_01039,,4.1,93.6,37.9,Struggle
INT_01040,13.1,6.3,98.7,57.3,Average
INT_01041,15.1,8.6,80.8,60.3,Average
INT_01042,8.6,6.9,84.1,48.4,Average
INT_01043,13.2,8.2,100.0,59.9,Average
INT_01044,9.9,5.2,80.2,39.2,Struggle
INT_01045,9.5,8.7,77.3,63.7,Average
INT_01046,12.7,6.7,100.0,53.8,Average
INT_01047,12.0,7.5,97.6,63.5,
INT_01048,5.3,7.4,91.5,76.1,Excel
INT_01049,14.4,5.6,,46.6,Average
INT_01050,14.1,5.8,84.5,40.3,Struggle
INT_01051,8.1,9.0,90.3,70.3,Average
INT_01052,11.2,8.1,100.0,67.3,Average
INT_01053,11.5,9.1,89.9,68.3,Average
INT_01054,10.8,,100.0,71.0,Average
INT_01055,8.3,7.7,80.8,62.8,Average
INT_01056,8.0,4.9,87.8,57.3,Average
INT_01057,9.9,7.1,85.0,52.9,
INT_01058,13.5,7.5,79.3,49.4,Average
INT_01059,11.6,10.0,86.8,86.2,Excel
INT_01060,8.9,8.5,91.3,67.8,Average
INT_01061,12.3,9.8,92.2,74.1,Average
INT_01062,2.0,8.4,100.0,84.1,Excel
INT_01063,13.4,6.4,91.7,,Average
INT_01064,4.8,7.7,97.2,72.6,Average
INT_01065,8.9,7.9,88.5,70.6,Average
INT_01066,6.6,,100.0,64.5,Average
INT_01067,6.1,6.9,100.0,65.3,Average
INT_01068,13.5,7.2,92.2,57.4,Average
INT_01069,,9.9,80.1,76.0,Excel
INT_01070,11.0,4.4,83.6,38.7,
INT_01071,9.9,9.3,,67.5,Average
INT_01072,11.4,6.1,91.7,51.1,Average
INT_01073,10.2,5.4,93.6,52.4,Average
INT_01074,6.2,9.3,91.7,79.8,Excel
INT_01075,13.0,8.6,88.1,54.2,Average
INT_01076,8.5,9.4,82.9,72.9,Average
INT_01077,5.3,8.7,91.2,86.5,Excel
INT_01078,8.7,10.0,100.0,92.8,Excel
INT_01079,14.5,8.3,96.2,,Average
INT_01080,12.6,7.3,92.3,48.0,Average
INT_01081,9.0,8.0,96.2,67.7,Average
INT_01082,9.0,9.4,85.0,70.7,Average
INT_01083,9.0,6.3,83.9,53.8,Average
INT_01084,16.2,6.5,82.0,36.0,Struggle
INT_01085,11.1,7.0,87.0,,Average
INT_01086,11.3,4.3,84.6,39.3,
INT_01087,13.1,7.7,97.7,60.9,Average
INT_01088,10.7,4.7,84.2,38.9,Struggle
INT_01089,,7.6,81.6,48.7,Average
INT_01090,9.4,8.8,100.0,63.2,Average
INT_01091,9.8,6.8,84.4,45.2,Average
INT_01092,9.9,10.0,89.2,75.4,Excel
INT_01093,12.2,5.3,91.6,45.2,Average
INT_01094,10.2,9.3,78.9,53.8,Average
INT_01095,12.2,8.5,97.9,76.6,Excel
INT_01096,9.8,4.9,93.1,46.1,Average
INT_01097,10.2,10.0,100.0,90.9,Excel
INT_01098,4.0,7.4,82.6,63.6,Average
INT_01099,12.7,6.2,,48.1,Average
INT_01100,11.0,5.4,,43.5,Struggle
INT_01101,13.0,7.2,90.1,56.9,Average
INT_01102,,,76.4,67.3,Average
INT_01103,16.3,7.7,88.9,50.9,Average
INT_01104,9.6,7.1,76.6,57.3,Average
INT_01105,13.3,8.4,90.9,57.4,Average
INT_01106,,6.9,71.0,54.1,Average
INT_01107,11.8,4.6,73.2,16.9,Struggle
INT_01108,6.8,,94.5,72.3,Average
INT_01109,8.1,3.9,83.6,47.4,Average
INT_01110,15.7,8.0,80.1,40.1,Struggle
INT_01111,9.4,6.0,98.2,55.9,Average
INT_01112,10.7,7.7,90.6,66.4,Average
INT_01113,12.6,9.5,95.0,72.1,Average
INT_01114,11.5,6.1,86.7,46.9,Average
INT_01115,10.5,9.1,100.0,74.4,Average
INT_01116,11.1,,83.2,47.9,Average
INT_01117,17.2,10.0,100.0,68.3,Average
INT_01118,9.8,7.0,87.5,56.3,Average
INT_01119,10.6,6.2,74.8,35.8,Struggle
INT_01120,13.2,8.5,91.9,62.1,Average
INT_01121,13.3,6.8,90.5,58.4,Average
INT_01122,13.6,6.2,79.6,36.5,Struggle
INT_01123,11.9,6.8,,39.8,Struggle
INT_01124,6.6,7.4,87.8,65.5,Average
INT_01125,14.9,9.5,90.8,61.1,Average
INT_01126,6.6,4.6,68.2,28.3,Struggle
INT_01127,10.9,7.5,96.4,63.6,Average
INT_01128,7.7,8.4,84.0,64.8,Average
INT_01129,9.8,7.8,77.3,,
INT_01130,11.0,9.5,95.5,76.4,Excel
INT_01131,11.0,7.4,87.8,48.3,Average
INT_01132,11.3,7.2,,50.9,Average
INT_01133,14.8,8.4,91.5,61.5,Average
INT_01134,11.4,7.6,88.0,47.2,Average
INT_01135,9.3,6.9,86.8,51.1,Average
INT_01136,12.9,8.3,91.9,51.2,Average
INT_01137,13.6,6.5,84.7,,Struggle
INT_01138,6.3,6.6,81.2,59.6,Average
INT_01139,11.8,6.7,92.9,53.8,Average
INT_01140,12.1,9.5,86.8,82.2,Excel
INT_01141,9.1,2.7,88.3,34.2,Struggle
INT_01142,14.1,8.1,96.7,54.9,Average
INT_01143,9.5,7.6,87.1,53.9,Average
INT_01144,10.4,5.0,88.1,56.5,Average
INT_01145,9.5,8.0,83.2,67.3,Average
INT_01146,10.0,8.2,91.4,69.8,Average
INT_01147,6.7,8.4,90.8,74.7,Average
INT_01148,5.7,3.5,95.2,46.6,Average
INT_01149,14.8,9.5,83.4,53.2,Average
INT_01150,7.5,6.4,84.3,56.2,Average
INT_01151,7.0,8.5,94.3,,Excel
INT_01152,3.5,8.6,90.0,77.1,Excel
INT_01153,8.1,6.2,80.8,47.6,Average
INT_01154,6.0,8.5,98.5,89.2,Excel
INT_01155,14.9,6.9,74.4,37.2,Struggle
INT_01156,13.0,4.4,94.3,46.8,Average
INT_01157,7.9,9.3,77.9,60.9,Average
INT_01158,,6.3,100.0,41.3,Struggle
INT_01159,12.9,6.2,75.6,29.2,Struggle
INT_01160,9.0,6.9,97.2,56.0,Average
INT_01161,2.5,7.9,,73.3,Average
INT_01162,16.9,7.4,85.1,44.9,Struggle
INT_01163,5.8,8.3,89.5,76.5,Excel
INT_01164,5.1,5.5,93.1,55.1,Average
INT_01165,,6.4,80.8,29.2,
INT_01166,17.3,7.3,81.5,47.8,Average
INT_01167,14.2,10.0,93.2,69.8,Average
INT_01168,11.7,7.3,74.3,41.2,Struggle
INT_01169,11.8,9.1,83.3,66.3,Average
INT_01170,12.6,7.6,100.0,62.6,Average
INT_01171,12.3,6.8,80.3,43.8,Struggle
INT_01172,10.8,7.1,97.2,61.3,Average
INT_01173,10.3,7.2,83.3,48.3,Average
INT_01174,9.8,8.4,92.1,72.9,Average
INT_01175,7.7,9.6,93.2,76.2,Excel
INT_01176,9.2,8.0,97.0,66.9,Average
INT_01177,4.9,9.3,86.4,85.5,Excel
INT_01178,9.7,6.1,100.0,63.7,Average
INT_01179,7.0,6.9,83.3,67.8,Average
INT_01180,6.7,6.4,,66.0,Average
INT_01181,10.5,8.0,90.0,61.2,Average
INT_01182,14.2,7.0,79.0,33.7,Struggle
INT_01183,12.8,8.6,85.7,68.2,Average
INT_01184,,6.1,89.3,68.2,Average
INT_01185,7.0,,84.5,60.7,Average
INT_01186,12.8,8.5,100.0,72.8,Average
INT_01187,7.1,4.4,81.3,38.8,Struggle
INT_01188,9.3,10.0,97.4,92.2,Excel
INT_01189,11.7,7.1,94.9,54.3,Average
INT_01190,7.1,4.5,87.9,55.6,Average
INT_01191,,7.7,81.1,61.3,Average
INT_01192,6.0,7.6,81.9,75.0,Excel
INT_01193,8.2,7.4,83.9,57.8,Average
INT_01194,11.0,9.0,73.7,,Average
INT_01195,5.2,8.6,80.0,67.7,Average
INT_01196,11.3,7.9,76.1,58.2,Average
INT_01197,9.9,8.2,98.8,75.6,Excel
INT_01198,11.7,7.3,92.9,71.3,Average
INT_01199,10.7,10.0,94.3,81.9,Excel
INT_01200,14.1,5.3,92.7,42.4,Struggle
INT_01201,10.4,7.7,89.3,58.5,Average
INT_01202,8.7,7.6,99.7,72.6,Average
INT_01203,10.4,8.7,83.1,62.6,Average
INT_01204,11.6,6.2,88.9,48.7,
INT_01205,10.1,4.9,94.0,45.5,Average
INT_01206,10.1,7.7,77.4,53.3,Average
INT_01207,7.9,7.9,100.0,74.1,Average
INT_01208,8.0,9.7,,77.5,Excel
INT_01209,5.8,5.6,89.1,53.8,Average
INT_01210,15.2,9.2,98.1,72.4,Average
INT_01211,6.3,10.0,95.3,90.0,Excel
INT_01212,7.9,6.9,88.3,62.2,Average
INT_01213,7.8,5.6,89.0,43.2,Struggle
INT_01214,12.7,6.9,76.0,45.5,Average
INT_01215,9.1,7.5,83.5,62.2,Average
INT_01216,13.7,8.3,92.1,57.9,Average
INT_01217,8.0,6.6,91.6,71.4,Average
INT_01218,10.8,9.8,97.8,66.9,Average
INT_01219,7.5,5.8,87.0,57.2,Average
INT_01220,16.4,4.9,76.9,25.9,Struggle
INT_01221,6.4,9.2,96.5,86.5,Excel
INT_01222,10.9,4.1,99.5,41.4,Struggle
INT_01223,11.9,7.2,95.2,60.7,Average
INT_01224,11.2,10.0,86.7,78.7,Excel
INT_01225,9.4,7.5,96.4,61.4,Average
INT_01226,9.6,5.8,100.0,57.2,Average
INT_01227,10.1,7.4,88.9,58.4,Average
INT_01228,9.6,7.4,77.5,48.2,Average
INT_01229,12.9,7.7,83.3,56.8,Average
INT_01230,16.6,,93.0,52.5,Average
INT_01231,8.3,5.9,75.2,36.9,Struggle
INT_01232,5.9,10.0,89.4,83.5,Excel
INT_01233,9.7,7.9,91.0,60.1,Average
INT_01234,17.7,8.6,100.0,63.6,Average
INT_01235,7.6,6.6,98.5,64.9,Average
INT_01236,14.9,9.4,,74.5,Average
INT_01237,15.0,7.1,70.7,33.2,Struggle
INT_01238,8.3,7.9,95.4,75.1,Excel
INT_01239,11.7,6.1,93.6,65.4,Average
INT_01240,14.9,6.0,90.0,42.3,Struggle
INT_01241,8.9,8.5,74.2,66.4,Average
INT_01242,9.4,6.8,81.8,56.8,Average
INT_01243,8.3,6.2,78.7,41.4,Struggle
INT_01244,7.0,6.5,71.9,53.7,Average
INT_01245,8.1,,88.0,72.8,Average
INT_01246,6.3,6.6,81.6,55.8,Average
INT_01247,10.1,7.3,100.0,60.1,Average
INT_01248,7.7,7.5,86.6,67.8,Average
INT_01249,10.7,4.6,98.4,,Struggle
INT_01250,5.3,5.3,75.4,59.0,Average
INT_01251,11.0,8.0,83.8,59.5,Average
INT_01252,12.5,6.4,88.8,40.4,Struggle
INT_01253,4.0,9.1,80.7,76.4,Excel
INT_01254,11.1,9.0,84.6,64.1,Average
INT_01255,13.7,8.6,86.3,72.0,Average
INT_01256,6.4,10.0,86.1,78.8,Excel
INT_01257,15.0,7.4,100.0,54.4,Average
INT_01258,11.3,8.5,91.0,62.6,Average
INT_01259,7.9,6.6,91.8,63.0,
INT_01260,9.8,10.0,92.3,77.0,Excel
INT_01261,11.7,10.0,92.9,70.0,Average
INT_01262,10.2,7.5,87.3,57.9,Average
INT_01263,11.6,8.1,85.4,57.3,Average
INT_01264,7.2,9.5,89.3,77.1,Excel
INT_01265,10.5,,97.3,59.3,Average
INT_01266,5.8,6.5,97.0,73.4,Average
INT_01267,9.7,8.8,86.1,66.7,Average
INT_01268,7.3,7.6,94.1,63.3,
INT_01269,7.8,7.8,86.4,62.8,Average
INT_01270,13.7,6.2,88.3,43.7,Struggle
INT_01271,,4.9,84.2,25.4,Struggle
INT_01272,11.8,7.9,86.5,66.6,Average
INT_01273,6.7,8.9,98.7,86.8,Excel
INT_01274,9.1,7.2,88.7,67.7,Average
INT_01275,13.6,9.7,89.1,69.9,Average
INT_01276,10.4,6.4,76.4,33.4,Struggle
INT_01277,17.0,5.9,85.5,41.4,Struggle
INT_01278,,7.4,86.1,50.7,Average
INT_01279,10.6,7.4,81.4,49.6,Average
INT_01280,9.1,8.7,88.2,70.7,Average
INT_01281,10.4,6.3,84.6,56.6,Average
INT_01282,9.5,9.6,88.6,81.2,Excel
INT_01283,12.1,10.0,,78.3,Excel
INT_01284,12.9,7.4,80.4,47.3,Average
INT_01285,7.6,9.4,84.8,74.1,Average
INT_01286,6.0,5.9,88.6,59.3,Average
INT_01287,4.5,9.1,97.5,87.0,Excel
INT_01288,11.5,9.1,90.1,,Average
INT_01289,6.7,8.8,82.7,77.3,Excel
INT_01290,3.5,,91.2,78.1,Excel
INT_01291,11.2,3.1,100.0,19.1,Struggle
INT_01292,,6.5,95.3,42.2,Struggle
INT_01293,10.0,6.6,92.4,55.1,Average
INT_01294,12.5,6.0,93.8,48.4,Average
INT_01295,10.2,7.7,99.5,62.7,Average
INT_01296,9.7,6.9,96.6,53.4,Average
INT_01297,12.8,6.3,92.5,50.5,
INT_01298,9.1,5.9,96.5,53.3,Average
INT_01299,10.8,,79.3,49.0,Average
INT_01300,11.0,9.2,76.0,59.0,Average
INT_01301,8.0,6.5,89.3,65.6,Average
INT_01302,13.0,6.7,88.5,54.0,Average
INT_01303,9.5,6.8,83.6,55.3,Average
INT_01304,7.7,8.0,94.6,70.5,Average
INT_01305,11.6,8.2,73.1,57.6,Average
INT_01306,7.3,2.9,83.7,33.4,Struggle
INT_01307,10.1,9.0,84.1,69.4,Average
INT_01308,10.0,9.7,74.9,73.3,Average
INT_01309,13.3,5.9,100.0,56.6,Average
INT_01310,11.4,6.0,77.1,33.6,Struggle
INT_01311,9.9,6.8,83.3,46.7,Average
INT_01312,12.5,6.4,95.3,46.4,Average
INT_01313,14.2,7.8,93.2,47.9,Average
INT_01314,11.7,4.6,79.1,30.6,Struggle
INT_01315,10.0,5.8,93.5,54.4,Average
INT_01316,6.1,9.8,90.3,85.2,Excel
INT_01317,6.8,6.1,100.0,60.4,Average
INT_01318,9.1,9.4,91.2,82.7,Excel
INT_01319,8.2,8.0,86.9,67.4,Average
INT_01320,9.4,4.8,81.1,40.1,Struggle
INT_01321,10.2,8.5,82.0,69.1,Average
INT_01322,11.6,7.3,81.4,50.8,Average
INT_01323,9.8,6.8,99.0,73.0,Average
INT_01324,11.5,7.9,88.1,56.8,Average
INT_01325,10.2,8.2,92.5,77.9,Excel
INT_01326,4.1,8.6,100.0,80.8,Excel
INT_01327,7.2,9.3,69.1,70.3,Average
INT_01328,9.6,8.1,98.2,67.0,
INT_01329,6.4,5.4,88.4,59.4,Average
INT_01330,11.8,6.8,91.5,50.3,Average
INT_01331,14.6,10.0,81.4,65.5,Average
INT_01332,13.7,8.6,82.0,,Average
INT_01333,9.4,10.0,91.9,85.9,Excel
INT_01334,14.5,9.6,,68.0,Average
INT_01335,10.4,7.9,96.0,75.2,Excel
INT_01336,9.0,8.0,98.1,65.1,Average
INT_01337,8.2,7.4,86.5,54.9,Average
INT_01338,9.1,4.9,83.2,46.1,Average
INT_01339,8.8,7.5,81.8,55.6,Average
INT_01340,10.5,9.3,84.1,69.1,Average
INT_01341,,6.6,71.6,,Struggle
INT_01342,10.0,,,53.5,Average
INT_01343,11.3,8.8,83.5,63.0,Average
INT_01344,13.6,6.1,86.6,49.1,Average
INT_01345,12.8,,89.1,55.3,Average
INT_01346,5.5,6.0,90.9,61.3,Average
INT_01347,2.3,6.3,87.9,73.3,Average
INT_01348,12.8,5.6,83.3,32.0,Struggle
INT_01349,5.9,6.1,72.3,48.3,Average
INT_01350,9.3,9.6,83.4,75.6,Excel
INT_01351,6.5,6.1,80.2,52.5,Average
INT_01352,4.6,7.7,91.7,73.1,Average
INT_01353,11.6,6.7,,48.5,Average
INT_01354,12.3,9.3,95.5,59.9,Average
INT_01355,8.3,9.5,94.1,85.0,Excel
INT_01356,2.2,8.8,,85.8,Excel
INT_01357,8.4,8.0,83.8,69.1,
INT_01358,11.2,,82.0,49.1,Average
INT_01359,,5.7,75.9,45.9,Average
INT_01360,10.6,10.0,,80.4,Excel
INT_01361,10.0,6.4,86.6,55.9,Average
INT_01362,11.7,8.5,78.0,56.2,Average
INT_01363,10.4,9.1,81.4,70.8,Average
INT_01364,7.1,6.7,81.1,50.6,Average
INT_01365,13.6,9.1,88.3,62.4,Average
INT_01366,,8.6,96.5,73.1,Average
INT_01367,9.9,10.0,85.2,82.6,Excel
INT_01368,7.2,6.8,70.0,51.8,Average
INT_01369,8.7,5.6,86.5,58.0,Average
INT_01370,7.3,6.7,86.8,51.8,Average
INT_01371,9.5,7.8,86.2,62.7,
INT_01372,15.1,7.6,83.0,47.8,Average
INT_01373,5.9,6.9,89.7,68.7,Average
INT_01374,5.2,4.6,88.5,45.7,Average
INT_01375,14.4,8.2,87.8,64.7,Average
INT_01376,9.4,10.0,91.3,80.4,Excel
INT_01377,8.0,8.2,84.6,60.8,Average
INT_01378,13.1,8.4,84.1,57.3,Average
INT_01379,8.2,8.4,99.0,73.9,Average
INT_01380,15.5,8.1,92.5,70.4,Average
INT_01381,,,94.6,74.8,Average
INT_01382,8.5,8.1,97.8,72.7,Average
INT_01383,16.5,7.0,92.2,44.7,Struggle
INT_01384,8.2,6.3,,64.7,Average
INT_01385,12.2,7.1,75.4,51.0,Average
INT_01386,10.9,8.0,89.6,45.8,Average
INT_01387,13.9,7.0,86.5,51.1,Average
INT_01388,14.7,8.0,100.0,60.1,Average
INT_01389,10.1,8.2,95.4,61.0,Average
INT_01390,7.7,8.7,83.0,75.3,Excel
INT_01391,11.4,9.4,91.0,84.4,Excel
INT_01392,8.0,,89.3,68.7,Average
INT_01393,,5.5,91.6,41.6,Struggle
INT_01394,10.4,7.0,79.8,60.8,Average
INT_01395,8.9,7.6,90.9,59.5,Average
INT_01396,10.6,4.7,86.2,28.1,
INT_01397,6.0,9.6,90.3,87.6,Excel
INT_01398,7.1,7.7,82.2,62.7,Average
INT_01399,13.6,8.1,,45.9,Average
INT_01400,8.0,9.5,97.4,82.9,Excel
INT_01401,6.9,6.6,79.6,,Average
INT_01402,11.6,8.4,80.2,57.2,Average
INT_01403,13.6,7.3,87.6,46.6,Average
INT_01404,12.2,7.2,81.8,48.6,Average
INT_01405,,6.3,80.9,41.4,Struggle
INT_01406,7.7,10.0,,71.6,Average
INT_01407,5.7,6.9,76.0,57.2,
INT_01408,14.5,8.5,79.9,45.7,Average
INT_01409,9.0,4.7,100.0,52.5,Average
INT_01410,9.2,9.3,91.7,67.0,Average
INT_01411,14.0,9.1,,64.7,Average
INT_01412,11.7,7.6,91.3,,Average
INT_01413,11.4,7.2,92.5,54.0,Average
INT_01414,16.5,8.1,96.0,56.4,Average
INT_01415,8.1,10.0,87.0,75.8,Excel
INT_01416,12.8,4.9,95.8,41.4,Struggle
INT_01417,10.2,8.7,,54.4,Average
INT_01418,10.8,6.1,79.5,40.7,Struggle
INT_01419,14.6,7.5,89.3,52.9,Average
INT_01420,11.5,7.1,,49.1,Average
INT_01421,11.6,6.9,80.7,40.8,Struggle
INT_01422,13.2,7.5,90.1,55.5,Average
INT_01423,8.9,5.8,83.0,47.3,Average
INT_01424,7.5,9.0,85.8,75.5,Excel
INT_01425,,4.8,96.2,53.9,Average
INT_01426,4.1,8.3,95.3,82.1,Excel
INT_01427,16.2,7.0,80.0,42.4,Struggle
INT_01428,6.7,5.7,79.5,50.3,Average
INT_01429,,7.8,84.7,50.2,Average
INT_01430,9.2,5.2,87.8,,Struggle
INT_01431,10.9,7.6,82.7,66.0,Average
INT_01432,12.4,5.4,96.3,44.4,Struggle
INT_01433,12.6,8.2,90.8,66.0,Average
INT_01434,8.3,6.1,91.2,53.6,Average
INT_01435,9.5,6.8,77.9,50.1,Average
INT_01436,10.8,7.9,97.3,63.7,Average
INT_01437,9.3,6.3,65.4,54.4,Average
INT_01438,14.8,7.4,94.7,54.2,Average
INT_01439,11.5,5.2,95.5,42.0,Struggle
INT_01440,12.2,8.4,84.5,50.6,Average
INT_01441,12.0,10.0,98.2,89.7,Excel
INT_01442,13.5,,87.5,68.6,Average
INT_01443,10.5,7.6,88.5,64.0,Average
INT_01444,6.1,8.7,90.7,82.4,Excel
INT_01445,11.2,4.8,100.0,42.8,Struggle
INT_01446,8.0,9.8,98.8,,Excel
INT_01447,8.4,8.7,,70.9,Average
INT_01448,11.8,6.8,80.7,41.4,Struggle
INT_01449,13.7,9.4,89.1,72.0,Average
INT_01450,10.1,7.1,81.5,52.5,Average
INT_01451,10.9,6.8,94.6,59.6,Average
INT_01452,15.1,8.2,89.1,57.0,Average
INT_01453,10.7,5.9,79.0,45.7,Average
INT_01454,17.8,9.0,88.6,45.8,Average
INT_01455,11.7,5.9,81.2,38.1,Struggle
INT_01456,4.7,5.9,89.2,58.7,Average
INT_01457,12.3,6.1,81.1,37.1,Struggle
INT_01458,11.1,8.6,88.2,67.8,Average
INT_01459,13.9,6.6,94.0,55.2,Average
INT_01460,12.0,5.5,87.6,48.7,Average
INT_01461,9.6,6.6,84.9,50.7,Average
INT_01462,6.3,7.5,89.6,69.6,Average
INT_01463,9.4,5.7,93.6,54.3,Average
INT_01464,7.4,5.8,79.1,51.6,
INT_01465,8.3,10.0,90.1,77.1,Excel
INT_01466,11.8,6.2,98.5,,Average
INT_01467,,7.0,92.6,53.6,Average
INT_01468,11.2,,88.5,59.0,Average
INT_01469,6.4,6.9,93.1,72.4,Average
INT_01470,11.3,8.4,91.6,68.4,Average
INT_01471,13.6,8.9,,59.8,Average
INT_01472,8.2,7.0,71.8,50.6,Average
INT_01473,9.6,5.6,75.6,31.6,Struggle
INT_01474,10.0,9.4,96.0,79.7,Excel
INT_01475,7.6,7.4,76.0,56.0,Average
INT_01476,11.9,10.0,91.2,74.6,Average
INT_01477,9.6,4.1,85.2,42.2,Struggle
INT_01478,11.3,7.8,80.0,52.2,Average
INT_01479,7.3,10.0,90.8,82.9,Excel
INT_01480,8.7,7.0,89.6,59.8,Average
INT_01481,12.2,7.2,100.0,49.3,Average
INT_01482,8.9,7.9,83.0,60.9,Average
INT_01483,15.2,6.7,99.5,35.7,Struggle
INT_01484,8.8,7.0,90.8,57.3,Average
INT_01485,10.7,7.0,82.7,56.6,Average
INT_01486,12.8,6.6,94.4,,Average
INT_01487,5.7,9.3,92.5,80.7,Excel
INT_01488,4.7,8.2,88.3,76.0,Excel
INT_01489,,7.9,90.1,67.1,Average
INT_01490,13.8,8.7,83.2,57.6,Average
INT_01491,8.3,7.1,81.4,73.1,Average
INT_01492,17.7,6.3,94.1,49.3,Average
INT_01493,8.3,6.6,86.2,56.3,Average
INT_01494,10.6,7.5,87.4,59.1,Average
INT_01495,14.6,5.9,90.2,34.8,Struggle
INT_01496,16.0,,90.1,,Struggle
INT_01497,16.2,,76.6,37.1,Struggle
INT_01498,13.6,10.0,98.3,72.4,Average
INT_01499,13.1,3.3,89.0,29.9,Struggle
INT_01500,11.8,7.2,86.4,62.0,Average
INT_01501,12.3,10.0,91.4,76.0,
INT_01502,8.3,7.7,89.9,66.1,Average
INT_01503,7.5,8.6,94.1,66.8,Average
INT_01504,10.0,7.6,92.3,67.4,Average
INT_01505,9.5,6.5,93.7,50.7,Average
INT_01506,8.6,4.1,98.8,42.9,Struggle
INT_01507,12.1,7.8,95.1,66.8,Average
INT_01508,12.9,6.3,86.7,50.7,Average
INT_01509,10.3,6.3,79.0,43.2,Struggle
INT_01510,14.4,6.8,100.0,49.7,Average
INT_01511,6.6,10.0,86.1,79.3,Excel
INT_01512,9.4,10.0,84.2,69.6,Average
INT_01513,7.8,7.8,74.1,55.2,Average
INT_01514,4.4,6.8,90.7,59.1,Average
INT_01515,9.8,,89.2,52.4,
INT_01516,9.6,8.2,75.9,,Average
INT_01517,14.5,10.0,91.6,72.8,Average
INT_01518,11.9,7.1,84.0,45.7,Average
INT_01519,6.9,3.9,100.0,41.4,
INT_01520,15.6,8.5,83.4,52.9,Average
INT_01521,13.7,,84.5,60.8,Average
INT_01522,11.7,5.1,81.0,34.8,Struggle
INT_01523,9.3,7.8,98.2,67.1,
INT_01524,7.1,8.2,85.0,78.3,Excel
INT_01525,8.9,7.4,82.2,60.5,Average
INT_01526,13.3,6.3,93.7,58.8,Average
INT_01527,15.7,9.0,77.0,59.5,Average
INT_01528,14.6,6.9,93.0,58.1,Average
INT_01529,8.5,5.3,100.0,48.0,Average
INT_01530,6.6,4.4,92.5,51.2,Average
INT_01531,10.4,9.4,93.1,,Average
INT_01532,4.7,8.4,95.0,71.9,Average
INT_01533,11.0,7.6,,73.6,Average
INT_01534,9.6,6.8,97.7,59.8,Average
INT_01535,8.6,6.7,,53.2,Average
INT_01536,5.2,5.9,95.2,60.2,Average
INT_01537,11.5,6.9,80.9,,Struggle
INT_01538,8.4,4.3,94.2,40.5,Struggle
INT_01539,6.5,6.4,80.0,53.7,Average
INT_01540,2.0,7.0,85.1,81.2,Excel
INT_01541,9.9,8.4,63.3,48.8,Average
INT_01542,15.3,7.4,91.2,59.3,Average
INT_01543,15.0,8.7,82.8,59.5,Average
INT_01544,8.6,9.5,96.9,83.8,Excel
INT_01545,,9.1,91.1,80.5,Excel
INT_01546,11.4,,97.0,66.8,Average
INT_01547,7.0,7.5,,68.5,Average
INT_01548,10.9,6.0,96.3,55.4,Average
INT_01549,12.3,8.6,100.0,60.1,Average
INT_01550,13.7,10.0,94.1,74.5,Average
INT_01551,9.7,8.0,94.3,71.8,Average
INT_01552,9.4,10.0,89.4,77.6,Excel
INT_01553,7.4,5.2,83.8,47.7,Average
INT_01554,7.5,5.8,94.1,52.9,Average
INT_01555,9.3,8.8,76.0,55.7,Average
INT_01556,11.1,7.9,84.7,49.7,Average
INT_01557,12.7,9.5,73.8,51.3,Average
INT_01558,7.6,7.5,82.4,65.2,Average
INT_01559,14.5,6.2,93.1,30.3,Struggle
INT_01560,9.2,7.2,92.0,57.8,Average
INT_01561,9.9,5.2,88.4,39.8,Struggle
INT_01562,7.8,5.8,89.4,51.8,Average
INT_01563,2.7,9.0,72.9,66.3,Average
INT_01564,12.7,8.8,85.0,63.9,Average
INT_01565,12.2,8.0,82.5,48.8,Average
INT_01566,9.2,4.9,82.7,46.9,Average
INT_01567,10.2,7.0,92.8,54.8,Average
INT_01568,11.5,,81.1,39.4,Struggle
INT_01569,5.3,9.3,83.2,79.1,Excel
INT_01570,8.4,6.6,71.3,49.0,Average
INT_01571,12.4,5.9,85.6,42.3,Struggle
INT_01572,6.2,7.5,79.3,60.7,Average
INT_01573,10.9,6.5,88.6,53.5,Average
INT_01574,5.9,9.7,80.4,82.1,Excel
INT_01575,11.4,6.4,88.8,45.4,Average
INT_01576,9.9,5.4,86.8,47.1,Average
INT_01577,5.2,4.3,100.0,60.7,Average
INT_01578,13.5,7.5,92.0,58.3,Average
INT_01579,7.8,6.7,73.3,55.5,Average
INT_01580,7.6,5.4,77.9,45.2,Average
INT_01581,10.6,9.3,88.4,65.9,Average
INT_01582,13.4,8.5,80.6,50.9,Average
INT_01583,7.0,7.5,,54.4,Average
INT_01584,10.2,,98.8,84.9,Excel
INT_01585,11.3,8.5,93.8,82.7,Excel
INT_01586,12.1,6.3,92.2,54.6,Average
INT_01587,10.5,5.9,83.1,38.6,Struggle
INT_01588,8.9,,91.4,68.2,Average
INT_01589,7.5,8.1,82.4,78.6,Excel
INT_01590,10.3,7.8,89.6,60.7,
INT_01591,6.8,,80.6,53.8,Average
INT_01592,2.0,8.4,100.0,84.1,Excel
INT_01593,11.3,6.4,75.4,50.8,Average
INT_01594,12.7,7.3,97.9,61.3,Average
INT_01595,2.9,9.7,88.3,85.5,Excel
INT_01596,7.0,6.5,84.1,51.5,Average
INT_01597,11.9,5.1,89.3,41.9,Struggle
INT_01598,16.2,5.9,93.9,39.4,Struggle
INT_01599,10.1,9.0,98.9,80.7,Excel
INT_01600,7.8,7.9,90.5,71.4,Average
INT_01601,9.5,7.3,80.9,54.1,Average
INT_01602,14.1,6.7,88.4,43.0,Struggle
INT_01603,8.1,,100.0,74.6,Average
INT_01604,7.6,6.2,98.8,58.8,Average
INT_01605,,8.0,,69.3,Average
INT_01606,7.1,6.4,94.4,61.7,Average
INT_01607,10.4,6.2,93.6,47.7,Average
INT_01608,14.9,,97.3,51.6,Average
INT_01609,11.0,6.9,84.3,49.7,Average
INT_01610,9.2,7.4,77.2,50.1,Average
INT_01611,9.1,7.9,88.6,62.4,Average
INT_01612,5.3,2.0,81.5,28.7,Struggle
INT_01613,12.6,6.3,79.6,41.5,Struggle
INT_01614,9.8,,82.2,55.3,Average
INT_01615,9.5,9.8,100.0,88.3,Excel
INT_01616,19.6,5.9,89.1,36.3,Struggle
INT_01617,10.9,7.7,90.9,62.8,Average
INT_01618,7.7,9.7,78.2,68.7,Average
INT_01619,8.7,,73.2,39.0,Struggle
INT_01620,13.4,8.1,81.4,47.4,Average
INT_01621,10.3,6.3,99.5,66.5,Average
INT_01622,5.7,6.7,90.7,76.0,Excel
INT_01623,12.8,6.3,92.8,,Average
INT_01624,8.0,6.4,93.9,,Average
INT_01625,15.6,10.0,83.3,64.2,Average
INT_01626,13.2,8.8,99.1,70.0,Average
INT_01627,,9.2,82.9,62.3,Average
INT_01628,13.8,8.2,99.2,62.7,Average
INT_01629,10.2,5.1,91.5,39.6,Struggle
INT_01630,12.6,8.1,73.7,52.1,Average
INT_01631,11.5,9.1,82.0,64.2,Average
INT_01632,7.5,6.2,73.7,59.0,Average
INT_01633,8.1,8.9,97.3,84.1,Excel
INT_01634,13.1,8.6,87.8,62.1,Average
INT_01635,9.0,10.0,70.2,67.8,Average
INT_01636,8.8,6.9,91.0,68.9,Average
INT_01637,7.1,5.9,83.7,51.7,Average
INT_01638,11.3,7.0,76.1,48.6,Average
INT_01639,16.2,9.7,100.0,68.7,Average
INT_01640,6.8,4.8,88.9,45.6,Average
INT_01641,10.1,4.4,85.7,36.9,Struggle
INT_01642,14.2,7.6,84.8,39.1,Struggle
INT_01643,9.8,,,,Struggle
INT_01644,11.4,7.5,77.6,53.1,Average
INT_01645,6.8,8.9,98.3,90.7,Excel
INT_01646,11.3,6.7,,51.1,Average
INT_01647,9.4,4.7,88.2,37.5,Struggle
INT_01648,13.0,10.0,71.6,53.8,Average
INT_01649,13.6,6.0,77.5,40.4,Struggle
INT_01650,17.8,5.9,92.9,,Struggle
INT_01651,11.7,9.2,91.0,72.9,Average
INT_01652,11.0,6.9,100.0,62.5,Average
INT_01653,,7.4,98.7,66.5,Average
INT_01654,8.9,8.2,86.2,66.2,Average
INT_01655,11.0,9.1,91.8,73.2,Average
INT_01656,9.1,7.0,85.5,56.0,Average
INT_01657,10.5,9.8,100.0,77.7,Excel
INT_01658,14.0,,97.2,28.9,Struggle
INT_01659,7.0,8.6,89.4,61.5,Average
INT_01660,13.4,6.2,89.6,43.7,Struggle
INT_01661,14.0,9.6,99.6,80.7,Excel
INT_01662,9.6,7.7,92.6,68.6,Average
INT_01663,3.6,6.5,100.0,74.0,Average
INT_01664,8.2,8.5,70.5,56.6,Average
INT_01665,13.9,8.8,91.7,68.6,Average
INT_01666,9.9,8.5,83.9,63.6,Average
INT_01667,7.0,6.0,,70.7,Average
INT_01668,8.5,,100.0,59.1,Average
INT_01669,12.5,7.5,88.3,,Average
INT_01670,11.6,7.4,100.0,57.9,Average
INT_01671,9.3,8.6,100.0,67.5,Average
INT_01672,8.9,4.5,88.6,36.1,Struggle
INT_01673,8.8,8.0,100.0,72.9,Average
INT_01674,7.2,7.1,87.7,58.4,Average
INT_01675,14.8,6.2,86.3,18.4,Struggle
INT_01676,,6.4,94.9,63.9,Average
INT_01677,13.7,7.2,85.2,38.9,Struggle
INT_01678,14.6,2.1,88.7,16.3,Struggle
INT_01679,13.0,6.4,99.3,,Average
INT_01680,8.7,6.2,88.2,65.2,Average
INT_01681,11.2,8.3,74.4,60.8,Average
INT_01682,9.9,6.3,90.9,50.3,Average
INT_01683,7.3,7.2,82.4,56.1,Average
INT_01684,11.0,9.8,94.9,86.0,Excel
INT_01685,,9.0,93.6,72.4,Average
INT_01686,13.6,8.9,99.8,69.3,Average
INT_01687,8.6,6.8,95.3,60.7,Average
INT_01688,10.6,8.3,96.7,67.1,Average
INT_01689,10.8,7.1,82.6,54.5,Average
INT_01690,9.2,7.2,94.4,64.0,Average
INT_01691,11.8,8.1,100.0,69.6,Average
INT_01692,8.6,6.6,,54.2,Average
INT_01693,12.6,9.7,,78.9,Excel
INT_01694,6.0,7.3,83.6,64.6,Average
INT_01695,10.4,8.4,81.2,57.9,Average
INT_01696,15.8,9.7,90.4,64.1,Average
INT_01697,7.0,9.0,93.7,76.0,Excel
INT_01698,8.0,5.4,95.3,49.0,Average
INT_01699,11.5,8.2,80.3,55.0,Average
INT_01700,10.5,8.8,91.5,68.8,Average
INT_01701,,8.8,82.5,64.0,Average
INT_01702,11.5,5.8,76.1,43.5,Struggle
INT_01703,11.9,6.5,80.6,42.0,Struggle
INT_01704,13.3,9.0,82.0,60.9,Average
INT_01705,11.2,6.4,92.2,52.2,Average
INT_01706,9.3,7.1,97.2,59.9,Average
INT_01707,12.0,,76.2,65.8,Average
INT_01708,15.7,7.4,90.8,54.5,Average
INT_01709,9.6,6.4,,48.8,Average
INT_01710,7.1,6.2,93.0,60.8,Average
INT_01711,13.3,8.0,83.0,49.6,
INT_01712,9.6,5.5,79.6,,Average
INT_01713,3.5,7.1,94.4,70.7,Average
INT_01714,,8.0,83.3,46.0,Average
INT_01715,8.4,9.4,85.5,80.0,Excel
INT_01716,9.7,8.5,70.2,56.8,Average
INT_01717,11.0,6.4,95.6,52.7,
INT_01718,10.6,9.3,94.6,71.5,Average
INT_01719,,7.1,88.0,62.6,Average
INT_01720,8.7,5.6,75.8,44.7,Struggle
INT_01721,11.5,7.2,97.7,63.2,Average
INT_01722,9.2,9.7,82.7,74.3,Average
INT_01723,12.2,7.7,84.4,56.3,Average
INT_01724,11.8,7.5,100.0,70.5,Average
INT_01725,,10.0,82.4,78.2,Excel
INT_01726,13.3,5.4,93.9,33.2,Struggle
INT_01727,8.4,5.6,92.5,57.0,Average
INT_01728,12.4,5.1,91.1,42.3,Struggle
INT_01729,11.1,8.1,90.3,,Average
INT_01730,15.5,7.7,91.0,54.3,
INT_01731,9.3,9.8,90.2,76.4,Excel
INT_01732,9.0,7.9,87.6,64.4,Average
INT_01733,9.9,6.9,100.0,,Average
INT_01734,9.1,7.5,77.5,52.5,Average
INT_01735,12.4,7.7,96.2,67.1,Average
INT_01736,5.2,5.0,,48.2,Average
INT_01737,6.8,10.0,,100.0,Excel
INT_01738,6.8,,96.9,81.7,Excel
INT_01739,12.9,7.8,87.3,45.7,Average
INT_01740,15.1,,73.0,45.9,
INT_01741,9.7,8.6,87.4,66.5,Average
INT_01742,9.5,7.3,80.1,57.1,Average
INT_01743,10.2,6.6,82.1,43.9,Struggle
INT_01744,13.5,8.4,78.1,53.4,Average
INT_01745,7.2,8.1,84.2,66.8,Average
INT_01746,10.7,6.3,83.2,43.0,Struggle
INT_01747,12.9,9.6,69.0,53.0,Average
INT_01748,11.5,7.9,93.6,67.9,Average
INT_01749,10.6,8.6,100.0,63.4,Average
INT_01750,13.0,9.6,92.8,73.4,Average
INT_01751,2.0,7.5,86.4,80.2,Excel
INT_01752,,8.0,87.6,57.3,Average
INT_01753,8.0,8.7,84.6,70.7,Average
INT_01754,4.5,6.4,88.7,70.5,Average
INT_01755,11.5,7.6,87.7,53.0,Average
INT_01756,14.1,7.7,81.3,45.4,Average
INT_01757,9.6,6.1,100.0,54.5,Average
INT_01758,12.9,10.0,76.1,71.0,Average
INT_01759,14.8,5.4,93.7,45.3,Average
INT_01760,13.9,5.6,87.2,29.7,Struggle
INT_01761,14.9,9.5,100.0,75.5,Excel
INT_01762,12.2,8.6,90.7,68.6,Average
INT_01763,10.2,6.0,85.1,55.6,Average
INT_01764,5.2,8.4,86.0,77.2,Excel
INT_01765,9.3,9.7,88.3,,Excel
INT_01766,7.5,7.5,78.9,66.0,Average
INT_01767,16.5,10.0,81.9,64.0,Average
INT_01768,9.5,4.9,73.7,,Average
INT_01769,10.4,,,67.4,Average
INT_01770,11.7,9.2,88.8,69.7,Average
INT_01771,,8.8,90.4,,Average
INT_01772,15.1,7.2,,34.9,Struggle
INT_01773,8.1,7.1,86.9,52.0,Average
INT_01774,10.6,8.2,92.5,64.5,Average
INT_01775,7.8,8.7,86.7,77.3,
INT_01776,6.0,8.4,82.9,71.5,
INT_01777,8.2,9.1,84.7,78.3,Excel
INT_01778,9.9,6.0,83.7,48.8,Average
INT_01779,8.7,7.2,82.9,55.0,Average
INT_01780,7.9,6.1,89.4,55.5,Average
INT_01781,5.8,6.9,100.0,73.8,Average
INT_01782,9.8,9.0,82.1,68.3,Average
INT_01783,5.5,7.7,85.5,69.7,Average
INT_01784,12.3,10.0,87.6,,Average
INT_01785,10.2,7.8,82.5,55.8,Average
INT_01786,,7.6,96.8,87.0,Excel
INT_01787,9.1,7.7,69.0,59.1,Average
INT_01788,7.7,6.5,83.8,47.2,Average
INT_01789,11.0,7.4,,47.6,Average
INT_01790,14.0,9.2,85.6,62.2,Average
INT_01791,4.4,7.7,81.4,74.0,Average
INT_01792,10.3,6.3,91.5,49.8,Average
INT_01793,9.5,6.1,95.3,60.8,Average
INT_01794,12.0,6.8,89.7,52.1,Average
INT_01795,10.6,7.6,81.6,54.7,Average
INT_01796,7.7,9.3,91.6,83.2,Excel
INT_01797,9.0,5.5,84.8,43.0,Struggle
INT_01798,7.6,7.0,94.0,63.1,Average
INT_01799,13.2,7.7,99.9,64.8,Average
INT_01800,10.1,4.7,67.2,28.7,Struggle
INT_01801,15.7,6.2,88.9,50.3,Average
INT_01802,9.8,,74.1,49.2,Average
INT_01803,7.9,6.3,,66.1,Average
INT_01804,5.5,7.8,84.3,68.9,Average
INT_01805,4.6,7.3,94.0,77.6,Excel
INT_01806,,6.7,87.7,61.9,Average
INT_01807,10.8,8.1,81.6,60.5,Average
INT_01808,11.5,10.0,80.6,64.7,
INT_01809,5.3,10.0,100.0,99.2,Excel
INT_01810,12.7,4.6,95.6,39.9,Struggle
INT_01811,8.6,8.4,100.0,86.5,Excel
INT_01812,10.4,7.2,88.4,70.5,Average
INT_01813,14.8,7.7,90.3,,Average
INT_01814,12.7,6.9,85.9,49.2,Average
INT_01815,9.2,7.7,85.7,56.1,Average
INT_01816,7.3,7.7,79.7,67.3,Average
INT_01817,3.5,6.6,88.7,68.7,Average
INT_01818,,6.2,81.7,54.4,Average
INT_01819,9.4,6.8,91.5,68.0,Average
INT_01820,7.0,7.9,89.4,64.5,Average
INT_01821,,8.4,90.3,63.0,Average
INT_01822,10.2,8.8,,73.5,Average
INT_01823,9.3,6.8,87.7,60.4,Average
INT_01824,8.0,7.9,94.1,73.2,Average
INT_01825,10.5,8.9,100.0,70.4,Average
INT_01826,11.3,9.2,98.5,,Excel
INT_01827,6.7,7.4,97.2,64.4,Average
INT_01828,14.2,7.2,85.5,42.6,
INT_01829,,7.8,89.8,,Average
INT_01830,10.1,5.8,77.5,38.7,Struggle
INT_01831,12.1,7.2,92.0,60.5,Average
INT_01832,10.7,,90.2,68.9,Average
INT_01833,12.9,8.5,88.2,70.4,Average
INT_01834,10.9,,96.2,58.3,Average
INT_01835,8.2,7.8,78.3,59.8,Average
INT_01836,11.1,6.3,100.0,62.3,Average
INT_01837,6.6,8.6,95.2,77.8,Excel
INT_01838,10.3,7.4,87.4,66.3,Average
INT_01839,9.9,7.1,86.8,59.4,Average
INT_01840,9.4,7.0,91.8,,Average
INT_01841,,7.4,100.0,73.1,Average
INT_01842,4.4,6.8,88.8,72.4,Average
INT_01843,8.4,8.5,89.2,76.0,Excel
INT_01844,10.3,6.9,88.1,44.5,
INT_01845,10.5,9.9,100.0,78.4,Excel
INT_01846,6.9,9.7,85.0,76.6,Excel
INT_01847,13.8,6.2,87.8,37.7,Struggle
INT_01848,7.4,7.6,99.7,82.1,Excel
INT_01849,12.9,6.5,89.2,47.5,
INT_01850,11.3,7.0,97.1,58.5,Average
INT_01851,8.1,10.0,80.7,80.2,Excel
INT_01852,15.3,,86.4,47.7,Average
INT_01853,6.4,8.0,,,Average
INT_01854,12.8,8.3,82.6,53.0,Average
INT_01855,13.0,6.0,86.8,34.5,Struggle
INT_01856,8.0,6.2,90.1,58.4,Average
INT_01857,14.2,5.7,80.1,32.4,Struggle
INT_01858,9.2,6.2,84.7,50.3,Average
INT_01859,10.9,3.2,88.9,17.1,Struggle
INT_01860,10.8,8.3,88.4,62.3,Average
INT_01861,9.6,10.0,98.2,89.9,Excel
INT_01862,12.4,7.7,100.0,70.7,Average
INT_01863,12.4,5.4,81.2,,
INT_01864,4.8,6.5,88.9,57.0,Average
INT_01865,,6.8,93.4,56.8,Average
INT_01866,5.0,6.0,100.0,70.2,Average
INT_01867,13.1,,93.7,64.8,Average
INT_01868,13.4,8.7,90.3,51.2,Average
INT_01869,6.7,5.8,93.3,62.8,Average
INT_01870,8.8,8.6,93.4,69.6,Average
INT_01871,6.7,9.8,80.6,80.4,Excel
INT_01872,9.4,10.0,89.5,79.7,Excel
INT_01873,9.1,10.0,99.7,94.1,Excel
INT_01874,12.3,6.1,86.3,43.8,Struggle
INT_01875,13.9,10.0,89.0,69.4,Average
INT_01876,14.2,7.0,,55.0,Average
INT_01877,,,69.5,43.1,Struggle
INT_01878,9.4,8.0,88.2,69.1,Average
INT_01879,4.9,6.6,90.4,64.5,Average
INT_01880,7.6,8.1,83.9,61.1,Average
INT_01881,12.9,5.5,78.8,34.8,Struggle
INT_01882,14.8,7.1,81.0,47.1,Average
INT_01883,6.3,9.4,,91.8,Excel
INT_01884,8.2,7.4,100.0,77.8,
INT_01885,9.9,7.7,99.1,65.9,Average
INT_01886,10.8,8.2,77.2,51.5,Average
INT_01887,7.6,9.3,94.8,79.1,Excel
INT_01888,,5.0,82.7,30.3,Struggle
INT_01889,8.6,8.4,83.3,65.0,
INT_01890,10.0,7.1,84.3,53.1,Average
INT_01891,11.6,7.7,93.6,65.3,Average
INT_01892,10.0,9.1,95.7,62.8,Average
INT_01893,8.7,,87.2,45.5,
INT_01894,9.7,6.0,87.4,45.5,Average
INT_01895,9.7,4.6,91.7,48.8,Average
INT_01896,8.9,6.7,92.5,52.7,Average
INT_01897,9.2,9.5,,81.8,Excel
INT_01898,14.8,7.3,77.7,42.0,Struggle
INT_01899,11.7,5.5,88.2,48.1,Average
INT_01900,9.1,6.8,79.5,55.1,Average
INT_01901,12.1,5.3,87.6,40.3,Struggle
INT_01902,9.0,,86.2,46.0,Average
INT_01903,13.5,8.1,87.6,45.9,Average
INT_01904,11.1,,81.6,43.0,Struggle
INT_01905,9.7,9.2,,68.4,Average
INT_01906,11.3,7.4,71.2,38.1,Struggle
INT_01907,5.3,7.6,87.0,63.0,Average
INT_01908,,7.1,84.6,63.4,Average
INT_01909,6.4,8.7,,74.2,Average
INT_01910,10.4,8.7,98.6,,Average
INT_01911,15.2,8.0,81.1,45.4,Average
INT_01912,,8.3,99.3,47.7,Average
INT_01913,11.9,7.2,100.0,67.9,Average
INT_01914,11.5,8.3,72.4,46.3,Average
INT_01915,4.6,7.0,88.7,70.9,Average
INT_01916,8.4,7.5,84.8,61.2,Average
INT_01917,7.6,7.1,64.7,56.0,Average
INT_01918,8.1,6.8,76.4,48.0,Average
INT_01919,,6.5,94.2,57.4,Average
INT_01920,8.6,8.2,100.0,64.8,Average
INT_01921,4.1,9.5,95.2,79.1,Excel
INT_01922,12.2,9.3,90.6,72.0,Average
INT_01923,6.8,5.6,,43.3,
INT_01924,10.7,9.4,100.0,77.1,Excel
INT_01925,16.2,7.0,100.0,55.7,Average
INT_01926,7.2,8.4,83.3,73.3,Average
INT_01927,2.4,6.1,72.0,53.5,Average
INT_01928,,7.7,71.2,44.8,Struggle
INT_01929,13.3,8.0,98.6,64.8,Average
INT_01930,15.9,5.3,87.6,39.2,Struggle
INT_01931,6.3,8.4,89.5,70.9,
INT_01932,11.5,9.5,73.7,58.2,Average
INT_01933,8.6,,82.0,54.6,Average
INT_01934,9.7,9.5,85.6,76.5,Excel
INT_01935,17.9,7.2,89.7,49.0,Average
INT_01936,5.5,8.8,84.8,,Average
INT_01937,10.8,4.2,79.7,22.0,Struggle
INT_01938,11.4,10.0,81.7,,Excel
INT_01939,13.3,9.7,97.7,73.0,Average
INT_01940,10.3,7.1,90.0,58.7,Average
INT_01941,,4.5,92.9,36.1,Struggle
INT_01942,8.8,7.9,80.8,63.9,Average
INT_01943,10.8,5.3,64.4,35.2,Struggle
INT_01944,9.0,8.2,83.8,65.9,Average
INT_01945,11.9,8.1,81.1,66.0,Average
INT_01946,8.9,6.1,,52.0,Average
INT_01947,11.1,9.2,100.0,74.3,Average
INT_01948,9.9,8.7,93.6,72.7,Average
INT_01949,13.4,9.0,100.0,72.1,Average
INT_01950,9.8,7.5,92.6,64.0,Average
INT_01951,4.7,5.4,83.0,,Average
INT_01952,,9.0,90.8,65.3,Average
INT_01953,7.3,7.1,100.0,67.2,Average
INT_01954,,5.4,100.0,52.8,Average
INT_01955,8.2,9.5,83.4,75.2,Excel
INT_01956,14.1,10.0,90.0,64.3,
INT_01957,,7.4,76.6,60.0,Average
INT_01958,19.4,10.0,94.6,46.6,Average
INT_01959,13.2,7.6,100.0,,Average
INT_01960,10.7,6.9,88.3,57.6,Average
INT_01961,9.8,6.6,,49.9,Average
INT_01962,10.9,10.0,,72.9,Average
INT_01963,11.6,6.3,91.3,34.2,Struggle
INT_01964,11.9,8.6,88.6,59.7,Average
INT_01965,11.7,6.7,89.4,,Average
INT_01966,10.3,6.8,86.6,58.8,Average
INT_01967,9.4,9.0,96.0,79.7,Excel
INT_01968,9.5,6.9,93.9,60.9,Average
INT_01969,9.4,6.9,80.1,59.6,Average
INT_01970,13.4,9.2,79.9,58.1,Average
INT_01971,11.8,9.9,86.0,77.6,Excel
INT_01972,2.0,8.5,93.9,84.3,Excel
INT_01973,12.0,6.5,89.2,44.6,Struggle
INT_01974,10.6,6.7,82.9,44.7,Struggle
INT_01975,9.9,7.6,90.1,55.9,Average
INT_01976,8.8,,85.4,67.7,Average
INT_01977,13.4,6.0,95.0,42.2,Struggle
INT_01978,12.8,,90.7,57.1,Average
INT_01979,7.7,7.6,85.5,68.0,Average
INT_01980,11.2,4.9,89.9,42.1,Struggle
INT_01981,7.1,6.1,98.5,67.4,Average
INT_01982,5.9,6.7,83.4,63.4,Average
INT_01983,8.1,7.4,91.2,60.5,Average
INT_01984,12.6,10.0,87.4,71.9,
INT_01985,12.9,7.9,91.4,58.9,Average
INT_01986,11.5,6.2,82.8,39.7,Struggle
INT_01987,,7.8,88.9,51.8,Average
INT_01988,11.5,7.0,96.9,54.0,Average
INT_01989,8.1,8.0,80.5,74.3,
INT_01990,11.3,8.4,77.4,54.9,Average
INT_01991,12.4,9.3,77.7,68.5,Average
INT_01992,12.3,7.5,78.6,46.9,Average
INT_01993,13.6,10.0,92.8,77.0,Excel
INT_01994,12.1,8.9,76.8,63.6,Average
INT_01995,11.1,6.4,85.6,54.1,Average
INT_01996,13.2,10.0,92.9,75.4,Excel
INT_01997,9.9,8.0,91.3,72.8,Average
INT_01998,7.4,,84.9,56.9,Average
INT_01999,9.5,10.0,89.5,88.4,Excel
INT_02000,7.8,10.0,88.9,73.3,Average
INT_02001,8.0,7.5,86.2,64.6,Average
INT_02002,9.6,6.7,86.3,56.0,Average
INT_02003,7.6,7.2,100.0,64.4,Average
INT_02004,9.1,8.6,94.5,76.0,Excel
INT_02005,4.3,9.4,100.0,83.3,Excel
INT_02006,10.6,8.4,84.0,58.5,Average
INT_02007,10.0,7.7,87.3,49.3,Average
INT_02008,7.5,9.7,77.3,83.2,Excel
INT_02009,12.0,7.0,81.5,47.5,Average
INT_02010,12.8,9.0,100.0,83.4,Excel
INT_02011,5.2,7.1,83.8,69.0,Average
INT_02012,7.7,8.1,100.0,78.2,Excel
INT_02013,7.7,7.3,78.1,54.6,Average
INT_02014,7.2,7.4,79.6,54.5,Average
INT_02015,12.5,6.9,85.3,52.0,
INT_02016,9.4,9.5,87.5,74.3,Average
INT_02017,9.2,,95.4,50.4,Average
INT_02018,4.0,6.4,91.6,58.1,Average
INT_02019,,10.0,84.7,66.0,Average
INT_02020,6.3,,86.9,87.3,Excel
INT_02021,10.2,3.9,85.4,45.4,Average
INT_02022,10.8,6.7,80.7,49.2,Average
INT_02023,14.1,4.8,80.9,29.2,Struggle
INT_02024,6.1,6.1,96.2,60.7,Average
INT_02025,2.0,2.8,73.4,30.3,Struggle
INT_02026,10.6,7.3,100.0,71.5,
INT_02027,15.4,5.8,85.3,45.4,Average
INT_02028,13.7,7.6,81.8,44.2,Struggle
INT_02029,10.6,5.1,93.9,44.3,Struggle
INT_02030,8.5,7.6,99.9,67.8,Average
INT_02031,12.4,6.9,96.9,53.0,Average
INT_02032,7.1,9.8,92.0,90.4,Excel
INT_02033,11.4,9.6,96.7,69.0,Average
INT_02034,11.5,8.7,74.3,59.7,Average
INT_02035,13.2,7.0,83.8,51.4,Average
INT_02036,18.3,10.0,80.7,55.0,Average
INT_02037,11.2,5.2,,51.5,Average
INT_02038,8.5,5.4,84.9,47.4,
INT_02039,,7.4,94.8,69.6,Average
INT_02040,4.7,10.0,92.3,82.1,Excel
INT_02041,7.9,7.2,81.1,56.2,
INT_02042,8.8,7.2,83.3,57.4,Average
INT_02043,8.4,5.3,,38.9,Struggle
INT_02044,10.5,8.9,81.8,59.2,Average
INT_02045,7.5,8.9,89.0,70.9,Average
INT_02046,13.4,8.7,81.7,62.8,Average
INT_02047,10.0,6.6,85.5,47.8,Average
INT_02048,10.0,6.4,87.6,47.7,Average
INT_02049,9.0,5.6,81.7,49.4,Average
INT_02050,10.5,7.6,80.3,46.4,Average
INT_02051,12.5,5.9,90.3,33.0,Struggle
INT_02052,7.4,5.7,81.2,47.1,Average
INT_02053,8.0,6.9,81.5,47.8,Average
INT_02054,,6.8,80.5,44.5,Struggle
INT_02055,6.0,6.7,87.4,65.4,Average
INT_02056,7.5,8.2,95.5,78.8,Excel
INT_02057,,7.6,100.0,74.6,Average
INT_02058,,7.1,82.2,54.2,Average
INT_02059,10.8,7.8,100.0,73.6,Average
INT_02060,10.6,6.0,80.0,31.9,Struggle
INT_02061,12.6,7.7,96.7,62.8,Average
INT_02062,9.6,,82.2,56.0,Average
INT_02063,11.2,5.2,81.0,33.6,Struggle
INT_02064,9.7,9.0,82.0,70.6,Average
INT_02065,10.8,6.2,87.6,39.0,Struggle
INT_02066,8.3,7.6,92.6,57.2,Average
INT_02067,2.7,,93.4,93.7,Excel
INT_02068,9.6,8.9,80.4,68.8,Average
INT_02069,14.3,7.6,80.1,47.5,Average
INT_02070,12.8,7.0,80.7,41.2,Struggle
INT_02071,12.9,8.9,87.1,67.2,Average
INT_02072,13.7,8.5,86.3,,Average
INT_02073,10.3,6.6,80.4,49.0,Average
INT_02074,10.6,6.3,,44.9,Struggle
INT_02075,8.1,4.4,100.0,46.3,Average
INT_02076,9.1,7.7,84.0,,Average
INT_02077,11.8,7.4,84.5,60.5,Average
INT_02078,13.6,9.2,92.5,64.7,Average
INT_02079,9.6,8.0,83.5,60.5,Average
INT_02080,8.6,,93.4,78.6,Excel
INT_02081,10.0,6.5,82.3,50.8,Average
INT_02082,11.8,9.2,100.0,71.3,Average
INT_02083,5.7,6.7,90.8,48.7,Average
INT_02084,3.1,8.7,83.0,86.1,Excel
INT_02085,8.3,5.3,83.3,55.3,
INT_02086,6.3,7.9,83.9,64.1,Average
INT_02087,8.5,4.5,99.0,42.4,Struggle
INT_02088,9.6,7.1,77.8,51.5,
INT_02089,8.6,8.2,82.7,63.2,Average
INT_02090,14.4,6.7,83.5,48.2,Average
INT_02091,11.0,5.9,87.9,47.0,Average
INT_02092,10.9,8.8,85.8,61.1,Average
INT_02093,11.9,7.3,76.1,40.8,Struggle
INT_02094,6.6,6.8,84.8,64.8,Average
INT_02095,13.1,7.6,87.2,56.6,Average
INT_02096,9.8,10.0,83.0,80.7,Excel
INT_02097,12.0,9.2,93.5,65.3,Average
INT_02098,6.8,9.2,95.4,92.9,Excel
INT_02099,5.3,8.2,87.4,64.0,Average
INT_02100,12.5,7.7,89.8,61.3,Average
INT_02101,11.1,3.9,70.7,12.1,Struggle
INT_02102,7.3,6.5,84.6,52.0,Average
INT_02103,7.4,6.8,96.0,73.3,Average
INT_02104,13.4,4.7,,35.9,Struggle
INT_02105,,5.8,82.1,48.8,Average
INT_02106,14.9,4.5,100.0,32.6,Struggle
INT_02107,7.3,7.4,100.0,72.2,Average
INT_02108,11.9,8.7,91.7,69.2,Average
INT_02109,9.0,9.2,97.1,85.4,Excel
INT_02110,11.8,8.1,70.2,47.8,Average
INT_02111,8.4,6.1,81.7,40.6,Struggle
INT_02112,9.5,4.6,84.2,39.4,Struggle
INT_02113,10.1,4.9,86.1,37.5,Struggle
INT_02114,7.0,5.6,84.1,43.3,Struggle
INT_02115,12.2,6.2,67.6,36.1,Struggle
INT_02116,8.5,7.3,91.1,61.8,Average
INT_02117,9.3,6.0,92.3,54.7,Average
INT_02118,7.0,8.0,100.0,71.2,Average
INT_02119,2.3,7.2,81.7,72.6,Average
INT_02120,9.4,7.5,81.0,49.8,
INT_02121,17.2,9.2,66.6,40.0,Struggle
INT_02122,,5.7,85.7,39.8,Struggle
INT_02123,9.9,8.1,95.2,77.9,Excel
INT_02124,9.2,,83.1,62.9,Average
INT_02125,10.1,7.0,100.0,68.8,Average
INT_02126,11.6,8.8,85.9,72.3,Average
INT_02127,6.5,8.8,89.2,97.0,Excel
INT_02128,13.3,6.1,77.1,37.0,Struggle
INT_02129,12.1,7.2,90.3,62.5,Average
INT_02130,12.2,7.9,72.2,55.0,Average
INT_02131,11.3,7.1,93.5,62.8,Average
INT_02132,10.1,8.4,93.8,78.8,Excel
INT_02133,12.0,7.9,98.9,62.2,Average
INT_02134,11.8,10.0,79.8,66.1,Average
INT_02135,8.9,5.2,89.3,48.5,Average
INT_02136,,7.3,92.5,63.6,Average
INT_02137,10.3,6.1,91.5,53.4,Average
INT_02138,14.6,8.4,81.1,61.2,Average
INT_02139,6.3,5.1,68.9,37.3,Struggle
INT_02140,5.6,8.0,90.8,72.4,Average
INT_02141,10.5,6.6,86.8,52.4,Average
INT_02142,10.2,6.4,83.5,48.0,Average
INT_02143,10.5,5.3,94.1,36.3,Struggle
INT_02144,10.7,6.8,87.6,49.9,Average
INT_02145,9.3,9.1,77.4,70.4,Average
INT_02146,14.5,7.5,72.5,49.5,Average
INT_02147,5.2,8.4,79.0,64.9,Average
INT_02148,7.5,10.0,100.0,82.5,Excel
INT_02149,9.7,7.9,93.8,66.5,Average
INT_02150,5.1,6.7,,53.5,Average
INT_02151,9.5,8.2,,62.4,Average
INT_02152,,6.7,86.0,32.9,Struggle
INT_02153,10.1,6.7,97.3,67.2,Average
INT_02154,10.7,5.2,84.1,36.0,Struggle
INT_02155,,8.9,,89.1,Excel
INT_02156,8.2,6.9,85.2,,Average
INT_02157,8.9,7.8,100.0,67.1,Average
INT_02158,9.0,5.9,93.9,48.3,Average
INT_02159,13.8,8.2,98.0,,Average
INT_02160,11.7,6.4,,45.1,Average
INT_02161,6.7,7.3,96.5,71.9,Average
INT_02162,10.7,8.8,85.5,61.6,Average
INT_02163,11.5,8.7,88.9,69.5,Average
INT_02164,13.4,7.5,100.0,60.5,Average
INT_02165,14.7,4.8,79.7,24.8,Struggle
INT_02166,7.0,10.0,89.6,80.4,Excel
INT_02167,7.6,10.0,91.5,83.1,Excel
INT_02168,6.2,8.6,92.2,72.9,Average
INT_02169,9.3,6.4,84.4,51.7,Average
INT_02170,11.4,7.3,100.0,62.8,
INT_02171,13.0,6.7,77.6,43.6,Struggle
INT_02172,9.8,9.4,99.7,89.7,Excel
INT_02173,9.0,7.9,97.7,69.2,Average
INT_02174,10.5,,100.0,62.9,Average
INT_02175,7.5,6.8,75.3,54.3,Average
INT_02176,16.3,9.2,81.0,53.2,Average
INT_02177,5.2,9.9,99.9,92.5,Excel
INT_02178,10.6,9.8,73.0,65.9,Average
INT_02179,16.1,8.6,75.1,49.4,Average
INT_02180,,7.1,84.1,49.5,Average
INT_02181,9.4,2.6,89.5,19.8,Struggle
INT_02182,,,100.0,75.4,Excel
INT_02183,9.5,7.5,86.5,65.0,Average
INT_02184,14.1,7.7,83.1,54.0,Average
INT_02185,3.4,,90.5,76.4,Excel
INT_02186,14.6,,91.8,42.7,Struggle
INT_02187,5.7,8.3,91.5,80.4,Excel
INT_02188,9.2,8.4,86.6,71.6,Average
INT_02189,8.7,8.5,72.4,56.1,Average
INT_02190,11.8,8.9,80.7,55.7,Average
INT_02191,5.2,8.4,99.4,80.2,Excel
INT_02192,11.4,6.9,89.5,53.3,Average
INT_02193,16.1,7.4,85.4,43.5,Struggle
INT_02194,5.9,7.6,96.9,63.8,Average
INT_02195,10.6,7.7,79.0,64.2,Average
INT_02196,8.0,9.0,,71.8,Average
INT_02197,11.3,,,65.4,
INT_02198,10.1,10.0,84.5,82.0,Excel
INT_02199,8.1,10.0,88.8,68.6,Average
INT_02200,11.5,7.6,86.5,53.8,Average
INT_02201,15.4,1.7,,0.0,Struggle
INT_02202,9.4,9.4,89.5,72.8,Average
INT_02203,12.2,,77.4,42.7,Struggle
INT_02204,6.1,6.3,89.3,68.3,Average
INT_02205,7.1,6.9,99.0,71.4,Average
INT_02206,,6.8,85.8,,Average
INT_02207,14.5,8.4,78.6,51.9,Average
INT_02208,11.1,5.2,87.0,32.9,Struggle
INT_02209,9.1,5.9,81.3,35.2,Struggle
INT_02210,10.0,8.0,92.8,57.5,Average
INT_02211,6.2,8.4,86.8,,Excel
INT_02212,11.8,8.5,100.0,69.5,Average
INT_02213,12.6,6.3,97.3,50.0,Average
INT_02214,8.6,6.0,86.8,49.6,Average
INT_02215,8.6,6.7,93.7,71.8,Average
INT_02216,10.8,7.9,84.9,54.2,Average
INT_02217,8.7,9.7,88.3,83.3,Excel
INT_02218,9.8,4.4,85.1,37.2,Struggle
INT_02219,16.3,7.2,94.1,47.4,Average
INT_02220,9.3,5.5,99.5,60.3,Average
INT_02221,8.9,5.0,94.4,56.4,Average
INT_02222,8.1,9.0,95.4,76.7,Excel
INT_02223,12.2,8.3,95.4,69.3,Average
INT_02224,9.5,8.2,92.4,70.1,Average
INT_02225,8.1,8.9,78.9,,Average
INT_02226,14.0,6.8,100.0,54.3,Average
INT_02227,14.3,6.9,100.0,49.2,Average
INT_02228,8.2,10.0,86.1,78.2,Excel
INT_02229,4.4,7.1,85.0,64.0,Average
INT_02230,13.0,8.6,92.9,68.9,Average
INT_02231,,7.5,92.4,66.0,Average
INT_02232,12.4,4.7,86.4,27.4,Struggle
INT_02233,4.1,4.4,78.0,41.1,Struggle
INT_02234,12.7,6.6,90.4,31.7,Struggle
INT_02235,6.4,9.1,92.4,78.1,Excel
INT_02236,,8.7,93.8,66.8,
INT_02237,,8.9,90.8,70.0,
INT_02238,7.1,6.0,85.8,65.2,Average
INT_02239,8.8,9.9,96.0,86.8,Excel
INT_02240,12.1,,,48.6,Average
INT_02241,10.3,7.8,84.3,50.1,Average
INT_02242,11.8,7.5,86.6,53.1,Average
INT_02243,15.9,7.2,74.0,35.1,Struggle
INT_02244,5.3,9.5,86.5,78.3,Excel
INT_02245,14.9,6.4,93.5,40.9,Struggle
INT_02246,10.3,,90.7,36.4,Struggle
INT_02247,7.3,7.5,100.0,65.2,Average
INT_02248,6.0,6.9,85.9,67.6,Average
INT_02249,9.4,,91.9,79.7,Excel
INT_02250,12.8,8.5,94.3,61.7,Average
INT_02251,9.6,6.9,100.0,62.9,Average
INT_02252,14.5,5.9,89.2,46.4,Average
INT_02253,5.6,4.7,79.6,44.6,Struggle
INT_02254,10.0,6.0,94.8,55.9,Average
INT_02255,6.2,7.7,100.0,70.8,Average
INT_02256,11.1,9.6,85.4,67.5,Average
INT_02257,12.7,9.2,94.7,71.6,Average
INT_02258,8.7,7.8,,80.8,Excel
INT_02259,2.2,7.0,96.1,85.2,
INT_02260,10.6,7.9,89.0,65.1,Average
INT_02261,11.3,6.7,82.4,49.3,Average
INT_02262,11.2,10.0,87.3,82.1,Excel
INT_02263,13.7,7.2,91.7,56.5,Average
INT_02264,,7.4,95.3,56.8,Average
INT_02265,12.0,,90.7,28.0,Struggle
INT_02266,13.6,7.2,85.0,50.4,Average
INT_02267,4.7,8.8,92.4,72.1,Average
INT_02268,11.0,5.9,94.9,45.4,
INT_02269,8.5,6.4,91.0,52.9,Average
INT_02270,9.8,8.7,81.3,63.4,Average
INT_02271,11.0,5.3,86.5,39.7,Struggle
INT_02272,8.5,9.1,95.6,76.5,Excel
INT_02273,8.0,6.7,76.9,,Average
INT_02274,10.1,6.9,71.3,44.7,Struggle
INT_02275,6.7,5.8,100.0,59.4,Average
INT_02276,6.7,8.1,92.1,65.3,Average
INT_02277,12.0,10.0,92.9,81.3,
INT_02278,6.6,8.7,79.4,66.6,Average
INT_02279,12.0,,93.9,43.8,Struggle
INT_02280,,9.2,90.2,71.1,Average
INT_02281,4.8,7.0,75.3,55.9,Average
INT_02282,8.0,9.6,99.4,81.8,Excel
INT_02283,13.6,,89.3,,Average
INT_02284,7.1,3.1,84.8,31.6,Struggle
INT_02285,8.6,6.0,85.0,63.4,
INT_02286,11.4,8.9,71.9,57.3,Average
INT_02287,12.4,7.7,92.7,62.5,Average
INT_02288,9.2,6.0,90.1,41.0,Struggle
INT_02289,8.2,6.5,86.4,51.2,Average
INT_02290,14.3,,98.2,30.6,Struggle
INT_02291,,7.4,76.9,36.5,Struggle
INT_02292,12.9,10.0,83.2,70.7,Average
INT_02293,10.3,8.7,81.2,69.6,Average
INT_02294,7.6,10.0,85.8,82.9,Excel
INT_02295,7.5,8.8,88.5,73.2,Average
INT_02296,11.6,9.0,91.4,65.6,Average
INT_02297,11.3,10.0,85.2,79.2,Excel
INT_02298,14.2,8.1,81.0,62.5,Average
INT_02299,12.0,7.2,100.0,61.1,Average
INT_02300,5.5,9.0,100.0,91.9,Excel
INT_02301,13.2,9.7,89.1,70.9,Average
INT_02302,7.0,6.8,81.9,61.8,Average
INT_02303,8.8,,99.8,,Average
INT_02304,10.8,7.7,76.4,50.5,Average
INT_02305,16.0,8.7,85.3,56.6,Average
INT_02306,19.3,8.7,82.4,52.2,Average
INT_02307,11.8,5.4,78.7,31.4,Struggle
INT_02308,9.5,,85.8,65.7,Average
INT_02309,11.6,6.5,81.1,43.1,Struggle
INT_02310,12.7,7.1,88.1,57.1,Average
INT_02311,9.0,6.1,88.2,43.6,Struggle
INT_02312,15.4,10.0,83.0,56.6,Average
INT_02313,10.7,7.9,85.0,60.0,Average
INT_02314,11.5,6.2,86.2,46.1,Average
INT_02315,12.0,8.8,94.5,71.5,Average
INT_02316,11.3,8.7,86.8,57.6,Average
INT_02317,12.5,7.2,94.6,54.4,Average
INT_02318,8.1,8.8,92.7,81.7,Excel
INT_02319,,6.3,92.6,50.5,Average
INT_02320,6.7,6.8,99.1,75.9,
INT_02321,11.3,4.5,79.0,25.1,Struggle
INT_02322,12.3,5.5,84.2,43.7,Struggle
INT_02323,11.4,10.0,100.0,78.9,Excel
INT_02324,15.0,,85.9,58.9,Average
INT_02325,10.0,7.6,65.5,45.2,Average
INT_02326,12.0,10.0,86.4,75.0,Excel
INT_02327,6.7,,89.1,65.5,Average
INT_02328,8.8,7.1,67.1,,Average
INT_02329,12.1,7.6,,69.9,Average
INT_02330,12.5,7.3,82.3,43.4,Struggle
INT_02331,9.1,7.2,90.6,53.8,Average
INT_02332,9.8,9.2,86.2,63.9,Average
INT_02333,5.4,7.7,77.7,60.1,Average
INT_02334,8.9,8.6,79.4,70.8,Average
INT_02335,12.7,9.0,80.5,,Average
INT_02336,11.7,8.1,96.7,62.0,Average
INT_02337,11.5,6.0,86.8,45.8,Average
INT_02338,10.1,5.5,83.8,50.8,
INT_02339,10.0,7.7,80.5,67.7,Average
INT_02340,8.0,7.2,97.6,68.9,Average
INT_02341,12.1,7.6,99.7,48.0,Average
INT_02342,11.3,7.5,97.5,63.9,Average
INT_02343,11.5,10.0,91.9,81.5,Excel
INT_02344,8.4,5.5,90.3,,Average
INT_02345,3.5,4.5,78.3,51.1,Average
INT_02346,13.3,8.0,,57.2,Average
INT_02347,8.6,6.9,82.5,48.9,Average
INT_02348,7.4,8.0,,55.4,Average
INT_02349,12.1,8.4,96.5,64.4,Average
INT_02350,8.8,9.4,82.4,78.4,Excel
INT_02351,13.2,5.2,97.6,38.4,Struggle
INT_02352,11.9,6.7,95.1,56.5,Average
INT_02353,12.1,8.1,92.5,64.1,Average
INT_02354,5.9,8.7,92.9,87.9,Excel
INT_02355,13.6,10.0,83.1,66.6,Average
INT_02356,10.8,8.9,100.0,65.0,Average
INT_02357,8.9,7.4,88.3,65.3,Average
INT_02358,10.4,6.2,90.4,62.8,Average
INT_02359,4.7,6.7,,66.1,Average
INT_02360,11.2,6.6,80.6,42.5,Struggle
INT_02361,6.9,8.5,91.8,69.1,Average
INT_02362,5.9,7.9,89.7,66.6,Average
INT_02363,5.4,5.5,81.7,63.1,Average
INT_02364,13.3,6.8,76.5,40.0,Struggle
INT_02365,8.1,8.8,77.8,,Average
INT_02366,14.6,8.0,97.6,58.3,Average
INT_02367,8.4,8.4,83.1,64.5,Average
INT_02368,4.9,8.1,85.3,81.7,Excel
INT_02369,6.7,9.9,99.6,84.5,Excel
INT_02370,13.7,7.9,79.0,56.0,Average
INT_02371,9.5,6.9,82.2,54.1,Average
INT_02372,8.4,6.1,81.8,56.9,Average
INT_02373,10.5,7.9,100.0,76.8,Excel
INT_02374,11.5,3.8,100.0,38.3,Struggle
INT_02375,13.4,7.2,94.0,52.4,Average
INT_02376,14.3,7.2,94.3,52.4,Average
INT_02377,8.9,,,44.6,Struggle
INT_02378,6.0,6.1,100.0,55.8,
INT_02379,8.8,8.7,90.1,80.6,
INT_02380,10.8,7.8,94.8,65.7,Average
INT_02381,7.1,7.7,87.2,59.9,Average
INT_02382,7.1,8.0,85.9,56.2,Average
INT_02383,11.0,7.6,100.0,52.3,Average
INT_02384,9.9,9.4,92.3,79.7,Excel
INT_02385,10.1,7.7,99.6,63.8,Average
INT_02386,7.7,5.3,,47.9,Average
INT_02387,,9.9,81.2,77.1,Excel
INT_02388,7.2,8.1,83.3,,Average
INT_02389,12.7,6.6,88.8,51.5,Average
INT_02390,,5.6,83.0,37.9,Struggle
INT_02391,,8.1,79.1,70.0,Average
INT_02392,7.2,7.3,97.6,60.9,Average
INT_02393,,9.9,,78.6,Excel
INT_02394,8.0,7.0,89.1,64.2,
INT_02395,9.7,6.2,90.4,49.0,Average
INT_02396,,8.8,83.3,82.3,Excel
INT_02397,7.2,8.9,99.6,94.7,Excel
INT_02398,7.0,7.8,79.1,66.5,Average
INT_02399,10.6,8.5,90.1,75.0,Average
INT_02400,10.2,7.4,90.0,,Average
INT_02401,,7.9,87.6,63.5,Average
INT_02402,10.5,9.2,77.6,66.1,Average
INT_02403,8.4,8.4,95.0,84.8,Excel
INT_02404,9.2,7.2,93.9,60.1,Average
INT_02405,15.0,9.5,82.6,54.6,Average
INT_02406,14.0,4.0,93.7,23.5,Struggle
INT_02407,6.1,10.0,91.0,85.7,Excel
INT_02408,12.5,4.9,77.8,25.4,Struggle
INT_02409,12.4,,81.2,53.6,Average
INT_02410,6.6,7.4,97.1,72.8,Average
INT_02411,12.5,7.3,90.5,59.9,Average
INT_02412,,9.0,83.5,56.4,Average
INT_02413,6.6,5.9,81.1,45.6,Average
INT_02414,7.2,7.9,,58.6,Average
INT_02415,,6.6,84.4,40.3,Struggle
INT_02416,10.8,7.9,81.2,59.3,Average
INT_02417,11.7,7.4,74.1,50.8,Average
INT_02418,11.0,7.6,97.1,67.0,
INT_02419,11.2,6.7,95.8,47.6,Average
INT_02420,6.0,6.7,77.8,57.1,Average
INT_02421,13.1,7.9,89.1,51.1,Average
INT_02422,13.5,8.9,80.8,,Average
INT_02423,9.3,6.6,85.9,56.4,Average
INT_02424,9.9,6.2,85.2,42.9,Struggle
INT_02425,,8.4,84.6,79.2,Excel
INT_02426,11.5,7.5,100.0,,Excel
INT_02427,11.7,8.7,84.5,67.5,Average
INT_02428,9.8,6.1,81.5,46.2,Average
INT_02429,13.4,4.8,81.9,29.0,Struggle
INT_02430,9.0,6.7,96.4,59.8,
INT_02431,11.7,6.4,74.8,36.6,Struggle
INT_02432,6.9,,81.9,63.3,Average
INT_02433,9.9,6.5,99.6,53.3,Average
INT_02434,9.5,8.6,90.0,,Average
INT_02435,10.7,,89.5,57.4,Average
INT_02436,8.9,7.7,100.0,70.4,Average
INT_02437,9.6,7.7,,60.1,Average
INT_02438,12.5,7.8,82.3,46.3,Average
INT_02439,8.7,7.5,85.7,62.6,
INT_02440,,8.3,78.9,64.6,Average
INT_02441,15.2,6.3,98.0,45.3,Average
INT_02442,14.1,9.6,92.6,78.1,Excel
INT_02443,6.1,7.1,97.0,74.0,Average
INT_02444,12.1,5.5,97.7,39.5,Struggle
INT_02445,8.5,7.8,84.7,55.9,Average
INT_02446,10.8,6.2,80.4,45.8,Average
INT_02447,10.9,8.5,87.6,,Average
INT_02448,9.3,10.0,81.0,63.6,Average
INT_02449,7.6,6.3,89.3,60.1,Average
INT_02450,7.9,8.0,97.1,74.4,Average
INT_02451,7.3,4.9,86.7,48.9,Average
INT_02452,7.5,8.2,89.2,71.8,Average
INT_02453,9.8,6.2,87.2,50.1,Average
INT_02454,7.9,6.6,94.4,57.6,Average
INT_02455,12.0,5.8,82.7,43.9,Struggle
INT_02456,14.5,8.6,70.4,56.8,Average
INT_02457,8.3,9.0,91.8,73.2,Average
INT_02458,10.7,7.5,95.9,57.2,Average
INT_02459,11.5,6.2,91.6,43.3,Struggle
INT_02460,11.4,9.9,82.9,65.7,
INT_02461,10.2,6.4,78.9,47.5,Average
INT_02462,12.2,4.3,92.0,22.8,Struggle
INT_02463,11.4,8.2,,,Average
INT_02464,6.3,5.8,87.0,59.0,Average
INT_02465,12.6,9.0,100.0,61.3,Average
INT_02466,12.7,6.9,80.4,40.5,Struggle
INT_02467,7.7,8.4,100.0,78.0,Excel
INT_02468,10.1,9.6,88.3,,Average
INT_02469,12.0,5.7,73.3,37.6,Struggle
INT_02470,9.4,6.7,86.6,53.6,Average
INT_02471,13.2,7.4,95.7,63.5,Average
INT_02472,17.1,9.8,85.1,57.6,Average
INT_02473,7.6,6.5,76.2,45.8,Average
INT_02474,5.9,6.6,86.7,55.5,Average
INT_02475,10.9,8.2,81.1,63.1,Average
INT_02476,12.2,6.6,91.9,,Average
INT_02477,9.3,7.7,94.2,69.8,Average
INT_02478,14.4,5.2,79.5,33.2,Struggle
INT_02479,6.0,10.0,,71.1,Average
INT_02480,12.1,5.5,94.1,38.4,Struggle
INT_02481,8.2,7.0,81.1,50.7,Average
INT_02482,15.2,7.5,79.3,39.3,Struggle
INT_02483,16.0,,78.6,57.1,Average
INT_02484,7.7,5.5,90.8,57.8,Average
INT_02485,8.4,,90.5,88.6,
INT_02486,12.6,8.6,,57.6,Average
INT_02487,8.8,8.1,88.0,65.1,Average
INT_02488,9.9,6.0,100.0,52.5,Average
INT_02489,10.1,8.4,,61.7,Average
INT_02490,4.2,6.4,72.4,56.6,Average
INT_02491,10.0,9.4,91.6,79.6,
INT_02492,7.9,6.0,87.1,57.9,Average
INT_02493,8.5,7.3,82.3,45.7,
INT_02494,14.3,6.7,93.2,47.0,Average
INT_02495,6.2,6.0,94.7,68.8,Average
INT_02496,12.4,8.6,70.3,50.1,Average
INT_02497,9.2,8.3,82.8,70.5,Average
INT_02498,9.2,9.3,100.0,79.1,Excel
INT_02499,12.4,4.8,92.7,39.8,Struggle
INT_02500,11.0,9.1,93.4,65.4,Average
INT_02501,11.7,10.0,97.4,72.7,Average
INT_02502,,6.8,88.1,53.1,Average
INT_02503,9.0,10.0,94.4,87.7,Excel
INT_02504,8.2,7.1,93.7,64.2,Average
INT_02505,6.7,5.4,92.3,47.8,Average
INT_02506,7.5,7.0,85.4,60.5,Average
INT_02507,18.8,9.1,89.4,60.0,Average
INT_02508,13.7,6.2,83.3,50.3,Average
INT_02509,5.9,6.6,88.1,60.2,Average
INT_02510,6.0,8.4,78.7,59.8,Average
INT_02511,11.4,7.5,81.7,57.9,Average
INT_02512,11.6,8.4,85.7,59.6,Average
INT_02513,11.6,7.9,80.5,59.8,Average
INT_02514,9.2,,84.0,65.7,Average
INT_02515,9.6,6.9,86.7,50.4,Average
INT_02516,11.0,7.8,91.2,62.2,Average
INT_02517,10.3,6.1,95.6,61.0,Average
INT_02518,3.3,9.4,84.3,84.2,Excel
INT_02519,9.3,6.5,98.7,54.7,Average
INT_02520,7.4,9.2,95.5,72.2,Average
INT_02521,10.5,7.1,92.0,54.2,Average
INT_02522,19.0,7.8,89.2,41.6,Struggle
INT_02523,11.1,6.8,90.6,,Average
INT_02524,9.1,6.0,97.5,50.1,Average
INT_02525,12.8,4.9,97.8,49.9,Average
INT_02526,11.4,5.9,98.7,44.2,Struggle
INT_02527,11.3,7.0,88.3,66.9,Average
INT_02528,11.8,7.8,92.4,,Average
INT_02529,16.2,9.0,98.7,64.2,Average
INT_02530,6.6,6.8,83.0,50.2,Average
INT_02531,11.4,6.2,85.5,,Average
INT_02532,7.2,,88.1,48.4,Average
INT_02533,11.7,8.2,95.2,58.2,Average
INT_02534,7.2,9.6,95.3,85.6,Excel
INT_02535,8.7,9.4,86.2,70.0,Average
INT_02536,9.1,8.6,75.9,58.3,Average
INT_02537,12.9,8.5,90.0,60.3,Average
INT_02538,12.8,10.0,80.7,64.1,Average
INT_02539,6.3,8.0,76.1,75.9,Excel
INT_02540,10.2,8.5,77.9,57.5,Average
INT_02541,7.9,7.0,90.6,64.7,Average
INT_02542,,5.5,98.9,60.3,Average
INT_02543,9.3,6.5,88.3,56.1,Average
INT_02544,9.1,7.5,89.7,64.9,Average
INT_02545,17.3,7.6,97.5,55.4,Average
INT_02546,11.3,10.0,75.6,,Average
INT_02547,5.9,7.6,92.2,72.8,Average
INT_02548,8.3,9.3,87.9,75.9,Excel
INT_02549,13.1,6.8,92.5,50.6,Average
INT_02550,16.3,7.0,84.1,36.2,
INT_02551,5.2,5.5,81.5,51.8,Average
INT_02552,4.4,6.4,89.1,65.7,Average
INT_02553,15.6,8.3,100.0,62.4,Average
INT_02554,11.2,7.5,94.9,62.2,Average
INT_02555,7.4,8.9,83.9,71.5,Average
INT_02556,,7.8,77.3,52.0,Average
INT_02557,2.1,7.0,74.5,,Average
INT_02558,10.0,10.0,98.5,84.7,Excel
INT_02559,11.0,7.4,80.4,51.2,Average
INT_02560,12.8,9.2,85.4,65.7,Average
INT_02561,7.0,6.9,98.6,73.4,Average
INT_02562,10.3,8.6,75.1,55.5,Average
INT_02563,7.2,8.9,,85.2,Excel
INT_02564,10.8,7.8,86.0,59.4,Average
INT_02565,7.3,,78.8,46.9,Average
INT_02566,8.8,7.5,86.0,60.2,Average
INT_02567,7.0,9.3,82.2,79.5,Excel
INT_02568,,8.3,91.5,63.2,Average
INT_02569,12.6,8.2,82.8,48.4,Average
INT_02570,9.3,4.9,72.7,31.8,Struggle
INT_02571,10.1,6.4,,55.9,Average
INT_02572,5.7,8.1,77.1,64.7,Average
INT_02573,9.1,8.1,89.6,54.5,Average
INT_02574,9.8,9.3,78.5,67.3,Average
INT_02575,17.9,7.3,84.1,33.6,Struggle
INT_02576,6.7,8.1,89.5,72.5,Average
INT_02577,14.4,7.5,86.3,58.4,Average
INT_02578,13.0,6.0,90.0,48.6,Average
INT_02579,10.8,4.1,93.4,46.0,
INT_02580,15.3,8.1,78.7,44.9,Struggle
INT_02581,11.1,7.8,87.5,58.1,Average
INT_02582,11.2,6.6,61.4,30.2,Struggle
INT_02583,9.8,5.1,90.0,40.5,Struggle
INT_02584,13.7,8.4,85.6,52.2,Average
INT_02585,13.3,7.1,80.1,38.4,Struggle
INT_02586,8.1,8.3,90.5,78.5,Excel
INT_02587,6.0,10.0,97.4,79.0,Excel
INT_02588,9.4,4.3,84.2,44.2,Struggle
INT_02589,7.6,6.5,80.4,60.2,Average
INT_02590,,7.2,89.3,61.5,Average
INT_02591,13.7,9.7,77.3,,Average
INT_02592,,5.0,82.7,33.8,
INT_02593,9.9,10.0,97.8,79.8,Excel
INT_02594,10.2,7.7,88.5,64.6,Average
INT_02595,,7.4,73.0,45.1,Average
INT_02596,3.3,7.2,73.6,57.9,Average
INT_02597,8.2,,89.3,66.1,Average
INT_02598,10.6,9.1,94.9,82.6,Excel
INT_02599,13.6,5.9,75.1,32.6,Struggle
INT_02600,8.5,8.0,91.6,69.0,Average
INT_02601,4.4,6.9,98.6,65.0,Average
INT_02602,11.9,6.4,100.0,52.3,Average
INT_02603,8.1,10.0,90.6,85.4,Excel
INT_02604,6.4,8.1,,75.8,Excel
INT_02605,8.1,8.4,70.9,57.7,Average
INT_02606,9.4,9.2,,77.9,Excel
INT_02607,8.2,5.4,83.4,43.6,Struggle
INT_02608,3.4,10.0,80.5,85.3,Excel
INT_02609,12.7,3.7,86.0,,Struggle
INT_02610,13.8,6.3,100.0,39.5,Struggle
INT_02611,12.0,6.8,100.0,57.1,Average
INT_02612,6.6,8.4,89.0,75.5,Excel
INT_02613,9.4,7.8,96.0,64.6,Average
INT_02614,10.0,7.2,88.3,55.6,Average
INT_02615,11.8,,79.7,48.7,Average
INT_02616,12.0,6.0,99.8,49.3,Average
INT_02617,7.8,5.3,83.0,46.0,Average
INT_02618,10.2,8.6,100.0,74.2,Average
INT_02619,11.4,8.5,,,Average
INT_02620,14.4,9.9,92.9,73.5,Average
INT_02621,12.1,6.3,100.0,52.2,Average
INT_02622,,8.5,100.0,79.5,Excel
INT_02623,10.3,7.1,86.6,48.8,Average
INT_02624,14.2,9.3,81.5,54.9,Average
INT_02625,,9.0,73.1,58.4,Average
INT_02626,7.4,,100.0,76.3,Excel
INT_02627,14.2,7.0,84.5,34.6,Struggle
INT_02628,12.1,8.9,97.1,65.8,Average
INT_02629,8.7,8.5,82.1,69.3,Average
INT_02630,8.6,6.5,100.0,57.0,Average
INT_02631,,5.5,82.4,48.5,Average
INT_02632,11.4,7.1,78.5,46.0,Average
INT_02633,10.6,9.8,86.3,68.4,Average
INT_02634,10.9,9.2,83.7,70.8,Average
INT_02635,15.1,5.8,92.8,49.1,Average
INT_02636,13.2,5.7,87.6,42.9,Struggle
INT_02637,10.6,9.4,93.0,81.7,Excel
INT_02638,,5.8,85.7,50.0,Average
INT_02639,6.9,8.3,82.7,63.4,Average
INT_02640,11.2,6.6,83.3,53.4,Average
INT_02641,15.4,9.9,100.0,63.5,Average
INT_02642,9.3,6.3,89.8,56.4,Average
INT_02643,7.5,9.2,72.1,67.8,Average
INT_02644,8.0,7.8,83.8,70.4,Average
INT_02645,6.7,7.9,88.8,76.2,Excel
INT_02646,7.6,4.5,100.0,,Average
INT_02647,8.9,4.2,96.2,45.3,Average
INT_02648,5.8,7.2,80.6,65.0,Average
INT_02649,10.0,7.9,100.0,69.2,Average
INT_02650,12.7,5.8,87.8,41.9,Struggle
INT_02651,7.3,5.9,98.0,67.6,Average
INT_02652,14.6,8.3,78.8,59.6,Average
INT_02653,11.5,8.3,68.8,51.0,Average
INT_02654,13.1,7.3,76.7,46.9,Average
INT_02655,8.0,,62.0,58.0,Average
INT_02656,12.6,5.7,100.0,39.8,Struggle
INT_02657,6.7,7.0,89.7,62.0,Average
INT_02658,12.7,10.0,80.6,76.2,Excel
INT_02659,10.5,7.6,91.6,57.2,Average
INT_02660,11.7,7.7,89.5,70.2,Average
INT_02661,6.5,10.0,93.0,93.8,Excel
INT_02662,7.3,5.4,97.7,58.4,Average
INT_02663,11.8,8.7,85.7,,
INT_02664,7.2,10.0,81.0,74.0,Average
INT_02665,11.4,7.0,94.6,55.7,Average
INT_02666,5.9,8.8,94.4,88.9,Excel
INT_02667,12.5,6.0,88.8,41.2,Struggle
INT_02668,6.3,6.5,100.0,72.9,Average
INT_02669,11.7,8.1,84.5,50.7,Average
INT_02670,11.9,8.7,80.8,53.5,Average
INT_02671,7.9,9.2,91.3,88.3,Excel
INT_02672,11.7,9.9,82.6,69.4,Average
INT_02673,10.8,7.4,92.0,56.6,Average
INT_02674,8.4,9.3,81.3,79.5,Excel
INT_02675,7.0,7.0,84.8,67.6,Average
INT_02676,4.1,8.9,100.0,93.3,Excel
INT_02677,11.0,7.8,84.8,54.7,Average
INT_02678,,8.2,81.6,69.0,Average
INT_02679,10.3,8.1,97.4,70.5,Average
INT_02680,9.2,5.1,79.6,43.8,Struggle
INT_02681,12.0,5.8,82.5,,Struggle
INT_02682,9.1,7.7,92.6,66.2,Average
INT_02683,9.0,5.0,95.5,49.9,Average
INT_02684,12.2,,97.8,76.4,Excel
INT_02685,11.0,8.8,82.0,67.6,Average
INT_02686,10.9,8.0,92.8,55.4,Average
INT_02687,11.4,5.8,84.3,41.8,Struggle
INT_02688,5.4,9.6,83.2,75.9,Excel
INT_02689,12.3,10.0,97.6,80.9,Excel
INT_02690,11.8,7.7,83.6,60.1,Average
INT_02691,6.9,8.3,90.2,73.2,
INT_02692,9.3,7.8,,62.6,Average
INT_02693,9.9,8.3,79.4,61.1,Average
INT_02694,9.6,7.3,95.7,64.8,Average
INT_02695,11.0,7.4,92.5,56.2,Average
INT_02696,14.3,8.9,72.1,44.6,Struggle
INT_02697,,10.0,90.2,60.2,Average
INT_02698,6.1,5.4,81.8,57.0,Average
INT_02699,11.9,7.3,96.8,62.4,
INT_02700,14.0,5.7,76.4,34.7,Struggle
INT_02701,11.2,9.9,85.1,79.4,Excel
INT_02702,13.3,6.6,90.9,41.4,Struggle
INT_02703,16.0,5.3,88.4,22.7,Struggle
INT_02704,13.1,8.5,94.1,65.5,Average
INT_02705,10.7,10.0,75.9,70.5,Average
INT_02706,13.1,8.5,100.0,57.2,Average
INT_02707,10.4,7.8,92.2,65.3,Average
INT_02708,10.1,8.1,98.9,67.7,Average
INT_02709,8.9,9.6,95.0,76.1,Excel
INT_02710,14.7,6.2,87.9,38.9,Struggle
INT_02711,7.5,7.3,77.7,44.4,Struggle
INT_02712,14.6,6.8,83.5,39.6,Struggle
INT_02713,11.5,,,,Average
INT_02714,5.8,7.0,99.1,74.4,Average
INT_02715,11.1,9.2,83.0,65.4,Average
INT_02716,3.7,8.3,65.5,69.8,Average
INT_02717,11.9,8.5,86.3,47.4,Average
INT_02718,12.7,7.7,,49.8,Average
INT_02719,8.2,8.3,86.0,70.9,Average
INT_02720,10.4,6.3,92.2,51.2,Average
INT_02721,15.9,7.0,95.0,52.9,Average
INT_02722,8.5,7.8,95.9,59.3,Average
INT_02723,6.8,7.9,91.6,75.3,Excel
INT_02724,14.4,8.0,73.6,42.2,Struggle
INT_02725,15.9,7.3,85.3,40.4,
INT_02726,10.0,6.9,100.0,68.0,Average
INT_02727,,10.0,91.0,78.9,Excel
INT_02728,,8.9,90.9,,Average
INT_02729,7.8,8.1,90.9,81.7,
INT_02730,8.5,7.2,91.3,69.3,Average
INT_02731,13.7,6.8,,32.3,Struggle
INT_02732,15.1,7.3,86.1,47.5,Average
INT_02733,11.7,7.9,87.7,57.1,Average
INT_02734,7.4,4.7,98.3,62.6,Average
INT_02735,16.0,5.1,88.4,37.3,Struggle
INT_02736,8.4,6.5,74.8,48.0,Average
INT_02737,9.0,7.8,91.4,70.8,Average
INT_02738,11.0,7.1,81.6,44.7,Struggle
INT_02739,14.7,9.7,78.3,61.4,Average
INT_02740,12.6,5.3,81.3,30.0,Struggle
INT_02741,11.2,6.4,92.3,42.3,Struggle
INT_02742,11.4,9.8,98.1,82.7,Excel
INT_02743,10.1,7.7,91.9,68.1,Average
INT_02744,11.7,8.8,93.1,70.8,Average
INT_02745,2.4,10.0,91.8,94.1,Excel
INT_02746,9.1,6.5,88.8,47.8,Average
INT_02747,10.7,7.4,93.6,53.8,Average
INT_02748,6.5,7.1,68.6,47.9,Average
INT_02749,11.2,4.6,88.9,36.1,Struggle
INT_02750,9.4,7.0,79.6,59.1,Average
INT_02751,15.3,8.8,97.3,69.0,Average
INT_02752,14.7,8.3,86.8,45.7,Average
INT_02753,8.6,8.4,88.2,65.4,Average
INT_02754,9.5,6.9,76.0,46.1,Average
INT_02755,9.8,6.5,96.1,43.8,Struggle
INT_02756,8.6,9.4,93.0,81.8,Excel
INT_02757,10.6,6.8,92.5,54.4,Average
INT_02758,7.7,7.9,81.5,63.3,Average
INT_02759,6.6,7.7,81.8,72.6,Average
INT_02760,11.9,9.7,89.8,72.6,Average
INT_02761,11.9,9.0,82.4,60.5,Average
INT_02762,7.6,5.6,91.5,56.4,Average
INT_02763,12.7,5.7,70.7,38.0,Struggle
INT_02764,8.1,8.4,84.1,69.2,Average
INT_02765,10.8,7.4,100.0,68.0,
INT_02766,12.5,6.8,91.5,51.0,Average
INT_02767,9.9,9.0,89.3,70.8,Average
INT_02768,11.4,7.8,100.0,66.2,
INT_02769,8.5,7.6,69.3,48.9,Average
INT_02770,9.4,8.7,81.5,62.3,Average
INT_02771,9.4,6.9,84.8,63.0,Average
INT_02772,7.8,9.9,94.9,95.8,Excel
INT_02773,9.5,6.3,95.0,65.4,Average
INT_02774,5.4,8.5,81.1,,Average
INT_02775,8.5,9.7,96.0,74.3,Average
INT_02776,9.1,5.4,84.8,38.7,Struggle
INT_02777,9.2,7.0,97.7,63.9,Average
INT_02778,9.3,9.2,79.7,52.9,Average
INT_02779,9.8,9.2,87.0,68.4,Average
INT_02780,11.4,7.2,84.1,60.6,Average
INT_02781,12.6,6.4,96.4,56.8,Average
INT_02782,8.1,8.9,83.8,68.6,Average
INT_02783,6.4,9.3,87.7,77.0,Excel
INT_02784,6.9,5.8,92.1,59.5,Average
INT_02785,8.5,5.7,92.4,57.9,Average
INT_02786,8.9,7.8,95.1,65.3,Average
INT_02787,7.7,8.4,89.7,70.8,Average
INT_02788,6.1,7.1,84.7,59.7,Average
INT_02789,8.6,8.5,85.2,60.7,Average
INT_02790,10.5,6.4,88.2,50.1,Average
INT_02791,11.8,4.3,90.0,33.4,Struggle
INT_02792,8.3,6.9,86.8,51.1,Average
INT_02793,8.8,7.6,88.2,66.7,Average
INT_02794,7.2,7.1,,58.6,Average
INT_02795,9.9,5.8,93.3,54.7,Average
INT_02796,7.5,4.8,89.4,42.6,Struggle
INT_02797,11.7,6.7,96.0,44.2,Struggle
INT_02798,4.6,8.8,88.0,82.9,Excel
INT_02799,8.9,9.4,74.1,63.7,Average
INT_02800,10.9,9.3,85.1,63.7,Average
INT_02801,10.6,6.3,86.4,42.2,Struggle
INT_02802,18.1,5.8,93.9,32.6,Struggle
INT_02803,11.0,8.2,71.4,,Average
INT_02804,7.0,8.5,88.3,70.0,Average
INT_02805,9.7,8.1,92.1,60.7,Average
INT_02806,4.7,4.5,82.7,50.5,Average
INT_02807,9.8,6.2,88.6,52.5,Average
INT_02808,7.5,7.5,83.0,50.1,Average
INT_02809,12.7,8.2,82.2,59.5,Average
INT_02810,8.4,8.7,84.7,81.2,Excel
INT_02811,9.6,7.7,82.3,44.3,Struggle
INT_02812,8.1,8.0,93.5,63.3,Average
INT_02813,15.2,7.6,82.1,30.6,Struggle
INT_02814,9.0,8.5,80.8,64.5,Average
INT_02815,15.5,8.0,100.0,,Average
INT_02816,12.4,7.6,95.7,60.2,Average
INT_02817,11.4,7.1,73.1,53.4,Average
INT_02818,11.1,7.6,81.9,59.5,Average
INT_02819,11.2,8.2,89.9,72.9,Average
INT_02820,4.2,7.9,90.6,82.5,Excel
INT_02821,9.2,8.1,76.1,56.6,Average
INT_02822,12.5,9.5,97.3,74.0,Average
INT_02823,9.9,7.9,94.6,61.7,Average
INT_02824,,6.5,91.9,62.6,Average
INT_02825,9.8,8.8,98.9,75.7,Excel
INT_02826,15.1,5.5,91.6,36.3,Struggle
INT_02827,13.7,5.9,91.6,50.1,Average
INT_02828,9.8,8.0,,68.5,Average
INT_02829,12.9,8.3,96.8,,Average
INT_02830,8.9,5.6,,40.5,Struggle
INT_02831,4.9,6.9,93.1,72.9,Average
INT_02832,7.2,6.6,,48.4,Average
INT_02833,14.7,6.8,92.0,46.0,Average
INT_02834,9.2,8.9,91.8,,Excel
INT_02835,9.3,8.6,76.9,64.1,Average
INT_02836,9.1,7.5,87.0,60.5,Average
INT_02837,15.7,,90.1,,
INT_02838,14.9,5.5,84.5,27.8,Struggle
INT_02839,16.7,9.6,90.5,57.3,Average
INT_02840,9.5,8.4,,69.4,Average
INT_02841,10.9,6.4,87.8,51.9,Average
INT_02842,5.5,8.6,89.8,83.0,Excel
INT_02843,14.4,,99.1,56.4,Average
INT_02844,6.5,7.1,91.8,73.7,Average
INT_02845,10.7,8.2,89.6,72.8,Average
INT_02846,6.7,6.4,80.3,59.0,Average
INT_02847,8.2,7.0,93.4,69.7,Average
INT_02848,,7.7,90.6,62.2,Average
INT_02849,8.2,6.8,98.3,57.7,
INT_02850,8.4,,88.4,73.2,Average
INT_02851,8.4,10.0,,65.0,Average
INT_02852,12.5,6.4,74.4,37.5,Struggle
INT_02853,6.7,5.0,93.9,56.9,Average
INT_02854,10.7,4.5,83.4,42.8,Struggle
INT_02855,13.7,7.3,91.5,51.1,Average
INT_02856,8.5,6.5,88.9,52.9,Average
INT_02857,7.8,7.8,86.7,67.5,Average
INT_02858,,7.7,87.2,56.2,Average
INT_02859,13.5,5.1,81.1,30.8,Struggle
INT_02860,10.6,4.8,87.9,39.5,Struggle
INT_02861,8.4,7.9,83.3,63.4,Average
INT_02862,11.5,7.7,85.0,57.0,Average
INT_02863,6.7,6.9,85.4,56.1,Average
INT_02864,12.0,5.0,86.2,,Struggle
INT_02865,11.2,8.2,95.4,62.1,Average
INT_02866,9.1,9.4,87.0,65.4,Average
INT_02867,7.5,7.9,96.2,74.4,Average
INT_02868,,6.2,100.0,68.1,Average
INT_02869,11.6,7.6,94.8,,Average
INT_02870,13.7,5.5,92.3,38.7,Struggle
INT_02871,8.1,9.1,90.6,71.7,Average
INT_02872,11.4,7.6,94.9,65.7,Average
INT_02873,3.7,4.8,,58.3,Average
INT_02874,8.2,7.0,95.9,65.9,Average
INT_02875,9.9,8.2,92.9,77.2,Excel
INT_02876,7.3,7.0,85.1,60.2,
INT_02877,7.2,7.1,95.2,65.3,Average
INT_02878,8.0,5.7,,49.3,Average
INT_02879,10.9,8.3,,54.7,
INT_02880,9.4,,84.2,55.7,Average
INT_02881,3.3,4.3,89.3,51.4,Average
INT_02882,3.6,6.9,96.0,76.4,Excel
INT_02883,8.2,9.0,95.1,88.0,Excel
INT_02884,,6.9,90.8,52.2,Average
INT_02885,,10.0,92.8,83.5,
INT_02886,8.5,8.1,98.2,,Excel
INT_02887,8.4,8.0,86.8,66.8,Average
INT_02888,14.2,7.3,79.1,40.7,Struggle
INT_02889,8.8,7.4,98.4,69.5,Average
INT_02890,11.1,7.1,83.8,56.6,Average
INT_02891,10.4,7.0,82.5,,Average
INT_02892,3.6,8.3,73.6,69.0,Average
INT_02893,12.3,6.1,92.6,55.9,Average
INT_02894,10.6,5.9,75.0,35.9,Struggle
INT_02895,11.5,5.8,82.0,41.9,Struggle
INT_02896,21.8,10.0,92.7,40.6,Struggle
INT_02897,3.7,8.3,93.8,73.3,Average
INT_02898,15.2,8.0,82.8,50.1,Average
INT_02899,9.1,5.9,86.9,,Average
INT_02900,10.9,8.4,81.0,53.0,Average
INT_02901,9.9,7.3,83.6,56.8,Average
INT_02902,8.7,7.8,90.1,63.7,Average
INT_02903,8.3,6.0,84.0,56.2,Average
INT_02904,11.0,7.7,86.0,51.5,Average
INT_02905,5.4,,76.3,60.7,Average
INT_02906,12.3,6.4,97.1,48.5,Average
INT_02907,8.8,8.6,92.1,73.5,Average
INT_02908,6.6,5.2,,,Average
INT_02909,8.6,8.3,98.3,72.8,Average
INT_02910,13.8,8.5,81.4,58.0,Average
INT_02911,8.4,6.2,85.1,,Average
INT_02912,11.1,6.3,72.8,39.8,Struggle
INT_02913,7.8,7.2,100.0,66.7,Average
INT_02914,12.3,7.9,86.8,57.7,Average
INT_02915,,7.3,96.3,59.7,Average
INT_02916,15.5,8.2,78.1,41.7,Struggle
INT_02917,9.5,10.0,96.0,80.7,Excel
INT_02918,12.0,6.7,100.0,51.1,Average
INT_02919,10.3,4.9,87.5,40.7,Struggle
INT_02920,13.9,8.7,79.9,52.4,Average
INT_02921,7.8,10.0,86.9,85.3,Excel
INT_02922,12.2,8.1,70.2,53.0,Average
INT_02923,9.4,5.9,87.7,44.3,Struggle
INT_02924,9.8,7.3,94.6,62.5,Average
INT_02925,10.3,5.8,87.7,50.9,Average
INT_02926,10.8,8.5,,62.6,Average
INT_02927,9.7,5.5,92.2,44.7,Struggle
INT_02928,10.6,7.0,92.8,51.9,
INT_02929,14.7,6.0,74.7,36.7,Struggle
INT_02930,13.0,7.7,88.7,60.3,Average
INT_02931,12.6,7.0,100.0,56.0,Average
INT_02932,8.6,7.8,77.3,62.8,Average
INT_02933,7.3,7.5,87.3,48.7,Average
INT_02934,12.9,6.0,100.0,57.5,
INT_02935,12.6,8.4,96.8,64.8,Average
INT_02936,14.4,7.4,83.9,48.5,Average
INT_02937,8.2,6.0,89.6,52.3,Average
INT_02938,9.3,10.0,88.0,86.3,Excel
INT_02939,5.1,8.2,82.0,65.7,Average
INT_02940,8.8,7.3,87.4,68.5,Average
INT_02941,13.0,9.6,85.8,69.2,
INT_02942,8.6,10.0,88.9,84.0,Excel
INT_02943,11.9,7.3,82.0,49.0,Average
INT_02944,9.4,8.0,77.8,51.6,Average
INT_02945,11.0,6.0,87.7,,Average
INT_02946,6.6,7.3,,73.8,Average
INT_02947,10.3,7.2,88.7,65.1,Average
INT_02948,2.0,7.8,85.3,75.8,Excel
INT_02949,9.4,8.0,94.0,65.4,Average
INT_02950,5.1,8.3,86.7,82.8,Excel
INT_02951,13.6,7.9,100.0,72.0,Average
INT_02952,12.3,5.7,88.0,42.3,Struggle
INT_02953,11.4,6.1,93.6,46.0,Average
INT_02954,14.6,6.7,82.0,45.7,Average
INT_02955,7.2,7.1,92.0,63.6,Average
INT_02956,15.2,,90.2,64.3,Average
INT_02957,12.8,5.8,87.5,40.1,Struggle
INT_02958,9.3,7.0,84.0,64.0,Average
INT_02959,13.4,8.9,82.9,,Average
INT_02960,6.7,7.1,90.3,67.5,Average
INT_02961,7.5,8.2,93.0,69.8,Average
INT_02962,8.2,7.3,87.0,60.0,Average
INT_02963,8.4,7.9,90.3,64.7,Average
INT_02964,6.8,7.2,,67.9,Average
INT_02965,13.7,8.5,88.8,64.6,Average
INT_02966,9.2,5.2,86.4,,Average
INT_02967,11.1,7.0,88.1,53.2,Average
INT_02968,8.3,7.9,100.0,73.9,Average
INT_02969,,8.3,90.5,83.1,Excel
INT_02970,10.8,9.7,93.2,81.7,Excel
INT_02971,4.3,6.9,,54.6,Average
INT_02972,9.8,9.7,85.9,,Average
INT_02973,5.9,6.5,98.4,66.0,Average
INT_02974,16.0,,85.7,63.6,Average
INT_02975,12.7,8.7,96.4,66.9,Average
INT_02976,10.3,6.1,85.3,52.1,
INT_02977,13.8,8.0,80.3,44.8,Struggle
INT_02978,7.5,7.4,90.9,67.6,Average
INT_02979,11.6,8.4,79.2,63.0,Average
INT_02980,10.6,7.2,92.3,50.3,
INT_02981,10.8,7.0,78.4,63.6,Average
INT_02982,13.8,9.6,85.4,71.3,Average
INT_02983,,7.4,76.5,47.8,Average
INT_02984,10.9,8.7,100.0,68.6,Average
INT_02985,5.0,7.2,74.8,59.4,Average
INT_02986,7.1,10.0,88.1,83.7,Excel
INT_02987,,6.5,97.1,61.0,Average
INT_02988,10.3,6.6,96.3,65.7,Average
INT_02989,6.6,9.8,94.8,83.9,Excel
INT_02990,17.2,6.8,,41.7,Struggle
INT_02991,14.5,9.9,98.8,65.8,Average
INT_02992,11.8,8.8,95.3,67.0,
INT_02993,10.2,7.3,89.7,60.7,Average
INT_02994,9.4,4.8,89.9,47.1,
INT_02995,7.1,7.5,85.6,60.0,Average
INT_02996,10.2,7.7,80.7,53.8,Average
INT_02997,10.8,9.3,97.9,84.0,Excel
INT_02998,6.3,9.9,98.5,96.4,Excel
INT_02999,11.0,6.5,80.9,47.7,Average
INT_03000,9.5,8.7,86.8,55.9,Average
INT_03001,4.3,8.6,,93.0,Excel
INT_03002,7.4,9.1,87.7,76.1,Excel
INT_03003,8.8,8.2,88.5,66.1,Average
INT_03004,15.7,4.6,95.6,29.0,Struggle
INT_03005,,7.3,82.0,53.4,Average
INT_03006,6.0,5.8,81.2,54.4,Average
INT_03007,11.5,7.2,97.9,65.4,Average
INT_03008,5.4,9.0,84.3,,Average
INT_03009,13.2,8.0,77.9,48.8,Average
INT_03010,8.6,9.2,84.1,83.8,Excel
INT_03011,9.7,8.0,85.4,63.7,Average
INT_03012,14.0,5.6,100.0,43.6,Struggle
INT_03013,6.1,3.7,95.4,,Struggle
INT_03014,5.8,7.7,97.2,78.0,Excel
INT_03015,8.2,7.2,94.6,70.6,Average
INT_03016,13.1,6.0,95.6,52.1,Average
INT_03017,5.4,4.9,82.5,47.0,Average
INT_03018,2.0,6.4,86.4,69.9,Average
INT_03019,8.6,7.2,80.1,65.4,Average
INT_03020,11.7,8.5,86.3,68.3,Average
INT_03021,13.6,7.8,93.5,52.9,Average
INT_03022,8.6,9.9,89.1,65.9,Average
INT_03023,8.8,5.9,98.5,59.0,Average
INT_03024,13.5,8.8,78.9,61.1,Average
INT_03025,,7.6,92.0,68.1,Average
INT_03026,8.8,8.5,78.0,63.8,Average
INT_03027,10.6,6.8,88.8,52.9,Average
INT_03028,11.3,9.1,93.9,72.0,Average
INT_03029,8.5,7.9,,62.0,Average
INT_03030,10.1,6.5,92.4,62.1,Average
INT_03031,2.5,7.5,80.3,71.8,Average
INT_03032,8.0,7.1,74.7,49.1,Average
INT_03033,11.4,8.2,92.5,69.6,Average
INT_03034,7.1,5.7,100.0,53.2,Average
INT_03035,10.2,7.5,80.0,61.8,Average
INT_03036,11.3,8.1,97.8,72.0,Average
INT_03037,9.0,7.5,88.3,70.2,Average
INT_03038,10.5,9.5,,65.9,Average
INT_03039,7.1,8.7,78.9,66.1,Average
INT_03040,9.4,7.5,,61.5,Average
INT_03041,11.8,7.8,84.8,55.9,Average
INT_03042,10.5,7.9,77.5,52.4,Average
INT_03043,8.2,8.1,74.4,57.0,Average
INT_03044,10.7,4.8,81.2,33.5,Struggle
INT_03045,12.1,7.0,,46.5,Average
INT_03046,3.9,5.3,87.9,60.8,Average
INT_03047,13.5,9.4,84.0,63.3,Average
INT_03048,,7.4,89.6,60.4,Average
INT_03049,11.3,7.2,96.3,53.5,Average
INT_03050,13.6,8.8,91.2,56.9,
INT_03051,5.9,8.1,87.0,83.0,Excel
INT_03052,7.9,5.8,95.4,53.0,Average
INT_03053,9.1,7.4,80.3,59.9,Average
INT_03054,7.6,7.0,86.2,61.1,Average
INT_03055,,4.9,86.4,14.3,Struggle
INT_03056,7.4,6.5,78.1,62.4,Average
INT_03057,8.3,7.2,84.6,63.2,Average
INT_03058,10.6,7.3,71.4,43.7,Struggle
INT_03059,6.4,5.3,100.0,58.3,Average
INT_03060,8.8,9.2,,63.7,Average
INT_03061,11.0,7.3,100.0,73.5,Average
INT_03062,9.0,7.6,88.3,57.3,Average
INT_03063,9.7,,92.5,64.1,Average
INT_03064,8.4,6.3,84.1,48.6,Average
INT_03065,5.5,8.2,89.7,75.4,Excel
INT_03066,11.0,6.9,93.2,64.4,Average
INT_03067,15.3,6.2,93.3,52.3,Average
INT_03068,10.1,8.4,94.2,66.8,Average
INT_03069,10.7,9.7,,74.4,Average
INT_03070,12.1,8.6,84.2,61.3,Average
INT_03071,6.2,8.9,75.2,,Average
INT_03072,15.1,6.7,92.2,59.5,Average
INT_03073,10.6,5.1,96.7,54.2,Average
INT_03074,14.9,9.7,100.0,72.8,Average
INT_03075,7.8,10.0,90.4,91.9,Excel
INT_03076,,9.8,81.9,67.8,Average
INT_03077,12.3,7.0,74.4,44.3,Struggle
INT_03078,11.7,5.8,96.3,50.7,Average
INT_03079,10.7,5.9,73.6,47.6,Average
INT_03080,9.3,5.0,85.3,,Struggle
INT_03081,13.6,7.3,86.2,59.4,Average
INT_03082,10.4,9.9,87.4,74.1,Average
INT_03083,4.1,,88.3,79.2,Excel
INT_03084,6.6,8.0,89.1,70.5,Average
INT_03085,9.4,9.6,68.7,66.4,Average
INT_03086,10.9,6.9,88.1,53.5,Average
INT_03087,9.8,10.0,70.2,64.6,Average
INT_03088,13.7,10.0,93.9,71.3,Average
INT_03089,4.1,7.3,83.6,75.8,Excel
INT_03090,10.4,6.6,70.7,30.3,Struggle
INT_03091,4.5,8.5,81.5,67.9,Average
INT_03092,12.3,7.0,83.4,44.8,Struggle
INT_03093,9.7,5.8,,47.6,Average
INT_03094,11.3,9.4,89.6,79.8,Excel
INT_03095,7.4,9.3,90.8,86.4,Excel
INT_03096,13.8,7.7,97.4,61.9,Average
INT_03097,13.1,5.6,87.2,36.1,Struggle
INT_03098,11.8,5.7,94.0,54.0,Average
INT_03099,9.6,7.7,93.5,55.9,Average
INT_03100,11.7,6.8,77.7,57.1,Average
INT_03101,7.9,7.0,99.8,63.4,Average
INT_03102,12.6,9.0,76.6,57.3,Average
INT_03103,14.9,8.6,95.3,58.8,Average
INT_03104,13.2,9.6,75.9,54.7,Average
INT_03105,7.8,6.0,,67.4,Average
INT_03106,11.1,7.0,100.0,65.0,Average
INT_03107,6.1,8.6,,81.6,Excel
INT_03108,11.7,,85.9,52.9,Average
INT_03109,11.4,9.8,92.9,76.6,Excel
INT_03110,4.4,8.1,85.4,77.3,Excel
INT_03111,6.5,10.0,100.0,92.6,Excel
INT_03112,9.2,8.3,89.5,61.6,Average
INT_03113,9.1,9.1,85.4,77.3,Excel
INT_03114,6.4,7.0,83.7,62.2,Average
INT_03115,11.2,7.5,80.5,48.0,Average
INT_03116,10.8,8.9,83.0,54.6,Average
INT_03117,9.4,9.9,85.2,79.6,Excel
INT_03118,7.7,8.6,84.1,83.6,Excel
INT_03119,13.1,7.4,82.7,43.7,Struggle
INT_03120,15.0,9.6,100.0,71.4,Average
INT_03121,8.5,4.2,79.8,41.5,Struggle
INT_03122,8.2,5.4,89.2,42.3,Struggle
INT_03123,,8.5,92.7,63.8,Average
INT_03124,8.9,7.5,93.0,60.2,Average
INT_03125,9.6,8.4,87.5,72.2,Average
INT_03126,,7.6,86.1,62.1,Average
INT_03127,4.3,,91.6,80.6,Excel
INT_03128,14.0,6.3,90.1,39.5,Struggle
INT_03129,10.2,8.4,85.9,61.6,Average
INT_03130,8.8,9.0,75.5,62.2,Average
INT_03131,9.7,9.3,84.3,65.5,Average
INT_03132,9.9,10.0,78.8,71.7,Average
INT_03133,4.8,7.9,82.7,73.4,Average
INT_03134,14.5,7.9,88.3,56.1,Average
INT_03135,10.1,5.2,90.9,45.1,Average
INT_03136,11.3,,100.0,58.4,
INT_03137,12.9,7.2,83.7,48.9,Average
INT_03138,6.9,9.1,94.2,73.3,Average
INT_03139,11.4,6.6,90.4,52.7,Average
INT_03140,9.2,8.7,98.4,72.3,Average
INT_03141,12.5,7.5,92.6,49.5,Average
INT_03142,3.6,7.2,79.9,68.8,Average
INT_03143,9.7,7.9,74.2,51.9,Average
INT_03144,8.2,6.9,90.5,62.1,Average
INT_03145,11.3,,83.8,,Average
INT_03146,11.4,4.9,80.2,29.3,Struggle
INT_03147,7.9,7.1,,56.5,Average
INT_03148,7.9,6.8,89.3,49.8,
INT_03149,9.7,6.7,100.0,70.3,Average
INT_03150,7.3,8.1,84.7,60.3,Average
INT_03151,,8.5,92.7,61.1,Average
INT_03152,8.9,7.8,87.2,71.5,
INT_03153,2.0,9.0,77.7,,Excel
INT_03154,8.9,8.4,93.9,64.7,Average
INT_03155,6.9,7.1,79.2,62.3,Average
INT_03156,5.1,6.8,88.2,69.1,Average
INT_03157,,8.0,85.3,65.7,Average
INT_03158,10.3,8.4,95.1,66.1,Average
INT_03159,14.0,9.6,79.5,58.9,Average
INT_03160,10.9,9.3,91.1,70.8,Average
INT_03161,8.2,6.7,81.3,43.6,Struggle
INT_03162,11.4,7.3,83.9,52.5,
INT_03163,8.6,8.5,58.9,63.4,Average
INT_03164,7.9,9.1,100.0,76.9,Excel
INT_03165,6.5,8.9,92.4,76.0,Excel
INT_03166,4.7,7.4,81.9,60.0,Average
INT_03167,8.8,5.6,79.0,47.5,Average
INT_03168,10.5,6.0,84.0,52.8,Average
INT_03169,9.7,7.9,93.7,73.0,Average
INT_03170,8.8,8.0,72.9,50.5,Average
INT_03171,7.2,5.9,86.9,56.4,Average
INT_03172,11.8,7.6,100.0,,Average
INT_03173,6.0,8.4,78.9,72.4,Average
INT_03174,12.3,5.8,88.6,45.9,Average
INT_03175,7.0,9.2,,81.6,Excel
INT_03176,7.7,6.9,93.1,64.6,Average
INT_03177,5.6,9.4,89.0,89.5,
INT_03178,8.5,6.7,92.1,61.4,Average
INT_03179,12.9,6.0,84.8,34.2,Struggle
INT_03180,11.5,6.8,98.4,55.0,Average
INT_03181,12.9,7.4,84.8,57.6,Average
INT_03182,,6.9,72.3,45.5,Average
INT_03183,6.7,7.2,84.9,63.3,
INT_03184,9.0,8.0,80.3,57.9,Average
INT_03185,7.7,7.2,85.8,68.2,Average
INT_03186,,7.4,85.9,58.8,Average
INT_03187,6.4,4.9,97.6,61.8,Average
INT_03188,12.7,8.1,93.6,69.4,Average
INT_03189,12.7,7.4,90.1,52.4,Average
INT_03190,15.5,9.9,88.0,62.3,Average
INT_03191,8.8,6.1,79.5,46.9,Average
INT_03192,12.1,4.8,70.6,,Struggle
INT_03193,16.8,8.4,88.9,60.4,Average
INT_03194,8.1,8.0,94.4,77.3,Excel
INT_03195,5.4,6.0,87.1,61.3,Average
INT_03196,4.4,5.2,83.7,45.2,Average
INT_03197,12.1,9.8,91.7,64.0,Average
INT_03198,4.4,9.6,87.3,87.3,Excel
INT_03199,8.9,3.8,100.0,47.7,Average
INT_03200,11.3,6.8,97.9,57.3,Average
INT_03201,10.6,10.0,95.7,90.9,Excel
INT_03202,11.3,6.8,94.1,49.5,Average
INT_03203,10.7,6.8,77.7,40.8,Struggle
INT_03204,13.8,7.1,93.3,48.0,Average
INT_03205,7.1,5.8,91.0,51.8,Average
INT_03206,8.0,4.9,92.9,51.8,Average
INT_03207,,9.1,91.9,75.4,Excel
INT_03208,12.5,4.7,91.6,28.7,Struggle
INT_03209,12.7,7.9,100.0,68.3,Average
INT_03210,11.4,8.8,87.4,56.0,Average
INT_03211,13.6,5.3,95.5,35.4,Struggle
INT_03212,6.5,6.1,84.2,46.3,Average
INT_03213,15.0,9.3,94.3,66.6,Average
INT_03214,14.6,8.3,95.5,61.0,Average
INT_03215,12.2,6.6,90.9,61.0,Average
INT_03216,15.3,9.3,100.0,72.9,Average
INT_03217,5.0,9.3,80.9,86.8,Excel
INT_03218,8.4,7.9,84.1,65.3,Average
INT_03219,7.8,6.1,89.7,,Average
INT_03220,12.2,6.9,95.0,55.5,Average
INT_03221,6.8,7.9,89.4,73.4,Average
INT_03222,12.3,7.2,98.3,62.7,Average
INT_03223,14.1,8.9,82.7,55.4,Average
INT_03224,12.1,5.2,78.9,37.1,Struggle
INT_03225,10.9,5.3,90.5,38.5,
INT_03226,7.0,7.8,,61.7,Average
INT_03227,,6.8,92.3,56.1,Average
INT_03228,13.7,6.6,87.8,45.4,Average
INT_03229,12.3,4.8,85.3,28.3,Struggle
INT_03230,9.9,7.5,87.4,57.5,Average
INT_03231,8.7,7.4,88.2,67.0,Average
INT_03232,3.9,8.5,85.6,72.2,Average
INT_03233,6.8,7.6,86.4,63.5,Average
INT_03234,15.7,7.3,84.8,45.0,Struggle
INT_03235,6.2,9.3,94.9,85.2,Excel
INT_03236,10.6,5.5,89.6,42.9,Struggle
INT_03237,13.0,8.3,100.0,70.1,Average
INT_03238,6.2,5.0,89.3,54.2,Average
INT_03239,10.6,6.2,83.6,53.7,Average
INT_03240,12.8,5.7,,,Average
INT_03241,10.0,8.7,91.3,66.8,Average
INT_03242,18.6,7.4,95.9,,Struggle
INT_03243,5.0,7.5,92.7,74.4,Average
INT_03244,13.2,5.8,93.0,42.2,Struggle
INT_03245,9.5,7.1,92.3,56.9,Average
INT_03246,12.3,6.4,79.2,39.5,Struggle
INT_03247,11.3,8.1,90.9,,Average
INT_03248,7.8,6.0,77.4,49.2,Average
INT_03249,10.7,9.5,86.6,63.6,Average
INT_03250,4.4,5.0,82.2,52.3,Average
INT_03251,11.8,6.3,90.9,52.9,Average
INT_03252,10.9,10.0,90.7,73.5,Average
INT_03253,11.9,6.8,91.8,64.0,
INT_03254,13.2,5.5,90.3,40.8,Struggle
INT_03255,11.1,7.8,83.1,48.3,Average
INT_03256,,6.8,85.9,51.1,Average
INT_03257,7.4,6.2,,61.0,Average
INT_03258,,5.9,96.5,60.0,Average
INT_03259,13.6,,78.8,63.2,Average
INT_03260,14.3,7.1,75.8,35.7,Struggle
INT_03261,9.3,4.6,82.2,31.8,
INT_03262,10.1,9.7,96.4,76.1,Excel
INT_03263,7.3,8.4,97.7,74.1,Average
INT_03264,13.5,6.4,80.6,34.0,Struggle
INT_03265,12.0,6.1,90.5,43.1,Struggle
INT_03266,15.8,8.5,100.0,65.0,Average
INT_03267,7.4,7.1,91.3,73.7,Average
INT_03268,8.9,4.6,99.4,52.5,Average
INT_03269,10.7,10.0,96.0,87.4,Excel
INT_03270,11.9,6.8,80.7,52.5,Average
INT_03271,9.4,9.7,86.5,80.5,Excel
INT_03272,7.4,9.4,88.3,76.8,Excel
INT_03273,12.6,6.0,88.8,45.0,Average
INT_03274,12.2,9.0,95.3,67.8,Average
INT_03275,7.3,6.5,91.3,59.3,Average
INT_03276,14.1,4.7,64.5,19.1,Struggle
INT_03277,13.5,6.9,77.5,46.1,Average
INT_03278,10.4,8.1,70.5,55.7,Average
INT_03279,10.2,6.8,89.4,54.3,Average
INT_03280,11.7,7.0,89.9,54.4,Average
INT_03281,7.4,9.2,90.3,80.8,
INT_03282,,7.7,80.3,60.1,Average
INT_03283,3.5,6.2,93.4,59.0,
INT_03284,12.6,8.6,93.7,58.8,Average
INT_03285,5.3,7.8,78.0,72.2,Average
INT_03286,14.5,3.7,76.3,17.1,Struggle
INT_03287,9.0,8.1,88.0,63.9,Average
INT_03288,9.4,8.1,100.0,70.4,Average
INT_03289,8.1,7.5,100.0,69.1,Average
INT_03290,9.1,8.8,,76.5,Excel
INT_03291,14.3,6.5,82.2,34.4,Struggle
INT_03292,2.5,8.0,95.1,82.9,Excel
INT_03293,13.8,,84.4,34.7,Struggle
INT_03294,11.0,8.1,81.9,60.7,Average
INT_03295,,10.0,70.8,76.4,Excel
INT_03296,6.8,6.0,88.8,59.4,Average
INT_03297,15.0,6.4,83.0,35.3,Struggle
INT_03298,7.2,6.4,88.8,53.4,Average
INT_03299,6.5,7.7,69.6,71.8,Average
INT_03300,13.4,5.9,89.4,40.6,Struggle
INT_03301,11.0,8.1,68.6,50.2,Average
INT_03302,7.2,8.8,96.7,83.1,Excel
INT_03303,10.6,8.3,92.2,75.2,Excel
INT_03304,6.9,4.8,85.8,43.4,
INT_03305,13.3,9.0,92.5,60.2,
INT_03306,13.2,8.9,80.2,51.6,Average
INT_03307,11.6,8.7,88.6,74.3,Average
INT_03308,11.1,8.1,94.4,59.1,Average
INT_03309,15.3,7.8,63.2,37.1,Struggle
INT_03310,10.0,9.0,84.4,63.1,Average
INT_03311,6.5,10.0,87.8,76.4,Excel
INT_03312,11.3,6.1,86.4,44.5,Struggle
INT_03313,16.3,9.1,,59.2,Average
INT_03314,7.0,7.4,79.0,56.3,Average
INT_03315,8.9,7.3,83.0,69.1,Average
INT_03316,11.2,5.2,72.7,34.9,Struggle
INT_03317,,7.1,100.0,69.0,Average
INT_03318,7.1,6.0,86.0,59.0,Average
INT_03319,13.4,6.8,84.5,45.4,Average
INT_03320,17.0,5.9,,31.1,
INT_03321,10.6,6.8,,58.0,Average
INT_03322,7.3,6.9,90.8,63.7,Average
INT_03323,5.4,7.6,100.0,74.0,Average
INT_03324,10.8,5.1,91.6,44.0,Struggle
INT_03325,13.3,5.3,84.3,31.7,Struggle
INT_03326,11.4,8.0,83.5,57.1,Average
INT_03327,10.0,6.3,84.9,47.8,Average
INT_03328,8.2,9.1,76.0,60.9,Average
INT_03329,6.7,7.8,88.3,56.0,Average
INT_03330,12.5,8.4,94.3,59.1,Average
INT_03331,12.7,9.6,83.1,76.1,Excel
INT_03332,5.4,7.0,81.5,60.9,Average
INT_03333,14.8,6.6,100.0,54.8,Average
INT_03334,11.7,8.8,76.6,47.1,Average
INT_03335,14.2,8.3,71.5,41.5,Struggle
INT_03336,6.0,7.2,78.8,53.5,Average
INT_03337,5.9,,75.7,74.8,Average
INT_03338,9.6,7.2,91.1,,Average
INT_03339,11.5,7.5,85.1,57.9,Average
INT_03340,15.4,7.5,,57.2,Average
INT_03341,,6.1,97.2,49.3,Average
INT_03342,9.3,7.6,82.5,66.6,Average
INT_03343,6.9,9.6,94.2,95.8,Excel
INT_03344,13.7,8.2,100.0,62.8,Average
INT_03345,7.1,7.5,84.4,61.1,Average
INT_03346,14.9,7.3,93.9,43.8,Struggle
INT_03347,9.1,8.0,86.1,62.2,Average
INT_03348,14.8,8.6,95.4,62.2,Average
INT_03349,12.0,8.4,75.4,66.2,Average
INT_03350,9.6,7.0,74.8,42.6,Struggle
INT_03351,8.4,8.0,84.9,65.0,Average
INT_03352,9.0,8.2,80.9,52.8,Average
INT_03353,11.3,6.0,83.9,41.9,
INT_03354,10.2,7.8,86.2,61.8,Average
INT_03355,8.2,4.3,93.8,47.0,Average
INT_03356,9.5,8.2,84.7,67.3,Average
INT_03357,10.2,,81.4,64.7,Average
INT_03358,3.6,8.6,85.2,82.5,Excel
INT_03359,11.4,6.9,81.8,49.6,Average
INT_03360,7.1,8.0,80.5,59.1,
INT_03361,6.5,9.6,75.1,64.3,Average
INT_03362,4.9,9.6,88.6,82.3,
INT_03363,4.6,7.5,83.5,67.4,Average
INT_03364,5.9,7.7,95.7,,Excel
INT_03365,7.9,9.2,76.4,68.8,
INT_03366,15.9,,83.7,28.3,Struggle
INT_03367,8.4,7.0,100.0,68.5,Average
INT_03368,10.5,9.5,80.5,66.9,Average
INT_03369,11.2,9.0,86.1,70.9,Average
INT_03370,10.4,8.1,78.3,,Average
INT_03371,9.8,,77.2,,Average
INT_03372,6.4,7.4,100.0,73.9,Average
INT_03373,14.4,6.6,89.4,47.1,Average
INT_03374,15.4,8.0,89.1,61.3,Average
INT_03375,5.0,6.3,74.4,53.4,Average
INT_03376,6.9,6.0,90.9,60.8,Average
INT_03377,9.2,4.4,97.3,38.8,Struggle
INT_03378,7.1,9.3,97.2,81.9,Excel
INT_03379,11.5,6.9,,61.8,Average
INT_03380,7.8,7.7,79.0,56.9,Average
INT_03381,16.5,7.5,90.5,46.8,Average
INT_03382,13.6,5.9,93.3,35.4,Struggle
INT_03383,10.6,5.6,73.6,48.4,Average
INT_03384,13.1,,79.0,44.9,Struggle
INT_03385,13.3,6.4,95.1,50.3,Average
INT_03386,8.3,8.0,95.0,73.8,Average
INT_03387,7.6,6.3,75.6,51.9,Average
INT_03388,10.2,10.0,94.4,87.9,Excel
INT_03389,12.6,9.0,88.8,62.6,Average
INT_03390,10.4,8.7,94.2,74.9,Average
INT_03391,5.3,7.3,82.9,71.5,Average
INT_03392,7.6,9.8,93.2,90.2,Excel
INT_03393,9.8,7.2,94.8,49.1,Average
INT_03394,9.8,7.5,85.2,55.0,Average
INT_03395,15.9,,88.1,43.6,Struggle
INT_03396,5.8,8.6,82.8,73.7,Average
INT_03397,11.5,8.5,100.0,58.7,Average
INT_03398,14.5,6.8,87.0,33.5,Struggle
INT_03399,16.8,6.7,80.6,47.9,Average
INT_03400,8.8,8.5,82.3,69.2,Average
INT_03401,11.5,,89.0,65.4,Average
INT_03402,11.7,6.9,94.0,57.4,Average
INT_03403,10.6,5.1,77.3,36.8,Struggle
INT_03404,9.7,7.2,100.0,70.4,Average
INT_03405,11.3,8.4,90.5,61.4,Average
INT_03406,,10.0,91.7,96.1,
INT_03407,12.0,5.7,87.2,43.8,Struggle
INT_03408,10.4,6.9,88.2,48.8,Average
INT_03409,9.3,6.9,86.8,63.5,Average
INT_03410,16.1,9.5,96.1,63.1,Average
INT_03411,,7.4,87.9,69.2,Average
INT_03412,8.8,6.1,94.1,56.9,Average
INT_03413,16.0,8.3,84.5,60.3,Average
INT_03414,7.5,6.9,,55.8,Average
INT_03415,8.3,5.7,81.6,40.8,Struggle
INT_03416,9.6,6.2,97.7,51.7,Average
INT_03417,12.5,10.0,81.3,68.9,Average
INT_03418,,8.1,85.4,69.6,
INT_03419,,7.7,85.5,76.4,Excel
INT_03420,8.4,7.1,85.2,46.0,Average
INT_03421,8.2,7.9,93.8,71.2,Average
INT_03422,,7.9,85.5,43.9,Struggle
INT_03423,11.3,7.9,99.2,70.8,
INT_03424,11.3,7.7,81.5,60.9,Average
INT_03425,4.7,8.8,89.4,80.5,Excel
INT_03426,13.2,7.5,81.8,50.3,Average
INT_03427,,6.0,91.4,50.2,Average
INT_03428,14.2,6.6,87.9,40.2,Struggle
INT_03429,11.3,4.5,86.8,38.0,Struggle
INT_03430,,10.0,97.5,74.3,Average
INT_03431,11.4,8.8,82.8,68.1,Average
INT_03432,,6.3,92.7,44.6,Struggle
INT_03433,11.6,7.1,81.8,45.3,Average
INT_03434,9.7,6.5,88.9,45.7,Average
INT_03435,16.8,9.8,78.4,45.9,Average
INT_03436,,5.4,,43.7,Struggle
INT_03437,11.7,7.7,87.3,54.4,Average
INT_03438,6.2,7.3,,75.2,Excel
INT_03439,6.1,8.7,,86.8,Excel
INT_03440,10.9,7.3,100.0,60.4,Average
INT_03441,10.4,4.9,89.8,38.0,Struggle
INT_03442,8.2,7.1,84.9,58.5,
INT_03443,10.4,6.0,100.0,55.6,Average
INT_03444,14.8,7.6,91.5,63.1,Average
INT_03445,12.1,9.7,82.9,76.2,Excel
INT_03446,6.6,4.9,91.8,54.3,Average
INT_03447,9.7,6.3,85.7,58.9,Average
INT_03448,7.6,6.7,72.1,49.2,Average
INT_03449,8.8,6.9,95.5,64.0,Average
INT_03450,8.8,,96.8,73.3,Average
INT_03451,8.6,,100.0,60.4,Average
INT_03452,6.2,8.1,91.4,80.5,Excel
INT_03453,9.6,6.6,86.0,55.9,Average
INT_03454,8.3,7.8,94.7,69.5,Average
INT_03455,2.0,8.7,94.8,88.3,Excel
INT_03456,16.2,6.4,100.0,37.5,Struggle
INT_03457,13.3,8.7,87.6,55.4,Average
INT_03458,8.9,7.6,86.7,63.8,
INT_03459,10.1,9.1,82.3,64.4,Average
INT_03460,6.5,7.2,92.3,66.2,Average
INT_03461,15.1,8.1,75.6,45.6,Average
INT_03462,15.7,7.4,94.2,,Average
INT_03463,,7.4,92.7,55.0,Average
INT_03464,13.1,7.9,92.7,49.7,Average
INT_03465,10.5,8.3,89.1,64.1,Average
INT_03466,6.0,5.6,100.0,65.2,
INT_03467,8.8,9.7,95.0,72.0,Average
INT_03468,10.4,4.7,83.1,36.7,Struggle
INT_03469,,6.5,83.3,54.4,Average
INT_03470,9.3,7.4,81.0,50.7,Average
INT_03471,9.7,8.1,,75.0,Average
INT_03472,9.8,9.9,80.0,70.1,Average
INT_03473,10.2,4.7,96.7,44.3,Struggle
INT_03474,6.8,6.7,98.6,66.1,Average
INT_03475,7.8,4.3,,28.3,Struggle
INT_03476,6.1,7.5,86.5,72.9,Average
INT_03477,,7.9,88.1,51.2,Average
INT_03478,,9.9,95.1,,Excel
INT_03479,13.5,7.7,100.0,63.8,Average
INT_03480,14.2,9.1,74.5,62.6,Average
INT_03481,9.1,8.4,85.5,60.3,Average
INT_03482,2.2,6.8,85.9,67.8,Average
INT_03483,8.9,5.4,76.8,48.8,Average
INT_03484,,7.9,84.1,63.4,Average
INT_03485,7.0,5.3,91.4,56.1,Average
INT_03486,8.5,9.4,85.8,69.4,Average
INT_03487,14.6,7.3,75.6,39.5,Struggle
INT_03488,12.0,9.3,100.0,73.8,Average
INT_03489,7.2,6.8,90.1,56.9,Average
INT_03490,5.2,7.9,88.9,63.7,Average
INT_03491,9.0,7.8,79.2,56.2,Average
INT_03492,9.4,7.4,90.1,69.3,Average
INT_03493,11.5,6.9,86.7,51.7,Average
INT_03494,8.4,8.1,72.9,66.4,Average
INT_03495,11.5,6.1,79.4,43.1,Struggle
INT_03496,15.8,5.7,94.4,34.3,Struggle
INT_03497,12.4,9.4,100.0,81.4,Excel
INT_03498,9.9,,90.9,70.5,Average
INT_03499,,7.6,96.8,71.8,Average
INT_03500,8.9,10.0,86.8,72.7,Average
INT_03501,,7.1,87.3,55.0,Average
INT_03502,8.1,9.5,96.7,,Excel
INT_03503,10.1,7.8,100.0,69.6,Average
INT_03504,10.2,6.0,98.4,50.0,Average
INT_03505,8.5,10.0,79.5,75.3,Excel
INT_03506,5.9,9.0,87.5,81.8,Excel
INT_03507,11.0,7.3,90.2,59.0,Average
INT_03508,9.8,8.6,85.9,69.9,Average
INT_03509,11.5,6.9,91.1,59.8,Average
INT_03510,,8.7,94.6,71.8,Average
INT_03511,,3.9,96.0,25.2,Struggle
INT_03512,7.4,6.0,100.0,61.1,Average
INT_03513,15.1,9.0,85.4,,Average
INT_03514,4.8,7.1,77.1,66.4,Average
INT_03515,11.3,7.8,90.9,54.8,Average
INT_03516,11.4,5.5,100.0,55.1,Average
INT_03517,7.6,10.0,84.2,87.5,Excel
INT_03518,11.3,9.3,93.5,72.6,Average
INT_03519,13.8,,93.6,53.1,Average
INT_03520,3.3,6.9,89.5,66.0,Average
INT_03521,11.5,9.0,88.1,64.4,Average
INT_03522,2.5,10.0,80.6,86.4,Excel
INT_03523,7.1,8.9,69.7,73.6,Average
INT_03524,14.9,10.0,79.1,61.6,
INT_03525,8.3,,84.9,,Struggle
INT_03526,,6.3,96.8,64.9,Average
INT_03527,9.4,,,52.7,Average
INT_03528,16.2,8.2,83.8,48.9,Average
INT_03529,4.5,7.8,80.9,77.3,Excel
INT_03530,6.8,7.3,93.3,72.0,Average
INT_03531,14.5,8.7,98.9,59.0,Average
INT_03532,15.6,9.3,96.5,62.6,Average
INT_03533,9.7,,92.8,48.4,Average
INT_03534,6.3,6.6,76.2,45.4,Average
INT_03535,16.3,8.7,,,Average
INT_03536,14.8,6.8,100.0,41.7,
INT_03537,12.0,6.3,97.0,57.9,Average
INT_03538,7.6,9.0,75.7,73.7,Average
INT_03539,9.9,5.6,,49.2,Average
INT_03540,,7.0,90.9,55.5,Average
INT_03541,11.0,8.0,,58.7,Average
INT_03542,,6.6,69.5,31.5,Struggle
INT_03543,12.6,8.7,88.8,57.1,Average
INT_03544,6.8,6.6,81.7,55.2,Average
INT_03545,14.1,9.6,81.7,66.2,Average
INT_03546,10.9,7.3,85.2,55.1,Average
INT_03547,12.1,8.5,86.9,69.9,Average
INT_03548,,8.6,87.9,62.6,Average
INT_03549,6.7,6.6,80.9,59.9,Average
INT_03550,9.9,4.4,86.2,28.6,Struggle
INT_03551,8.4,8.0,73.9,57.4,Average
INT_03552,5.3,7.6,90.5,65.8,Average
INT_03553,11.0,,,49.6,Average
INT_03554,17.5,7.2,85.7,36.5,Struggle
INT_03555,4.5,6.9,95.4,68.8,Average
INT_03556,9.9,10.0,79.5,78.5,Excel
INT_03557,11.9,5.3,93.7,46.2,Average
INT_03558,10.4,8.6,97.2,77.4,
INT_03559,9.7,6.6,61.5,30.8,Struggle
INT_03560,6.1,7.0,86.8,64.0,Average
INT_03561,10.7,7.0,65.0,47.5,Average
INT_03562,7.7,6.3,87.1,64.0,Average
INT_03563,3.4,8.4,87.9,70.8,Average
INT_03564,13.6,9.6,,53.8,Average
INT_03565,12.9,8.2,100.0,71.1,Average
INT_03566,10.2,7.7,90.3,60.7,Average
INT_03567,10.7,6.0,81.2,39.2,Struggle
INT_03568,13.2,8.3,99.7,56.3,Average
INT_03569,10.7,10.0,73.6,62.5,Average
INT_03570,12.7,,78.2,35.2,Struggle
INT_03571,9.1,6.9,69.6,47.8,Average
INT_03572,13.9,6.7,100.0,57.3,Average
INT_03573,11.0,6.8,90.7,47.1,Average
INT_03574,10.6,3.4,93.3,34.2,Struggle
INT_03575,6.2,8.1,90.4,78.0,Excel
INT_03576,10.9,6.2,,51.7,Average
INT_03577,7.5,5.1,88.6,39.5,Struggle
INT_03578,8.1,8.6,90.2,75.0,Average
INT_03579,,5.9,88.9,53.7,Average
INT_03580,6.8,7.0,83.1,59.3,
INT_03581,16.4,9.7,87.6,58.5,Average
INT_03582,14.0,5.4,90.2,38.4,Struggle
INT_03583,15.8,5.2,88.9,,
INT_03584,6.3,7.9,76.2,76.9,Excel
INT_03585,10.2,9.2,77.2,65.9,Average
INT_03586,6.1,5.1,96.7,64.6,Average
INT_03587,7.9,8.1,85.5,69.0,Average
INT_03588,7.2,8.4,92.7,,Average
INT_03589,13.7,4.4,79.3,26.4,
INT_03590,8.8,8.7,76.2,57.2,Average
INT_03591,13.2,8.8,81.3,60.1,Average
INT_03592,11.8,7.0,86.2,40.6,Struggle
INT_03593,16.9,9.4,82.7,50.6,Average
INT_03594,5.6,9.2,98.4,87.3,Excel
INT_03595,13.8,7.7,89.4,60.4,Average
INT_03596,13.4,6.8,100.0,62.5,Average
INT_03597,7.1,6.0,91.2,56.2,Average
INT_03598,13.0,7.4,68.7,43.2,Struggle
INT_03599,11.0,8.4,96.4,73.8,Average
INT_03600,9.3,7.0,75.9,43.7,Struggle
INT_03601,7.5,4.2,89.8,45.2,Average
INT_03602,7.8,9.4,81.8,69.4,Average
INT_03603,16.1,7.8,100.0,54.6,Average
INT_03604,10.0,6.9,99.5,59.6,
INT_03605,12.3,8.8,82.1,62.9,Average
INT_03606,7.6,9.8,87.0,83.1,Excel
INT_03607,7.7,3.3,90.0,41.4,Struggle
INT_03608,13.2,8.2,94.9,63.3,Average
INT_03609,6.0,5.4,88.2,54.4,Average
INT_03610,8.8,8.2,79.8,73.3,Average
INT_03611,10.1,7.7,82.3,49.2,
INT_03612,10.3,8.5,88.0,75.1,Excel
INT_03613,9.5,6.8,97.9,59.5,Average
INT_03614,11.2,4.7,91.4,42.8,Struggle
INT_03615,12.1,6.8,81.8,45.4,Average
INT_03616,12.2,8.1,93.2,58.4,Average
INT_03617,7.0,9.0,84.9,77.5,Excel
INT_03618,9.1,5.7,95.1,59.1,Average
INT_03619,13.6,9.0,100.0,72.3,Average
INT_03620,12.7,6.5,85.1,42.8,Struggle
INT_03621,5.9,8.0,94.4,95.8,Excel
INT_03622,11.1,6.7,82.0,55.6,Average
INT_03623,4.1,7.8,87.1,78.7,Excel
INT_03624,10.1,8.8,88.2,66.9,Average
INT_03625,15.7,5.7,86.5,30.7,Struggle
INT_03626,7.2,6.5,100.0,63.7,Average
INT_03627,7.5,7.8,85.5,71.6,Average
INT_03628,12.3,10.0,92.7,69.5,Average
INT_03629,5.4,6.2,72.6,,Average
INT_03630,8.1,10.0,91.5,86.0,Excel
INT_03631,11.8,10.0,97.1,80.3,Excel
INT_03632,8.1,7.4,83.8,56.1,
INT_03633,9.3,7.1,67.9,40.9,Struggle
INT_03634,12.2,6.5,87.7,55.7,Average
INT_03635,11.3,7.4,88.1,,Average
INT_03636,10.8,5.4,93.8,39.0,Struggle
INT_03637,9.0,7.4,100.0,60.6,Average
INT_03638,11.1,9.7,85.0,69.3,Average
INT_03639,9.6,6.6,81.1,54.4,Average
INT_03640,11.4,7.1,,52.5,Average
INT_03641,8.5,4.9,89.6,52.3,Average
INT_03642,,8.1,91.8,58.6,Average
INT_03643,7.0,7.9,83.6,67.5,Average
INT_03644,9.9,7.6,94.2,72.0,Average
INT_03645,7.6,7.2,91.7,72.1,Average
INT_03646,6.7,7.1,88.3,65.9,Average
INT_03647,10.8,8.3,80.8,,Average
INT_03648,10.6,,84.1,59.4,Average
INT_03649,12.3,8.0,68.6,53.1,Average
INT_03650,8.7,7.8,89.9,66.0,
INT_03651,11.2,9.2,88.2,64.7,Average
INT_03652,11.7,8.5,89.5,59.3,
INT_03653,11.3,7.8,92.0,62.2,Average
INT_03654,7.5,9.8,91.1,81.3,Excel
INT_03655,10.4,8.1,87.1,52.9,Average
INT_03656,11.1,9.5,88.4,65.6,Average
INT_03657,10.0,8.4,76.8,,Average
INT_03658,3.7,4.7,83.3,55.0,Average
INT_03659,10.5,9.5,88.4,72.5,Average
INT_03660,16.6,7.7,82.1,,Struggle
INT_03661,8.9,7.4,94.9,59.8,Average
INT_03662,7.8,7.9,82.7,64.4,Average
INT_03663,11.1,7.0,89.7,62.1,Average
INT_03664,10.9,7.8,88.9,61.5,Average
INT_03665,13.6,6.6,94.0,41.0,Struggle
INT_03666,6.2,9.4,95.2,78.0,Excel
INT_03667,12.2,7.3,93.6,60.3,Average
INT_03668,11.8,6.9,71.2,41.4,Struggle
INT_03669,9.6,6.1,97.6,55.9,Average
INT_03670,11.0,7.9,100.0,63.7,Average
INT_03671,13.1,7.8,84.1,55.9,Average
INT_03672,12.6,8.1,89.9,57.7,Average
INT_03673,6.6,6.0,80.9,51.2,Average
INT_03674,12.5,5.1,72.4,24.5,Struggle
INT_03675,9.8,8.4,82.1,68.5,Average
INT_03676,10.2,9.7,83.7,71.2,Average
INT_03677,10.2,6.0,85.2,50.4,Average
INT_03678,9.5,9.9,80.3,66.4,Average
INT_03679,13.6,7.9,82.1,61.6,Average
INT_03680,9.7,7.5,87.9,67.3,Average
INT_03681,,6.9,81.8,48.5,Average
INT_03682,8.8,5.4,92.3,45.7,
INT_03683,10.5,9.0,93.5,74.6,Average
INT_03684,13.7,6.3,100.0,43.3,Struggle
INT_03685,11.8,6.3,97.0,52.1,Average
INT_03686,7.4,9.0,89.9,78.9,Excel
INT_03687,17.5,4.7,83.0,20.7,Struggle
INT_03688,,5.2,90.3,46.5,Average
INT_03689,13.8,7.5,90.6,49.2,Average
INT_03690,9.5,7.9,83.9,49.0,Average
INT_03691,11.6,8.2,94.3,70.4,Average
INT_03692,12.5,7.0,76.8,50.5,Average
INT_03693,13.7,10.0,,82.4,Excel
INT_03694,13.2,7.2,92.4,40.9,Struggle
INT_03695,12.6,7.2,85.7,54.8,Average
INT_03696,9.1,6.3,86.3,41.5,Struggle
INT_03697,8.3,7.7,86.9,73.8,Average
INT_03698,11.0,8.4,81.3,63.1,Average
INT_03699,12.8,9.3,97.4,66.4,
INT_03700,9.3,5.3,79.9,45.4,Average
INT_03701,13.2,7.1,90.5,48.8,Average
INT_03702,14.4,8.2,91.3,58.8,Average
INT_03703,7.3,8.4,80.4,68.5,Average
INT_03704,7.5,,88.6,,Excel
INT_03705,9.6,8.3,80.7,72.3,Average
INT_03706,10.9,6.3,99.1,52.2,Average
INT_03707,8.4,9.8,78.9,80.1,Excel
INT_03708,14.1,9.0,82.8,60.7,Average
INT_03709,11.3,5.5,78.2,29.7,Struggle
INT_03710,10.1,5.9,,38.3,Struggle
INT_03711,5.7,5.9,100.0,77.5,Excel
INT_03712,6.1,8.5,92.3,79.5,Excel
INT_03713,10.8,5.6,89.1,50.8,Average
INT_03714,3.6,7.0,82.7,65.5,Average
INT_03715,13.0,8.2,95.3,59.2,Average
INT_03716,9.5,7.4,81.4,56.5,Average
INT_03717,19.7,7.9,94.3,44.2,Struggle
INT_03718,16.9,5.9,81.0,,Struggle
INT_03719,9.5,8.4,82.8,58.6,Average
INT_03720,9.7,6.6,,61.3,Average
INT_03721,,7.0,94.9,51.8,Average
INT_03722,15.1,7.9,92.8,54.4,Average
INT_03723,5.1,7.7,79.6,67.7,Average
INT_03724,4.6,7.5,84.4,70.9,Average
INT_03725,8.1,6.4,89.3,62.9,Average
INT_03726,11.7,7.1,81.2,43.1,Struggle
INT_03727,11.5,7.5,99.0,65.9,Average
INT_03728,13.2,5.4,68.8,32.2,Struggle
INT_03729,6.4,6.8,81.8,64.5,Average
INT_03730,3.1,8.1,83.9,68.2,Average
INT_03731,12.6,5.6,,,Struggle
INT_03732,7.5,9.2,76.8,80.3,Excel
INT_03733,3.9,9.4,93.0,87.9,Excel
INT_03734,10.4,,,48.7,Average
INT_03735,12.4,9.5,,80.0,Excel
INT_03736,9.6,,100.0,60.0,Average
INT_03737,8.6,,91.5,79.1,Excel
INT_03738,9.5,6.8,90.5,59.7,Average
INT_03739,8.9,8.9,88.5,74.9,Average
INT_03740,6.0,8.1,66.8,51.3,Average
INT_03741,7.9,6.3,76.8,53.9,
INT_03742,,5.8,88.8,47.6,Average
INT_03743,11.0,5.3,92.9,54.3,Average
INT_03744,10.5,7.8,90.3,60.2,Average
INT_03745,7.0,8.4,80.9,62.5,Average
INT_03746,,8.5,95.5,68.1,Average
INT_03747,3.5,7.3,99.9,75.9,Excel
INT_03748,10.5,5.8,95.5,44.5,Struggle
INT_03749,14.3,6.5,95.9,55.3,Average
INT_03750,5.6,9.2,83.5,85.9,Excel
INT_03751,8.2,6.8,96.6,62.1,Average
INT_03752,11.0,7.7,89.2,57.6,Average
INT_03753,13.8,,92.1,32.8,Struggle
INT_03754,8.7,8.0,90.9,,Average
INT_03755,7.9,6.8,87.0,68.0,Average
INT_03756,4.1,9.1,81.1,75.6,
INT_03757,10.3,8.7,87.3,,Average
INT_03758,16.1,6.8,95.9,48.6,Average
INT_03759,10.8,7.3,84.5,64.3,Average
INT_03760,9.9,6.7,95.1,59.2,Average
INT_03761,,5.4,93.9,47.3,Average
INT_03762,10.0,6.2,85.6,50.5,Average
INT_03763,7.6,7.8,99.1,65.2,Average
INT_03764,12.5,8.0,85.2,48.3,Average
INT_03765,10.7,7.7,100.0,62.1,Average
INT_03766,10.1,7.0,91.5,64.1,Average
INT_03767,7.1,8.9,87.9,73.7,Average
INT_03768,13.9,7.6,80.9,45.3,Average
INT_03769,12.0,8.6,87.3,59.5,Average
INT_03770,8.3,4.8,86.4,43.0,Struggle
INT_03771,13.0,1.6,77.9,16.4,Struggle
INT_03772,8.5,7.9,86.3,64.0,Average
INT_03773,7.7,5.4,,41.8,Struggle
INT_03774,7.7,7.2,92.7,65.0,Average
INT_03775,4.7,7.0,98.5,83.3,Excel
INT_03776,11.4,9.9,78.2,65.1,Average
INT_03777,4.5,8.1,100.0,75.5,Excel
INT_03778,6.3,7.7,87.0,65.8,Average
INT_03779,3.8,8.8,,77.9,Excel
INT_03780,9.7,8.1,,71.3,Average
INT_03781,9.5,6.8,84.4,59.5,Average
INT_03782,9.0,9.1,87.3,66.8,Average
INT_03783,6.9,5.8,84.8,47.6,Average
INT_03784,6.5,8.0,81.5,65.0,Average
INT_03785,11.4,,93.8,47.7,Average
INT_03786,8.3,7.8,85.7,57.0,Average
INT_03787,10.9,7.8,76.5,,Average
INT_03788,7.3,10.0,92.4,81.8,Excel
INT_03789,10.5,5.2,78.4,,Struggle
INT_03790,13.9,6.6,78.8,43.1,Struggle
INT_03791,11.8,8.7,97.5,75.0,Excel
INT_03792,8.8,8.0,78.4,68.0,Average
INT_03793,,7.8,69.5,48.0,Average
INT_03794,9.3,6.1,93.0,47.4,Average
INT_03795,10.0,6.6,85.6,45.6,Average
INT_03796,9.0,9.4,86.3,63.6,Average
INT_03797,9.5,7.4,85.5,56.3,Average
INT_03798,10.6,8.1,89.9,61.2,Average
INT_03799,7.0,7.3,82.0,65.8,Average
INT_03800,7.0,5.7,99.8,60.4,Average
INT_03801,5.8,8.9,76.2,68.9,Average
INT_03802,5.2,8.3,91.6,76.4,Excel
INT_03803,6.3,10.0,93.1,81.8,Excel
INT_03804,10.5,6.0,81.9,50.5,Average
INT_03805,7.3,8.7,79.8,65.0,
INT_03806,11.5,5.5,96.1,41.0,Struggle
INT_03807,10.1,7.7,80.1,61.3,Average
INT_03808,4.1,9.0,83.1,82.8,Excel
INT_03809,12.0,4.4,95.1,28.4,Struggle
INT_03810,12.4,7.2,88.3,57.4,
INT_03811,7.0,6.7,73.6,48.0,Average
INT_03812,11.3,6.4,100.0,54.4,Average
INT_03813,7.4,8.1,83.8,67.8,Average
INT_03814,10.3,9.2,84.8,72.3,Average
INT_03815,6.2,7.3,90.0,,Average
INT_03816,4.6,7.8,93.0,75.6,Excel
INT_03817,8.9,7.7,100.0,67.7,Average
INT_03818,9.6,7.5,74.7,55.4,Average
INT_03819,8.8,5.9,94.6,53.9,Average
INT_03820,6.4,9.2,93.9,92.1,Excel
INT_03821,8.8,7.9,86.9,68.0,Average
INT_03822,10.8,8.1,94.3,60.5,Average
INT_03823,9.9,6.3,95.5,53.1,Average
INT_03824,10.5,6.8,76.9,47.9,Average
INT_03825,,7.2,100.0,76.0,Excel
INT_03826,13.5,5.2,75.5,37.3,Struggle
INT_03827,6.5,5.0,78.9,42.2,Struggle
INT_03828,,6.6,85.9,44.1,Struggle
INT_03829,13.5,8.3,100.0,58.6,Average
INT_03830,11.4,,85.5,49.9,Average
INT_03831,9.4,6.0,87.7,63.1,Average
INT_03832,8.4,6.3,99.5,63.9,
INT_03833,13.1,6.8,85.6,38.3,Struggle
INT_03834,5.7,7.0,78.6,55.7,Average
INT_03835,7.1,10.0,84.7,77.9,
INT_03836,8.8,9.1,99.0,74.8,Average
INT_03837,13.7,,88.6,60.8,
INT_03838,11.1,9.3,100.0,78.3,Excel
INT_03839,7.1,6.0,93.9,62.5,Average
INT_03840,9.1,5.7,82.8,52.1,
INT_03841,8.2,5.8,88.4,55.2,Average
INT_03842,7.9,9.5,81.2,63.4,Average
INT_03843,12.9,6.7,82.7,39.0,Struggle
INT_03844,5.9,5.6,100.0,61.1,Average
INT_03845,,6.9,96.1,50.5,Average
INT_03846,12.5,7.1,94.9,60.7,Average
INT_03847,13.3,7.9,83.0,53.2,Average
INT_03848,8.6,7.9,100.0,72.2,Average
INT_03849,9.6,6.3,96.8,58.3,Average
INT_03850,5.7,8.5,,81.1,Excel
INT_03851,8.4,6.5,100.0,,Average
INT_03852,11.5,7.3,76.2,54.7,Average
INT_03853,13.9,8.5,79.1,53.4,Average
INT_03854,6.7,6.5,80.0,55.3,Average
INT_03855,8.9,6.6,80.4,51.7,Average
INT_03856,9.5,8.4,90.6,75.5,Excel
INT_03857,5.8,6.2,83.5,50.8,Average
INT_03858,11.8,6.9,100.0,68.6,Average
INT_03859,7.8,8.3,100.0,70.2,Average
INT_03860,9.4,10.0,87.9,74.7,Average
INT_03861,8.6,8.4,100.0,,Excel
INT_03862,7.6,8.2,99.9,82.0,Excel
INT_03863,10.0,8.3,84.4,55.5,Average
INT_03864,9.4,5.9,71.9,34.9,Struggle
INT_03865,8.9,7.7,86.3,63.9,Average
INT_03866,7.8,7.5,82.8,74.2,Average
INT_03867,11.0,8.0,89.7,69.0,Average
INT_03868,15.0,,88.7,49.6,Average
INT_03869,10.4,8.1,88.5,49.6,Average
INT_03870,13.0,7.0,92.2,53.0,Average
INT_03871,5.8,7.6,78.3,65.7,Average
INT_03872,10.5,5.7,91.3,,Average
INT_03873,6.7,7.0,84.5,56.6,Average
INT_03874,5.6,9.6,89.6,85.3,Excel
INT_03875,7.8,8.0,95.7,66.7,Average
INT_03876,13.6,7.5,78.2,57.0,Average
INT_03877,,10.0,85.7,78.4,Excel
INT_03878,10.7,5.5,87.1,47.2,Average
INT_03879,5.4,5.8,83.9,56.0,Average
INT_03880,9.4,10.0,95.2,78.7,Excel
INT_03881,10.9,,82.2,55.0,Average
INT_03882,10.5,7.1,83.6,62.8,Average
INT_03883,4.5,5.7,82.3,60.4,Average
INT_03884,7.3,8.2,96.7,76.0,Excel
INT_03885,9.8,,84.1,68.8,Average
INT_03886,11.6,5.9,91.7,50.0,Average
INT_03887,3.4,7.3,100.0,80.9,Excel
INT_03888,9.5,7.0,87.4,62.4,Average
INT_03889,10.4,7.9,96.9,69.4,Average
INT_03890,12.5,5.8,100.0,54.2,Average
INT_03891,12.1,9.4,96.2,73.9,Average
INT_03892,,8.9,87.9,64.2,Average
INT_03893,7.6,7.0,93.1,60.8,Average
INT_03894,4.3,7.2,77.7,60.0,Average
INT_03895,8.8,7.3,81.8,48.4,Average
INT_03896,13.0,6.3,83.2,37.6,Struggle
INT_03897,14.2,6.8,100.0,47.8,Average
INT_03898,12.1,7.1,81.5,46.0,Average
INT_03899,11.3,9.9,81.4,78.9,Excel
INT_03900,11.1,8.9,79.6,61.7,Average
INT_03901,8.3,8.9,92.5,76.8,Excel
INT_03902,9.6,8.1,89.1,66.6,Average
INT_03903,15.0,5.8,96.7,51.3,Average
INT_03904,7.2,7.4,93.4,65.0,Average
INT_03905,14.8,9.0,77.0,,Average
INT_03906,9.0,5.6,81.5,44.4,Struggle
INT_03907,14.0,8.5,98.9,70.5,Average
INT_03908,5.8,10.0,86.4,92.5,Excel
INT_03909,11.8,9.1,97.5,75.1,Excel
INT_03910,,9.6,86.8,85.3,Excel
INT_03911,5.8,7.8,80.3,67.6,Average
INT_03912,10.7,,85.6,66.2,Average
INT_03913,13.0,6.4,80.3,48.2,Average
INT_03914,7.5,8.7,83.5,73.5,Average
INT_03915,5.5,8.5,89.6,72.8,Average
INT_03916,,7.9,92.1,71.2,Average
INT_03917,9.7,9.5,75.3,65.8,Average
INT_03918,11.6,6.7,87.9,48.8,Average
INT_03919,12.8,7.2,83.3,54.2,Average
INT_03920,9.8,,82.8,57.7,Average
INT_03921,15.6,6.0,89.1,40.1,Struggle
INT_03922,10.7,7.8,83.6,61.9,Average
INT_03923,9.0,4.9,99.1,45.8,Average
INT_03924,,9.1,97.5,88.2,Excel
INT_03925,9.2,7.6,97.5,74.7,Average
INT_03926,9.0,6.7,84.0,48.9,Average
INT_03927,12.9,6.2,80.3,43.2,Struggle
INT_03928,11.4,,88.7,50.1,Average
INT_03929,6.5,8.5,86.8,79.3,Excel
INT_03930,10.5,8.3,83.1,67.3,Average
INT_03931,12.0,6.4,78.6,,Struggle
INT_03932,14.6,6.2,87.7,53.5,Average
INT_03933,12.7,8.5,84.8,65.4,Average
INT_03934,12.3,6.4,93.5,54.4,Average
INT_03935,10.2,7.6,93.3,66.6,Average
INT_03936,11.2,7.7,96.8,69.0,Average
INT_03937,13.7,8.0,77.9,44.0,Struggle
INT_03938,6.0,8.8,91.2,79.9,Excel
INT_03939,9.0,5.6,82.2,47.6,Average
INT_03940,7.7,4.6,78.2,37.0,Struggle
INT_03941,11.1,6.6,84.6,52.1,Average
INT_03942,13.7,10.0,96.5,81.1,Excel
INT_03943,8.2,10.0,,76.9,Excel
INT_03944,2.8,,100.0,98.5,Excel
INT_03945,8.8,7.2,92.4,58.2,Average
INT_03946,12.7,4.8,84.8,23.7,Struggle
INT_03947,11.6,4.0,97.3,,Struggle
INT_03948,11.3,6.6,91.6,52.5,Average
INT_03949,9.2,7.2,80.5,55.5,Average
INT_03950,6.2,9.5,100.0,82.5,Excel
INT_03951,11.5,8.8,90.1,65.7,Average
INT_03952,7.5,7.8,88.2,73.5,Average
INT_03953,16.6,6.2,81.2,33.0,Struggle
INT_03954,11.7,6.1,97.4,51.6,
INT_03955,8.3,7.9,,69.5,Average
INT_03956,8.2,8.5,93.0,,Average
INT_03957,9.7,8.1,,65.6,Average
INT_03958,9.3,5.9,94.7,47.2,Average
INT_03959,13.4,8.5,95.3,58.4,Average
INT_03960,10.6,8.1,82.6,54.2,Average
INT_03961,7.8,5.9,76.7,45.9,Average
INT_03962,15.7,6.3,92.7,40.3,Struggle
INT_03963,10.1,8.5,75.4,59.6,Average
INT_03964,12.3,7.1,89.2,48.1,Average
INT_03965,8.2,9.9,,83.8,Excel
INT_03966,11.1,8.3,97.7,72.8,Average
INT_03967,10.9,6.8,84.9,50.0,Average
INT_03968,4.3,7.5,96.9,73.7,Average
INT_03969,16.0,7.6,83.9,42.3,Struggle
INT_03970,13.9,6.4,96.0,46.8,Average
INT_03971,8.8,6.1,100.0,51.6,Average
INT_03972,6.7,8.6,79.5,63.9,Average
INT_03973,11.0,,90.3,72.5,Average
INT_03974,10.3,8.4,100.0,73.9,Average
INT_03975,11.1,9.8,88.5,82.7,
INT_03976,10.6,6.7,88.5,51.5,
INT_03977,11.5,10.0,94.3,75.5,Excel
INT_03978,14.3,6.1,88.3,39.2,Struggle
INT_03979,11.7,6.0,74.3,36.2,Struggle
INT_03980,,4.9,,49.3,Average
INT_03981,14.1,6.8,72.0,39.1,Struggle
INT_03982,14.9,6.7,84.7,42.5,Struggle
INT_03983,19.5,8.3,97.7,48.0,Average
INT_03984,,7.9,85.1,74.7,Average
INT_03985,,5.7,82.5,53.2,Average
INT_03986,3.8,6.9,95.0,79.1,Excel
INT_03987,11.7,6.9,81.2,51.7,Average
INT_03988,8.4,4.8,78.2,,Struggle
INT_03989,15.8,6.0,90.2,49.0,Average
INT_03990,7.7,6.3,86.5,60.0,Average
INT_03991,4.9,9.7,78.1,76.5,Excel
INT_03992,8.6,7.8,93.1,69.7,Average
INT_03993,4.1,8.5,91.7,84.6,Excel
INT_03994,12.3,5.3,85.1,32.3,Struggle
INT_03995,3.8,9.3,,82.3,Excel
INT_03996,10.1,9.5,91.8,81.4,Excel
INT_03997,3.8,4.5,97.5,47.0,Average
INT_03998,9.0,6.4,85.7,46.2,Average
INT_03999,14.9,8.2,93.2,56.6,Average
INT_04000,11.1,8.5,92.5,68.7,Average
INT_04001,7.4,6.5,95.0,54.4,Average
INT_04002,9.9,7.0,88.3,56.2,
INT_04003,10.1,6.6,80.7,55.8,Average
INT_04004,11.4,,84.3,56.3,Average
INT_04005,5.9,9.3,90.7,87.6,
INT_04006,11.8,6.3,100.0,51.4,Average
INT_04007,2.0,9.0,84.1,80.2,Excel
INT_04008,8.1,6.3,94.4,63.8,Average
INT_04009,8.5,6.2,85.4,54.5,Average
INT_04010,11.9,8.7,,58.2,Average
INT_04011,10.1,8.9,100.0,71.4,Average
INT_04012,5.8,8.8,94.1,89.6,Excel
INT_04013,7.0,5.5,78.1,41.5,Struggle
INT_04014,10.6,6.8,83.4,56.3,Average
INT_04015,9.8,8.7,98.0,71.8,Average
INT_04016,8.3,7.6,89.1,64.4,Average
INT_04017,8.6,5.9,78.8,48.1,Average
INT_04018,12.1,8.2,81.4,44.8,
INT_04019,,6.4,,,Average
INT_04020,9.7,10.0,96.0,82.6,Excel
INT_04021,16.5,,88.1,58.3,Average
INT_04022,5.7,8.4,100.0,87.2,Excel
INT_04023,4.4,9.5,94.6,80.3,Excel
INT_04024,12.4,7.6,86.1,57.6,Average
INT_04025,8.0,,81.5,,Average
INT_04026,9.0,9.7,80.2,70.9,Average
INT_04027,7.7,7.9,90.7,62.8,Average
INT_04028,9.2,7.1,84.1,67.1,Average
INT_04029,14.8,4.9,100.0,31.2,Struggle
INT_04030,12.4,7.4,99.7,59.7,Average
INT_04031,12.6,8.7,93.1,56.1,
INT_04032,5.8,8.9,78.6,82.1,Excel
INT_04033,6.5,8.3,82.6,71.5,Average
INT_04034,2.0,6.7,98.0,77.2,Excel
INT_04035,7.6,4.5,83.5,49.9,Average
INT_04036,12.9,6.8,97.0,54.4,Average
INT_04037,11.6,7.0,91.8,56.7,Average
INT_04038,9.3,7.0,88.4,58.8,Average
INT_04039,9.9,8.4,82.4,66.3,Average
INT_04040,7.9,10.0,87.2,78.3,Excel
INT_04041,10.6,7.7,89.5,59.4,Average
INT_04042,12.3,,96.3,61.8,Average
INT_04043,5.2,7.1,80.9,64.8,Average
INT_04044,10.9,7.7,85.9,57.4,Average
INT_04045,12.8,6.3,88.4,37.7,Struggle
INT_04046,8.8,7.7,93.3,74.9,Average
INT_04047,12.1,8.2,80.7,52.3,Average
INT_04048,18.4,7.8,77.5,43.9,Struggle
INT_04049,9.7,8.2,93.4,69.2,Average
INT_04050,11.2,8.2,75.9,47.8,Average
INT_04051,7.8,4.8,98.3,58.6,Average
INT_04052,10.5,8.5,86.8,66.0,Average
INT_04053,11.4,6.5,75.6,50.4,Average
INT_04054,10.6,5.9,84.2,43.9,Struggle
INT_04055,6.9,5.8,91.0,60.2,Average
INT_04056,10.6,8.2,83.7,50.8,Average
INT_04057,14.4,7.2,88.2,45.6,Average
INT_04058,11.3,5.0,93.9,35.6,Struggle
INT_04059,12.9,8.2,86.4,55.7,Average
INT_04060,9.3,5.3,80.5,44.7,Struggle
INT_04061,12.2,7.7,85.6,51.8,Average
INT_04062,10.8,7.9,99.3,71.6,Average
INT_04063,,8.8,100.0,76.9,
INT_04064,11.0,10.0,71.8,71.1,Average
INT_04065,7.0,5.5,96.7,63.9,Average
INT_04066,8.1,7.4,90.0,69.9,Average
INT_04067,10.6,7.1,95.4,57.9,Average
INT_04068,10.9,8.2,83.6,48.1,Average
INT_04069,6.4,7.8,73.9,64.8,Average
INT_04070,13.2,7.0,92.7,51.4,Average
INT_04071,11.7,,80.5,41.9,Struggle
INT_04072,7.9,5.8,76.9,43.2,Struggle
INT_04073,5.4,9.0,77.5,81.8,Excel
INT_04074,9.6,8.2,92.8,61.8,Average
INT_04075,8.7,8.9,89.1,75.3,Excel
INT_04076,10.3,7.0,94.3,60.5,Average
INT_04077,8.9,6.5,93.4,56.2,Average
INT_04078,4.0,5.9,84.6,62.8,Average
INT_04079,8.8,8.0,87.4,74.7,Average
INT_04080,9.1,,83.9,46.9,Average
INT_04081,11.9,10.0,86.3,70.9,Average
INT_04082,7.9,5.5,80.3,49.6,Average
INT_04083,15.0,7.9,91.1,58.9,Average
INT_04084,4.3,9.9,96.6,92.2,Excel
INT_04085,13.9,,81.5,52.4,Average
INT_04086,9.3,,98.3,56.3,Average
INT_04087,12.6,6.0,88.9,40.4,Struggle
INT_04088,,5.4,89.9,39.5,Struggle
INT_04089,13.4,8.7,74.4,56.9,Average
INT_04090,8.8,9.8,73.5,68.5,Average
INT_04091,6.7,6.8,89.2,61.1,
INT_04092,14.3,5.8,,42.4,Struggle
INT_04093,9.7,3.8,82.6,27.0,Struggle
INT_04094,10.7,6.0,100.0,63.4,Average
INT_04095,13.7,7.3,93.9,61.3,Average
INT_04096,6.9,9.9,80.7,87.9,Excel
INT_04097,11.8,8.5,88.2,67.0,Average
INT_04098,,8.0,100.0,73.1,Average
INT_04099,9.6,6.9,78.1,,Average
INT_04100,10.2,6.6,92.2,51.8,Average
INT_04101,5.5,9.6,85.4,77.5,Excel
INT_04102,7.7,7.8,93.7,66.5,Average
INT_04103,14.1,4.3,98.1,37.9,Struggle
INT_04104,12.7,6.5,84.9,41.2,Struggle
INT_04105,9.8,6.2,,55.3,Average
INT_04106,10.7,6.7,100.0,50.3,Average
INT_04107,9.1,8.3,88.5,70.4,Average
INT_04108,14.1,7.3,94.3,45.2,Average
INT_04109,9.4,7.4,,52.4,Average
INT_04110,10.7,,88.2,78.9,
INT_04111,13.4,6.5,86.6,51.1,Average
INT_04112,7.7,10.0,,87.6,Excel
INT_04113,14.7,6.5,97.6,49.9,Average
INT_04114,5.4,7.6,87.1,66.8,Average
INT_04115,14.9,7.1,100.0,49.0,Average
INT_04116,8.9,,100.0,68.0,Average
INT_04117,9.3,8.2,94.8,61.3,Average
INT_04118,4.3,8.2,83.9,75.2,Excel
INT_04119,,6.4,83.1,52.3,Average
INT_04120,6.9,5.8,81.5,45.7,Average
INT_04121,8.2,10.0,95.6,,Excel
INT_04122,9.6,,78.3,53.5,Average
INT_04123,12.9,8.5,93.4,67.9,Average
INT_04124,10.6,5.1,79.4,34.1,Struggle
INT_04125,10.9,7.1,94.6,58.6,Average
INT_04126,6.7,7.3,88.1,68.8,Average
INT_04127,7.4,,98.7,77.0,Excel
INT_04128,15.4,3.4,97.1,,Struggle
INT_04129,7.8,7.7,99.5,71.3,Average
INT_04130,15.0,5.8,99.7,41.1,Struggle
INT_04131,9.3,,89.1,68.8,Average
INT_04132,10.0,5.9,78.7,36.7,Struggle
INT_04133,13.2,6.2,79.6,44.6,Struggle
INT_04134,13.8,7.1,71.3,32.4,Struggle
INT_04135,9.7,5.9,79.3,48.2,Average
INT_04136,8.8,6.8,88.6,53.9,Average
INT_04137,9.8,5.7,83.5,47.8,Average
INT_04138,11.0,4.8,86.6,42.7,
INT_04139,,9.0,,67.8,Average
INT_04140,10.0,5.6,85.6,38.2,Struggle
INT_04141,11.9,7.2,79.0,44.0,Struggle
INT_04142,14.9,8.6,,53.0,Average
INT_04143,11.1,6.6,80.8,36.4,
INT_04144,10.9,6.3,85.8,54.2,Average
INT_04145,5.4,7.8,98.7,78.2,Excel
INT_04146,2.1,9.2,,80.4,Excel
INT_04147,11.2,5.7,100.0,59.9,Average
INT_04148,9.7,7.3,99.5,61.2,Average
INT_04149,8.5,4.9,83.4,,Struggle
INT_04150,10.7,6.9,79.1,44.6,Struggle
INT_04151,9.8,7.6,87.6,,Average
INT_04152,,6.2,97.2,41.3,Struggle
INT_04153,10.3,6.8,84.1,,Average
INT_04154,7.8,5.4,95.3,58.8,Average
INT_04155,13.0,7.6,,61.7,Average
INT_04156,9.3,9.1,81.8,69.5,Average
INT_04157,11.6,5.9,82.6,30.8,Struggle
INT_04158,8.6,6.6,93.7,66.5,Average
INT_04159,8.1,8.3,89.2,71.0,Average
INT_04160,10.3,9.3,82.5,68.2,Average
INT_04161,10.0,5.3,85.2,48.8,Average
INT_04162,11.4,7.2,87.4,61.6,Average
INT_04163,9.2,7.9,,63.8,Average
INT_04164,4.5,7.3,94.1,72.2,Average
INT_04165,8.7,3.8,84.2,28.9,Struggle
INT_04166,12.4,8.3,65.7,,Average
INT_04167,9.1,9.8,87.8,69.8,Average
INT_04168,9.3,7.7,82.1,70.0,Average
INT_04169,13.0,6.0,100.0,49.6,Average
INT_04170,7.9,6.7,83.3,,Average
INT_04171,5.4,10.0,79.2,75.1,Excel
INT_04172,9.5,8.9,,65.4,Average
INT_04173,8.5,8.5,82.7,67.3,Average
INT_04174,7.1,8.0,81.8,66.0,Average
INT_04175,9.5,6.5,92.1,49.3,Average
INT_04176,11.5,7.2,79.7,48.0,Average
INT_04177,10.0,7.4,76.3,44.9,Struggle
INT_04178,10.9,8.3,100.0,73.5,Average
INT_04179,15.4,9.8,92.6,66.4,Average
INT_04180,9.0,9.2,85.9,70.3,Average
INT_04181,10.8,5.4,88.0,36.0,Struggle
INT_04182,8.5,7.8,92.0,65.9,Average
INT_04183,,8.6,95.8,74.8,Average
INT_04184,8.2,8.4,82.0,,Average
INT_04185,8.6,6.6,90.9,58.7,Average
INT_04186,11.1,10.0,83.9,77.0,Excel
INT_04187,17.0,5.6,86.5,28.2,
INT_04188,7.9,5.9,89.3,43.3,Struggle
INT_04189,8.8,7.9,87.9,70.3,Average
INT_04190,9.8,10.0,93.9,75.6,Excel
INT_04191,11.2,6.2,91.9,44.5,Struggle
INT_04192,10.8,7.1,75.9,48.4,Average
INT_04193,13.9,9.1,77.1,58.6,Average
INT_04194,2.7,,85.0,70.2,Average
INT_04195,2.8,,100.0,74.9,Average
INT_04196,8.5,8.3,81.2,62.8,Average
INT_04197,13.3,7.9,86.3,62.7,Average
INT_04198,5.3,9.0,83.7,77.9,Excel
INT_04199,2.0,9.4,83.6,82.1,Excel
INT_04200,11.7,8.0,89.4,54.8,Average
INT_04201,10.7,7.9,99.2,66.1,Average
INT_04202,6.7,7.8,91.6,72.2,Average
INT_04203,7.0,8.2,81.6,70.1,Average
INT_04204,7.1,7.6,100.0,,Average
INT_04205,10.3,7.5,88.6,54.7,Average
INT_04206,8.1,9.3,,71.2,Average
INT_04207,11.5,9.8,99.3,82.9,Excel
INT_04208,2.0,5.2,84.2,52.2,Average
INT_04209,7.4,,100.0,69.3,
INT_04210,6.6,6.5,81.0,59.1,Average
INT_04211,9.2,7.0,99.4,69.3,Average
INT_04212,8.4,,89.6,67.1,Average
INT_04213,12.4,8.5,98.3,65.2,Average
INT_04214,4.4,7.3,100.0,69.5,
INT_04215,10.1,4.6,78.9,37.4,Struggle
INT_04216,11.7,6.1,98.2,59.2,Average
INT_04217,15.6,8.8,76.7,65.5,Average
INT_04218,8.6,3.4,79.6,31.6,Struggle
INT_04219,11.0,9.3,81.6,66.2,Average
INT_04220,4.6,8.3,92.0,73.6,Average
INT_04221,2.8,9.5,88.3,78.2,Excel
INT_04222,12.5,7.2,86.7,52.6,Average
INT_04223,10.0,,89.2,52.0,Average
INT_04224,13.5,,92.7,66.6,Average
INT_04225,5.9,9.4,93.3,90.8,Excel
INT_04226,11.6,8.9,96.8,72.4,Average
INT_04227,15.6,6.5,100.0,49.8,Average
INT_04228,11.3,7.6,87.8,44.4,Struggle
INT_04229,10.8,6.7,83.8,54.4,Average
INT_04230,,6.3,92.9,50.6,Average
INT_04231,5.3,8.9,78.8,70.6,Average
INT_04232,14.1,5.7,82.6,33.9,Struggle
INT_04233,,6.2,96.0,56.7,Average
INT_04234,11.5,5.8,87.0,40.5,Struggle
INT_04235,5.3,5.3,78.3,48.7,Average
INT_04236,6.5,7.7,76.1,58.9,
INT_04237,14.3,9.2,88.4,63.7,Average
INT_04238,9.0,7.2,97.1,56.8,Average
INT_04239,14.4,5.2,,38.8,Struggle
INT_04240,9.8,8.8,,63.4,Average
INT_04241,4.5,10.0,100.0,91.8,Excel
INT_04242,12.7,6.5,87.2,,Average
INT_04243,8.2,6.8,,48.9,Average
INT_04244,12.1,8.3,67.5,44.7,Struggle
INT_04245,10.1,9.9,84.4,77.7,Excel
INT_04246,5.4,6.7,,59.9,Average
INT_04247,10.5,5.5,100.0,61.4,Average
INT_04248,16.6,8.4,81.4,55.6,Average
INT_04249,11.5,8.7,91.7,64.3,Average
INT_04250,9.8,7.5,96.4,60.4,Average
INT_04251,13.2,6.7,88.1,48.4,
INT_04252,10.6,9.0,69.7,50.6,Average
INT_04253,10.6,8.3,,53.9,Average
INT_04254,6.7,6.3,94.1,,Average
INT_04255,10.7,7.6,80.4,53.8,Average
INT_04256,13.1,5.5,86.0,38.5,Struggle
INT_04257,7.5,8.5,78.8,63.6,Average
INT_04258,14.3,7.1,67.4,43.7,Struggle
INT_04259,9.7,6.8,96.2,52.0,Average
INT_04260,7.3,7.5,88.0,58.6,Average
INT_04261,13.0,7.6,100.0,63.3,Average
INT_04262,9.1,8.8,94.9,68.2,Average
INT_04263,12.3,8.4,85.2,52.9,Average
INT_04264,9.1,,87.3,60.3,Average
INT_04265,9.8,8.6,92.5,64.7,Average
INT_04266,11.5,8.1,95.7,64.4,Average
INT_04267,10.9,6.9,90.6,51.0,Average
INT_04268,4.0,7.3,96.8,71.1,Average
INT_04269,6.6,7.3,85.6,52.2,Average
INT_04270,12.8,8.3,80.0,55.5,Average
INT_04271,9.6,6.9,87.5,49.5,Average
INT_04272,8.4,6.9,89.6,58.9,Average
INT_04273,5.9,10.0,78.4,77.5,Excel
INT_04274,6.8,8.9,77.3,69.2,Average
INT_04275,3.9,6.4,91.6,65.6,Average
INT_04276,9.7,8.4,84.7,,Average
INT_04277,8.2,7.7,86.7,59.9,Average
INT_04278,7.1,8.1,85.1,75.2,Excel
INT_04279,9.8,7.7,100.0,58.0,Average
INT_04280,,9.3,98.1,74.2,Average
INT_04281,16.3,8.0,78.1,49.4,Average
INT_04282,5.5,,83.7,68.8,Average
INT_04283,13.5,9.1,94.8,61.7,Average
INT_04284,,7.8,92.8,54.3,Average
INT_04285,7.7,7.7,87.7,60.1,Average
INT_04286,10.6,8.0,78.9,60.0,Average
INT_04287,8.6,7.4,82.5,54.5,Average
INT_04288,10.6,7.5,83.9,57.8,Average
INT_04289,14.5,6.6,90.2,46.9,Average
INT_04290,11.8,6.4,100.0,68.0,Average
INT_04291,11.5,6.0,82.5,44.8,
INT_04292,8.7,5.4,79.8,38.8,Struggle
INT_04293,5.5,6.2,87.1,51.2,Average
INT_04294,9.4,7.2,96.3,62.3,Average
INT_04295,13.6,7.7,76.4,46.2,Average
INT_04296,5.4,7.1,99.6,60.6,Average
INT_04297,6.8,4.0,86.6,37.0,Struggle
INT_04298,10.4,9.9,82.1,73.8,Average
INT_04299,7.0,9.1,75.2,67.2,Average
INT_04300,7.6,8.2,,77.9,Excel
INT_04301,8.7,10.0,86.6,70.4,Average
INT_04302,5.9,6.0,89.4,62.6,Average
INT_04303,7.1,,80.8,84.3,Excel
INT_04304,12.1,6.1,85.4,49.2,Average
INT_04305,6.1,7.9,84.1,59.5,Average
INT_04306,5.2,5.6,87.2,57.8,Average
INT_04307,8.1,7.5,82.6,57.1,Average
INT_04308,12.2,8.1,75.7,,Struggle
INT_04309,9.4,,100.0,63.7,Average
INT_04310,8.6,8.6,77.1,59.0,Average
INT_04311,10.1,7.6,89.5,66.4,Average
INT_04312,4.8,6.7,73.8,60.2,Average
INT_04313,11.5,6.6,72.0,35.4,Struggle
INT_04314,11.2,8.7,88.8,62.2,Average
INT_04315,8.8,6.5,89.4,54.1,Average
INT_04316,13.0,8.9,98.1,68.2,Average
INT_04317,6.6,9.3,91.2,87.0,Excel
INT_04318,13.4,5.0,86.8,38.4,Struggle
INT_04319,10.5,,80.4,66.7,Average
INT_04320,9.0,10.0,100.0,84.5,Excel
INT_04321,9.9,7.9,95.4,56.8,Average
INT_04322,,8.4,78.0,68.3,Average
INT_04323,13.7,9.1,88.3,60.6,Average
INT_04324,6.8,7.1,89.2,72.9,Average
INT_04325,7.7,7.8,85.2,66.0,Average
INT_04326,13.1,5.5,94.2,54.2,Average
INT_04327,8.2,7.7,94.7,72.0,Average
INT_04328,12.7,8.2,86.5,50.5,Average
INT_04329,15.1,8.3,85.8,49.8,Average
INT_04330,8.8,9.1,100.0,79.1,Excel
INT_04331,12.0,6.3,95.5,46.7,Average
INT_04332,6.5,6.7,88.6,59.6,Average
INT_04333,12.3,10.0,75.0,57.5,Average
INT_04334,10.6,7.3,90.8,58.5,Average
INT_04335,11.4,7.8,93.6,63.3,Average
INT_04336,8.1,7.4,66.0,45.2,Average
INT_04337,5.0,6.3,90.0,73.5,Average
INT_04338,11.5,9.9,84.7,72.0,Average
INT_04339,3.8,6.7,86.2,61.6,Average
INT_04340,9.0,5.8,80.7,36.8,Struggle
INT_04341,12.8,6.8,86.8,48.8,Average
INT_04342,10.6,4.5,99.1,42.4,Struggle
INT_04343,15.8,6.5,84.4,43.1,
INT_04344,13.1,6.0,95.7,46.7,Average
INT_04345,8.0,8.4,81.5,60.0,Average
INT_04346,10.1,6.5,94.1,,Average
INT_04347,9.9,8.8,,71.7,Average
INT_04348,5.3,9.6,90.8,84.4,Excel
INT_04349,7.2,8.7,88.1,74.7,Average
INT_04350,8.3,7.2,93.1,66.5,Average
INT_04351,3.9,7.7,67.5,54.6,
INT_04352,10.1,5.2,76.6,38.1,Struggle
INT_04353,9.3,7.3,91.3,59.3,Average
INT_04354,5.0,6.2,71.7,55.0,Average
INT_04355,11.2,8.5,83.8,58.0,Average
INT_04356,12.1,10.0,87.6,69.1,Average
INT_04357,10.7,8.2,81.4,69.1,Average
INT_04358,9.0,4.5,82.5,44.8,Struggle
INT_04359,11.8,7.0,90.2,35.1,Struggle
INT_04360,12.0,7.7,96.1,67.7,Average
INT_04361,10.9,7.6,80.3,54.1,Average
INT_04362,7.5,6.4,83.4,50.8,Average
INT_04363,10.8,7.9,82.1,51.7,Average
INT_04364,13.6,5.6,68.6,23.2,Struggle
INT_04365,8.2,6.1,89.1,50.5,Average
INT_04366,16.3,8.5,95.5,51.2,Average
INT_04367,8.4,6.0,96.1,49.4,Average
INT_04368,10.1,8.3,81.0,55.5,Average
INT_04369,8.0,5.4,78.0,45.9,Average
INT_04370,,10.0,88.2,76.1,Excel
INT_04371,4.8,6.3,94.6,69.4,Average
INT_04372,8.4,7.2,89.2,61.1,Average
INT_04373,6.7,8.0,90.3,64.1,Average
INT_04374,10.4,6.7,97.1,60.8,Average
INT_04375,13.0,7.7,82.1,46.1,Average
INT_04376,11.9,8.4,86.2,64.3,Average
INT_04377,2.9,8.9,100.0,84.8,
INT_04378,16.1,8.7,86.4,50.5,Average
INT_04379,10.9,7.2,77.9,48.4,Average
INT_04380,7.7,7.3,82.6,63.9,Average
INT_04381,10.5,10.0,80.5,73.0,Average
INT_04382,10.5,8.9,90.9,70.3,Average
INT_04383,8.0,6.1,80.8,60.8,Average
INT_04384,10.6,7.6,90.2,50.5,Average
INT_04385,8.2,7.0,82.1,51.0,Average
INT_04386,8.8,7.3,71.0,45.4,Average
INT_04387,7.9,5.7,90.5,42.7,Struggle
INT_04388,5.7,6.9,89.2,61.1,Average
INT_04389,10.4,10.0,92.1,82.4,Excel
INT_04390,11.8,8.4,82.6,55.8,
INT_04391,11.5,3.8,81.8,25.2,Struggle
INT_04392,12.5,9.3,91.2,59.5,
INT_04393,11.0,9.1,100.0,71.3,Average
INT_04394,8.4,7.0,88.1,56.8,Average
INT_04395,12.5,8.6,91.4,67.4,Average
INT_04396,5.9,6.2,85.4,48.5,Average
INT_04397,7.3,6.8,75.7,51.1,Average
INT_04398,7.1,9.7,95.7,91.8,Excel
INT_04399,13.2,7.1,95.3,51.7,Average
INT_04400,12.8,4.7,93.7,25.7,Struggle
INT_04401,11.5,7.4,86.5,62.3,
INT_04402,,7.4,92.8,59.0,Average
INT_04403,7.4,9.3,95.2,86.6,Excel
INT_04404,11.0,7.5,100.0,54.7,Average
INT_04405,9.6,6.9,95.9,69.0,Average
INT_04406,12.5,9.1,88.5,61.3,Average
INT_04407,9.7,7.7,77.5,53.1,Average
INT_04408,8.8,6.4,89.2,51.1,Average
INT_04409,11.6,9.2,90.1,74.8,Average
INT_04410,12.6,7.8,93.7,58.4,Average
INT_04411,8.0,7.5,98.8,72.7,Average
INT_04412,9.8,7.8,87.2,62.0,Average
INT_04413,6.8,5.9,100.0,61.3,Average
INT_04414,2.5,6.7,73.9,56.8,Average
INT_04415,10.6,7.5,91.4,70.5,Average
INT_04416,11.8,7.2,81.6,42.2,Struggle
INT_04417,10.8,9.4,72.7,65.2,Average
INT_04418,4.2,7.8,86.4,75.4,Excel
INT_04419,8.9,8.8,76.3,70.8,Average
INT_04420,3.3,7.5,86.7,80.7,Excel
INT_04421,14.1,,88.3,61.6,Average
INT_04422,6.7,8.1,96.9,78.6,Excel
INT_04423,13.8,7.5,75.9,55.1,
INT_04424,12.8,7.5,95.3,57.4,Average
INT_04425,7.3,6.1,88.8,49.9,Average
INT_04426,6.6,8.3,96.2,,Average
INT_04427,11.1,7.4,84.5,47.9,Average
INT_04428,,,77.3,,Average
INT_04429,10.3,9.2,78.3,71.2,
INT_04430,8.6,5.6,77.7,43.3,Struggle
INT_04431,4.7,6.9,91.8,59.6,Average
INT_04432,3.3,,99.8,96.7,Excel
INT_04433,10.7,8.0,83.5,49.2,Average
INT_04434,8.3,7.4,93.0,,Average
INT_04435,8.3,7.9,75.8,,Average
INT_04436,12.1,7.8,89.4,59.5,Average
INT_04437,,5.2,93.3,41.9,Struggle
INT_04438,9.2,7.0,76.4,51.0,Average
INT_04439,9.0,9.9,86.4,87.6,Excel
INT_04440,11.5,6.5,93.7,53.3,Average
INT_04441,5.9,7.0,64.5,57.6,
INT_04442,10.7,6.7,98.7,63.0,Average
INT_04443,11.7,7.4,90.8,49.8,Average
INT_04444,12.0,,93.7,51.6,Average
INT_04445,4.2,8.2,84.7,86.9,Excel
INT_04446,7.7,7.8,74.2,,Average
INT_04447,7.4,8.7,92.3,71.9,Average
INT_04448,10.3,5.9,87.3,48.7,Average
INT_04449,11.4,7.0,88.3,50.7,Average
INT_04450,14.5,7.2,96.7,,Average
INT_04451,8.5,8.2,94.1,68.3,Average
INT_04452,8.5,,100.0,69.2,Average
INT_04453,13.4,8.9,89.2,,Average
INT_04454,,9.3,82.5,59.8,Average
INT_04455,13.8,6.0,86.5,32.2,Struggle
INT_04456,10.9,6.8,91.3,66.9,Average
INT_04457,6.5,6.7,96.1,64.7,Average
INT_04458,6.0,,76.3,81.4,Excel
INT_04459,5.3,6.9,88.1,60.7,Average
INT_04460,12.0,10.0,100.0,81.5,Excel
INT_04461,13.6,5.6,86.1,46.1,Average
INT_04462,15.5,6.0,95.4,38.3,Struggle
INT_04463,12.5,6.5,91.9,52.0,Average
INT_04464,13.5,6.2,,40.1,Struggle
INT_04465,8.3,7.1,81.5,68.2,Average
INT_04466,6.5,6.4,81.6,57.5,Average
INT_04467,12.6,6.3,88.2,,Struggle
INT_04468,11.3,9.2,75.7,,Average
INT_04469,10.3,9.3,85.8,67.8,Average
INT_04470,11.2,8.9,90.0,65.8,Average
INT_04471,11.0,8.3,,,Average
INT_04472,13.9,7.6,91.2,53.9,Average
INT_04473,13.9,6.8,93.0,,Average
INT_04474,11.6,6.1,97.3,54.3,Average
INT_04475,12.5,8.0,80.3,51.0,Average
INT_04476,11.5,5.7,86.7,39.2,Struggle
INT_04477,8.6,,100.0,58.9,Average
INT_04478,12.3,9.2,87.4,57.7,Average
INT_04479,5.8,10.0,96.9,91.7,Excel
INT_04480,13.2,8.1,95.7,51.2,Average
INT_04481,,9.2,76.2,78.4,Excel
INT_04482,10.9,7.1,90.5,60.6,Average
INT_04483,7.5,5.5,89.2,46.6,Average
INT_04484,11.7,8.4,90.6,67.8,Average
INT_04485,9.9,8.4,82.0,63.2,Average
INT_04486,5.2,7.6,79.1,59.9,Average
INT_04487,11.3,7.1,84.2,41.2,Struggle
INT_04488,8.3,8.9,87.2,,Average
INT_04489,12.6,6.0,97.5,44.8,Struggle
INT_04490,,6.3,100.0,64.4,Average
INT_04491,11.2,6.0,99.2,53.0,Average
INT_04492,7.1,7.6,94.9,66.6,Average
INT_04493,8.2,5.9,80.0,57.6,Average
INT_04494,8.6,6.5,84.7,56.9,Average
INT_04495,12.6,6.4,89.7,27.6,Struggle
INT_04496,15.0,7.1,82.9,41.0,
INT_04497,7.6,5.3,92.6,,Struggle
INT_04498,13.2,7.6,93.8,,Average
INT_04499,3.5,9.4,92.3,,Excel
INT_04500,6.4,7.7,96.2,75.2,Excel
INT_04501,7.1,9.8,80.8,79.3,Excel
INT_04502,5.9,9.5,95.5,92.3,Excel
INT_04503,5.2,8.7,82.4,78.2,Excel
INT_04504,11.2,7.6,80.5,56.9,Average
INT_04505,9.4,7.5,92.3,64.8,Average
INT_04506,11.1,,97.7,77.9,Excel
INT_04507,12.1,6.9,,51.7,Average
INT_04508,10.8,4.7,88.2,36.9,Struggle
INT_04509,12.0,8.2,90.5,51.5,Average
INT_04510,,5.8,89.1,54.9,Average
INT_04511,6.4,6.1,79.0,51.7,Average
INT_04512,13.2,7.5,78.1,63.9,Average
INT_04513,8.2,7.4,87.4,59.8,Average
INT_04514,7.2,5.4,,51.7,Average
INT_04515,9.5,7.7,88.1,65.7,
INT_04516,7.3,8.9,93.4,72.4,Average
INT_04517,8.7,5.8,86.3,51.6,Average
INT_04518,11.0,9.4,92.5,73.6,Average
INT_04519,11.0,5.2,86.8,38.9,Struggle
INT_04520,7.3,10.0,,96.0,Excel
INT_04521,8.5,6.9,88.6,53.8,Average
INT_04522,13.2,7.7,100.0,62.7,Average
INT_04523,11.5,4.7,90.8,46.5,Average
INT_04524,,7.4,86.3,41.2,Struggle
INT_04525,13.5,7.8,80.8,49.1,Average
INT_04526,13.4,7.4,76.5,58.3,Average
INT_04527,5.8,,80.1,60.8,Average
INT_04528,12.3,6.1,81.0,38.3,
INT_04529,9.8,9.2,91.2,78.1,Excel
INT_04530,8.3,7.5,,58.0,Average
INT_04531,10.5,9.8,89.5,,Average
INT_04532,12.8,6.7,98.3,61.7,Average
INT_04533,11.5,6.8,87.3,45.5,Average
INT_04534,7.4,8.7,100.0,94.1,Excel
INT_04535,12.2,5.1,78.6,30.2,Struggle
INT_04536,8.1,5.7,86.8,62.3,Average
INT_04537,,9.1,83.7,59.8,Average
INT_04538,,5.7,95.5,,Average
INT_04539,9.3,4.8,70.1,34.9,Struggle
INT_04540,12.3,10.0,76.5,70.6,Average
INT_04541,6.9,5.4,87.1,56.6,Average
INT_04542,15.8,,100.0,53.4,Average
INT_04543,4.5,7.6,89.8,65.6,Average
INT_04544,8.2,3.3,77.2,27.8,Struggle
INT_04545,11.1,7.1,78.4,50.5,Average
INT_04546,11.8,8.2,100.0,64.8,Average
INT_04547,9.7,8.0,83.0,62.9,Average
INT_04548,9.8,8.9,80.5,67.2,Average
INT_04549,11.2,6.9,99.8,54.6,Average
INT_04550,9.3,8.6,96.1,75.3,Excel
INT_04551,14.2,6.5,98.2,48.0,Average
INT_04552,12.5,5.4,80.4,31.6,Struggle
INT_04553,12.6,,75.8,38.3,Struggle
INT_04554,7.1,5.3,89.1,46.8,Average
INT_04555,9.8,9.0,90.7,,Average
INT_04556,9.1,5.2,90.9,47.8,
INT_04557,7.0,7.9,99.8,83.1,Excel
INT_04558,11.1,7.1,74.1,48.1,Average
INT_04559,8.4,7.3,94.9,68.8,Average
INT_04560,12.0,9.5,,63.3,Average
INT_04561,6.8,6.8,,65.2,Average
INT_04562,15.2,8.4,84.2,53.0,Average
INT_04563,7.3,,81.5,63.8,Average
INT_04564,10.7,7.3,83.1,52.4,Average
INT_04565,12.4,10.0,76.4,73.2,Average
INT_04566,8.3,5.3,88.3,46.4,Average
INT_04567,12.6,9.4,81.8,54.9,Average
INT_04568,6.3,8.5,,93.1,Excel
INT_04569,14.4,,93.1,46.7,Average
INT_04570,10.0,9.9,100.0,90.7,Excel
INT_04571,8.2,4.7,90.9,53.6,Average
INT_04572,9.1,6.7,92.2,63.8,
INT_04573,,5.7,99.2,47.2,Average
INT_04574,8.2,8.1,83.0,66.5,Average
INT_04575,7.8,5.8,76.1,39.1,Struggle
INT_04576,,8.1,89.6,77.6,Excel
INT_04577,6.5,7.2,76.6,54.1,Average
INT_04578,15.5,6.8,100.0,48.6,Average
INT_04579,8.3,8.1,99.6,74.4,
INT_04580,12.5,7.1,100.0,57.8,Average
INT_04581,10.6,5.9,88.5,43.7,Struggle
INT_04582,7.0,10.0,92.4,93.5,Excel
INT_04583,10.0,6.8,84.3,57.9,Average
INT_04584,12.4,4.2,95.1,37.4,Struggle
INT_04585,9.4,6.2,78.3,44.5,Struggle
INT_04586,13.6,5.6,67.7,33.6,Struggle
INT_04587,13.1,8.7,81.7,55.9,Average
INT_04588,12.8,8.0,76.4,59.6,
INT_04589,8.6,8.1,99.8,74.0,Average
INT_04590,6.8,6.9,100.0,76.2,Excel
INT_04591,,7.1,76.8,53.8,
INT_04592,10.6,6.9,98.3,60.8,Average
INT_04593,11.6,7.4,95.6,66.5,Average
INT_04594,3.5,8.8,75.4,87.3,Excel
INT_04595,10.0,8.0,84.9,70.3,Average
INT_04596,10.5,8.3,83.4,66.3,Average
INT_04597,9.2,8.2,94.0,73.3,Average
INT_04598,13.9,8.8,78.2,52.6,Average
INT_04599,11.3,7.9,87.2,61.3,Average
INT_04600,13.9,8.0,82.5,47.1,Average
INT_04601,9.4,9.3,91.8,77.7,Excel
INT_04602,12.8,6.5,86.3,48.4,Average
INT_04603,14.9,6.2,83.7,27.3,Struggle
INT_04604,13.9,5.7,86.3,38.4,Struggle
INT_04605,6.7,7.8,100.0,77.5,Excel
INT_04606,9.2,4.7,84.7,39.7,Struggle
INT_04607,9.0,8.2,79.7,64.1,Average
INT_04608,11.5,7.3,92.7,50.7,Average
INT_04609,12.1,9.2,86.9,62.3,Average
INT_04610,,6.5,76.7,57.4,Average
INT_04611,10.2,7.2,100.0,63.9,Average
INT_04612,,9.2,85.2,84.4,Excel
INT_04613,14.3,9.6,85.0,60.4,Average
INT_04614,8.5,6.5,89.3,,Average
INT_04615,10.2,7.8,100.0,55.2,Average
INT_04616,9.1,7.9,74.6,62.0,Average
INT_04617,13.4,8.1,90.2,67.8,Average
INT_04618,2.0,7.1,100.0,74.5,Average
INT_04619,10.0,,89.0,68.6,Average
INT_04620,9.7,4.7,78.1,37.6,Struggle
INT_04621,,6.9,83.1,63.6,Average
INT_04622,15.2,8.2,89.7,54.5,Average
INT_04623,7.3,8.2,98.6,69.2,Average
INT_04624,,9.5,85.3,66.4,Average
INT_04625,11.1,9.3,94.6,68.0,Average
INT_04626,13.8,7.1,76.5,38.7,Struggle
INT_04627,8.0,9.4,76.5,69.4,Average
INT_04628,7.8,6.4,84.1,49.6,Average
INT_04629,13.3,8.9,99.5,64.7,Average
INT_04630,11.3,,88.6,75.2,Excel
INT_04631,5.4,9.3,90.3,84.6,Excel
INT_04632,8.4,,90.2,57.5,Average
INT_04633,11.2,7.0,96.9,61.0,
INT_04634,12.5,5.2,83.1,,
INT_04635,8.0,8.0,93.5,74.3,Average
INT_04636,2.0,5.8,81.4,65.5,Average
INT_04637,11.6,6.3,100.0,51.8,Average
INT_04638,6.3,5.7,81.6,54.8,Average
INT_04639,3.9,6.8,80.9,59.0,Average
INT_04640,2.0,7.5,92.4,86.0,Excel
INT_04641,12.4,7.9,88.6,53.4,Average
INT_04642,10.4,6.6,90.6,56.1,Average
INT_04643,9.3,9.1,89.8,72.3,Average
INT_04644,14.2,,,38.4,Struggle
INT_04645,11.9,6.3,,59.2,Average
INT_04646,14.8,,95.1,,Average
INT_04647,5.8,10.0,98.9,82.5,Excel
INT_04648,9.9,8.0,83.8,45.1,Average
INT_04649,5.1,7.0,91.3,63.1,Average
INT_04650,9.3,5.2,89.6,53.8,Average
INT_04651,9.3,7.2,97.0,71.0,Average
INT_04652,11.9,,97.3,59.4,Average
INT_04653,10.1,6.9,89.5,54.2,Average
INT_04654,11.9,5.0,75.9,,Struggle
INT_04655,12.1,6.2,100.0,45.7,Average
INT_04656,16.5,9.7,92.4,58.6,Average
INT_04657,9.1,9.7,83.1,,Excel
INT_04658,7.2,6.2,91.3,61.0,Average
INT_04659,10.7,8.5,75.9,60.0,Average
INT_04660,7.6,5.7,96.4,49.7,Average
INT_04661,14.4,9.6,76.2,,Average
INT_04662,9.2,7.9,86.2,50.3,Average
INT_04663,8.3,8.9,90.0,79.0,Excel
INT_04664,8.6,4.9,96.3,50.9,Average
INT_04665,12.2,8.5,88.9,55.3,Average
INT_04666,9.5,7.5,93.1,72.5,
INT_04667,8.1,,87.8,62.5,Average
INT_04668,15.0,,87.7,61.7,Average
INT_04669,7.4,7.6,88.7,69.3,
INT_04670,10.1,6.6,86.5,45.5,Average
INT_04671,12.0,8.7,,56.1,Average
INT_04672,5.1,7.4,81.9,56.8,Average
INT_04673,11.4,,90.0,32.9,Struggle
INT_04674,6.8,6.1,86.0,49.7,
INT_04675,12.5,5.3,86.8,35.0,Struggle
INT_04676,7.1,6.7,85.4,62.6,
INT_04677,12.1,9.2,81.1,63.4,Average
INT_04678,13.3,7.8,84.1,53.0,Average
INT_04679,12.6,6.7,85.5,41.8,Struggle
INT_04680,10.8,8.7,88.0,63.6,Average
INT_04681,9.3,6.3,91.1,49.1,Average
INT_04682,8.3,7.6,86.6,56.7,Average
INT_04683,14.4,7.2,,40.8,Struggle
INT_04684,7.9,8.7,,66.4,
INT_04685,6.9,5.1,100.0,53.3,Average
INT_04686,12.0,6.2,79.0,39.9,Struggle
INT_04687,7.6,5.0,83.9,49.2,Average
INT_04688,7.1,7.1,92.1,,Average
INT_04689,5.7,9.3,90.9,75.6,Excel
INT_04690,8.6,6.7,92.2,62.9,Average
INT_04691,9.8,6.7,84.5,54.4,Average
INT_04692,,8.8,89.9,70.2,Average
INT_04693,12.9,9.1,88.5,68.7,Average
INT_04694,11.6,7.4,85.5,56.7,Average
INT_04695,9.4,8.5,90.0,69.3,Average
INT_04696,9.4,5.9,96.4,67.8,
INT_04697,11.5,9.6,87.8,63.7,Average
INT_04698,13.8,10.0,87.9,65.8,Average
INT_04699,10.4,8.3,96.5,74.5,Average
INT_04700,8.6,4.4,95.7,46.0,Average
INT_04701,7.0,6.7,100.0,71.0,Average
INT_04702,5.7,8.4,74.0,68.3,Average
INT_04703,12.0,6.9,95.2,62.9,Average
INT_04704,11.7,,92.8,66.5,Average
INT_04705,11.7,8.4,80.9,65.8,Average
INT_04706,9.6,6.4,90.0,60.8,Average
INT_04707,14.2,7.5,96.4,49.2,Average
INT_04708,8.5,,,53.3,Average
INT_04709,12.9,,91.5,53.6,Average
INT_04710,9.9,6.7,95.0,54.7,Average
INT_04711,8.2,9.3,79.4,60.5,Average
INT_04712,11.8,10.0,86.9,67.2,Average
INT_04713,11.2,5.4,90.4,47.5,Average
INT_04714,11.1,4.6,81.6,38.4,Struggle
INT_04715,10.2,7.1,81.0,51.6,Average
INT_04716,9.9,5.2,86.9,48.1,Average
INT_04717,17.2,7.6,94.4,54.1,Average
INT_04718,13.6,8.6,93.1,63.9,Average
INT_04719,12.2,9.7,81.1,63.0,Average
INT_04720,10.3,7.8,93.2,66.5,Average
INT_04721,13.0,7.2,81.3,50.4,Average
INT_04722,11.6,4.5,75.1,32.4,Struggle
INT_04723,10.1,7.5,85.1,63.0,Average
INT_04724,9.1,7.6,97.0,59.8,Average
INT_04725,9.8,8.5,93.2,67.0,Average
INT_04726,2.0,6.4,88.0,58.5,Average
INT_04727,10.6,6.8,84.7,,Average
INT_04728,8.5,5.3,84.9,44.5,
INT_04729,14.8,4.1,88.9,28.7,Struggle
INT_04730,10.1,5.8,79.5,35.1,Struggle
INT_04731,6.4,5.1,85.2,57.0,Average
INT_04732,9.9,8.0,86.3,56.0,Average
INT_04733,6.9,6.7,77.2,59.2,Average
INT_04734,,,81.3,48.1,Average
INT_04735,10.9,6.0,91.3,,Average
INT_04736,12.9,2.7,88.1,18.5,Struggle
INT_04737,7.6,9.8,85.5,75.5,Excel
INT_04738,10.1,6.0,80.7,,Average
INT_04739,5.9,6.9,100.0,70.7,Average
INT_04740,12.1,5.3,81.3,29.4,Struggle
INT_04741,11.6,9.0,90.0,65.6,Average
INT_04742,11.5,7.7,84.1,56.7,Average
INT_04743,,6.3,88.3,56.3,Average
INT_04744,11.2,6.9,91.7,51.7,Average
INT_04745,14.8,10.0,77.0,58.0,Average
INT_04746,9.1,7.4,87.9,60.9,Average
INT_04747,10.4,7.2,97.5,67.1,Average
INT_04748,6.7,6.1,100.0,55.8,
INT_04749,7.4,4.7,87.0,47.6,Average
INT_04750,10.3,7.3,88.3,55.1,Average
INT_04751,13.3,8.0,100.0,61.1,Average
INT_04752,9.2,9.1,97.1,89.0,Excel
INT_04753,9.3,4.1,83.1,,Struggle
INT_04754,8.8,5.8,83.0,52.0,Average
INT_04755,8.4,6.6,95.7,65.3,Average
INT_04756,10.9,7.5,79.9,46.8,Average
INT_04757,5.5,7.3,96.7,62.2,Average
INT_04758,13.8,7.3,90.7,,Average
INT_04759,8.0,8.1,92.1,64.4,Average
INT_04760,12.2,6.1,85.9,35.4,Struggle
INT_04761,6.2,8.9,83.0,80.4,Excel
INT_04762,12.0,8.2,99.7,60.9,Average
INT_04763,12.0,7.0,86.0,46.8,Average
INT_04764,11.2,9.9,84.7,83.2,Excel
INT_04765,7.0,9.8,87.4,72.6,Average
INT_04766,10.7,8.9,89.5,61.8,Average
INT_04767,6.5,3.0,79.8,28.5,Struggle
INT_04768,9.2,9.9,83.5,74.0,Average
INT_04769,13.1,8.7,83.1,53.9,Average
INT_04770,12.4,10.0,94.8,69.5,Average
INT_04771,10.0,9.4,80.9,77.0,Excel
INT_04772,7.1,9.9,74.0,76.0,Excel
INT_04773,11.9,8.8,72.3,,Average
INT_04774,10.1,9.5,76.2,66.4,Average
INT_04775,3.0,10.0,98.9,99.4,Excel
INT_04776,12.3,7.8,,62.4,Average
INT_04777,9.9,5.1,92.0,40.2,Struggle
INT_04778,13.6,,92.3,52.9,Average
INT_04779,6.7,8.1,88.4,,Average
INT_04780,2.0,7.6,,85.5,Excel
INT_04781,10.8,5.6,96.4,60.5,Average
INT_04782,10.9,5.1,89.2,41.9,Struggle
INT_04783,4.9,6.4,99.2,75.2,Excel
INT_04784,7.1,8.7,93.0,62.2,Average
INT_04785,18.3,9.9,83.1,64.9,Average
INT_04786,9.1,8.9,84.0,65.0,Average
INT_04787,12.2,9.1,82.2,61.6,
INT_04788,,7.4,97.7,70.9,Average
INT_04789,3.7,4.9,84.8,52.0,Average
INT_04790,9.5,6.8,81.6,53.6,Average
INT_04791,9.2,7.1,90.6,69.0,Average
INT_04792,8.8,6.8,87.2,54.5,Average
INT_04793,9.7,7.6,,56.3,Average
INT_04794,10.8,8.2,100.0,,Excel
INT_04795,9.5,8.8,95.3,76.6,Excel
INT_04796,6.2,7.1,88.2,75.6,Excel
INT_04797,11.5,4.6,76.7,35.4,Struggle
INT_04798,4.2,6.8,84.0,57.3,Average
INT_04799,3.8,7.6,93.7,,Excel
INT_04800,12.2,9.3,78.6,57.2,Average
INT_04801,11.5,6.6,100.0,57.4,Average
INT_04802,9.8,8.3,88.1,65.1,Average
INT_04803,5.8,7.9,88.4,62.7,Average
INT_04804,,,82.7,57.1,Average
INT_04805,9.2,8.9,92.0,85.6,Excel
INT_04806,5.2,6.5,78.7,59.0,
INT_04807,7.8,6.6,100.0,64.1,Average
INT_04808,,7.5,98.5,71.5,Average
INT_04809,14.3,6.5,95.9,46.3,Average
INT_04810,8.7,8.3,,61.0,Average
INT_04811,12.3,6.4,89.6,54.0,Average
INT_04812,4.3,,97.7,77.3,Excel
INT_04813,12.0,,92.7,53.1,Average
INT_04814,7.6,7.8,80.0,,Average
INT_04815,10.9,6.8,82.8,44.9,Struggle
INT_04816,9.3,7.0,84.4,50.5,Average
INT_04817,14.0,7.6,83.2,50.7,Average
INT_04818,7.4,7.8,100.0,70.6,Average
INT_04819,11.9,7.5,72.6,59.2,
INT_04820,9.2,10.0,93.2,75.9,Excel
INT_04821,,6.0,77.7,52.4,Average
INT_04822,9.4,7.4,80.3,57.2,Average
INT_04823,7.5,5.1,71.9,44.2,Struggle
INT_04824,10.0,8.1,83.6,65.4,Average
INT_04825,9.8,5.8,100.0,42.8,Struggle
INT_04826,10.7,7.1,90.1,56.4,Average
INT_04827,10.3,6.9,78.4,48.5,Average
INT_04828,12.4,7.9,96.1,55.9,Average
INT_04829,12.8,6.7,97.9,56.2,Average
INT_04830,6.8,6.6,88.8,70.1,Average
INT_04831,12.6,9.7,100.0,61.1,Average
INT_04832,6.4,7.9,94.6,70.8,Average
INT_04833,11.8,6.7,93.5,46.3,Average
INT_04834,11.9,7.1,81.6,50.1,Average
INT_04835,4.3,10.0,93.0,89.9,Excel
INT_04836,10.3,7.1,89.7,54.3,Average
INT_04837,8.6,6.5,92.2,61.6,Average
INT_04838,7.7,6.5,82.5,63.4,Average
INT_04839,14.1,6.7,89.0,60.9,Average
INT_04840,8.0,6.6,81.5,49.9,Average
INT_04841,7.6,5.6,70.8,31.7,Struggle
INT_04842,,5.8,96.0,55.1,Average
INT_04843,12.1,6.3,76.0,49.1,Average
INT_04844,9.6,8.4,88.9,71.8,Average
INT_04845,13.5,,90.7,58.9,
INT_04846,11.6,7.2,90.6,54.5,Average
INT_04847,3.5,9.4,85.7,82.0,Excel
INT_04848,8.4,9.4,90.2,78.4,Excel
INT_04849,8.3,7.1,91.8,60.6,Average
INT_04850,11.4,6.6,93.9,,Average
INT_04851,2.1,6.2,100.0,79.2,Excel
INT_04852,17.6,8.5,89.9,57.9,Average
INT_04853,11.6,7.2,88.5,57.4,Average
INT_04854,10.4,6.9,80.7,52.1,
INT_04855,13.5,6.3,91.5,50.2,Average
INT_04856,17.0,6.3,93.3,29.1,Struggle
INT_04857,12.6,8.0,86.5,57.9,Average
INT_04858,12.8,5.5,,42.8,Struggle
INT_04859,10.4,9.0,85.7,69.2,Average
INT_04860,9.6,6.7,93.4,,Average
INT_04861,,7.3,95.3,67.6,Average
INT_04862,7.5,5.5,95.2,51.8,Average
INT_04863,7.9,7.5,88.9,70.7,Average
INT_04864,5.9,7.0,79.7,62.8,Average
INT_04865,9.8,7.4,83.1,57.8,Average
INT_04866,4.9,9.7,92.8,84.4,Excel
INT_04867,10.6,7.8,100.0,71.6,Average
INT_04868,9.9,6.3,85.3,51.3,Average
INT_04869,10.4,6.4,91.6,49.2,Average
INT_04870,8.4,8.4,83.6,66.4,Average
INT_04871,19.2,9.4,80.2,53.2,
INT_04872,14.1,7.9,82.6,54.2,Average
INT_04873,6.3,8.5,71.3,68.2,Average
INT_04874,10.7,8.4,98.8,71.2,Average
INT_04875,8.2,9.6,70.2,74.1,Average
INT_04876,7.0,4.6,85.9,51.5,Average
INT_04877,6.0,8.5,78.6,,Average
INT_04878,11.3,9.0,80.9,60.1,Average
INT_04879,8.0,5.5,99.0,50.3,Average
INT_04880,,6.2,89.6,,Struggle
INT_04881,13.0,6.2,,51.2,Average
INT_04882,14.1,6.4,83.3,42.5,Struggle
INT_04883,7.4,6.8,81.9,68.5,Average
INT_04884,11.4,7.9,87.7,58.4,Average
INT_04885,11.9,8.8,89.4,64.1,Average
INT_04886,8.6,9.1,,80.3,Excel
INT_04887,7.7,6.2,72.7,46.8,Average
INT_04888,14.8,,87.7,36.4,Struggle
INT_04889,10.7,9.5,85.5,64.3,Average
INT_04890,11.9,8.5,95.6,69.5,Average
INT_04891,7.5,,90.8,73.2,Average
INT_04892,6.3,8.2,92.7,88.6,Excel
INT_04893,8.3,7.5,90.8,62.1,Average
INT_04894,9.6,8.3,80.5,59.9,Average
INT_04895,6.8,7.0,97.7,64.0,Average
INT_04896,10.0,7.9,94.4,72.4,Average
INT_04897,4.9,5.2,95.3,63.2,Average
INT_04898,6.6,6.5,98.1,60.3,Average
INT_04899,12.0,6.5,,,Average
INT_04900,11.8,6.9,99.8,64.0,Average
INT_04901,8.8,6.1,91.0,56.3,Average
INT_04902,6.9,6.7,86.2,63.8,Average
INT_04903,,5.2,87.9,45.4,Average
INT_04904,8.9,8.3,87.8,57.2,Average
INT_04905,,7.4,,47.7,Average
INT_04906,12.8,4.9,100.0,46.6,Average
INT_04907,8.5,6.2,90.4,67.2,Average
INT_04908,6.5,8.0,,68.5,Average
INT_04909,10.8,6.7,91.1,66.8,
INT_04910,7.5,6.5,100.0,68.9,Average
INT_04911,8.4,7.4,78.9,49.4,Average
INT_04912,14.0,8.0,,52.5,Average
INT_04913,12.5,5.3,77.0,38.2,Struggle
INT_04914,10.5,8.3,86.1,50.0,Average
INT_04915,6.2,6.3,90.0,64.0,Average
INT_04916,10.6,7.5,84.3,62.7,Average
INT_04917,13.2,7.4,,52.5,Average
INT_04918,8.9,6.7,89.1,56.9,Average
INT_04919,14.1,6.0,84.0,37.4,Struggle
INT_04920,13.9,7.1,90.5,48.8,Average
INT_04921,15.0,9.9,96.9,64.7,Average
INT_04922,10.9,5.5,93.4,,Struggle
INT_04923,11.8,10.0,95.0,75.1,Excel
INT_04924,,7.1,96.7,53.6,Average
INT_04925,11.3,7.6,90.3,55.5,Average
INT_04926,8.5,5.9,86.7,46.0,Average
INT_04927,8.7,6.3,81.8,55.3,Average
INT_04928,10.7,6.7,84.9,53.3,Average
INT_04929,6.1,5.9,83.8,51.6,Average
INT_04930,9.6,7.2,93.9,64.5,Average
INT_04931,13.3,6.9,90.8,47.6,Average
INT_04932,3.4,10.0,93.6,94.3,Excel
INT_04933,14.6,5.8,78.7,38.2,Struggle
INT_04934,13.4,7.7,99.5,56.8,Average
INT_04935,8.6,7.9,,56.8,Average
INT_04936,11.6,5.9,79.2,39.5,Struggle
INT_04937,10.0,8.5,84.5,57.3,Average
INT_04938,13.7,6.9,100.0,53.0,Average
INT_04939,12.9,3.8,84.9,24.3,Struggle
INT_04940,5.8,8.5,85.4,60.2,Average
INT_04941,11.8,5.8,86.5,46.5,Average
INT_04942,9.4,5.9,86.8,48.4,Average
INT_04943,10.2,8.5,81.7,69.5,Average
INT_04944,7.8,7.0,89.1,62.5,Average
INT_04945,15.2,8.9,,67.3,Average
INT_04946,13.1,9.3,90.5,73.9,Average
INT_04947,7.8,6.5,79.1,52.0,Average
INT_04948,6.0,8.7,85.2,74.8,Average
INT_04949,8.8,6.4,83.6,43.1,Struggle
INT_04950,11.3,10.0,88.4,81.6,Excel
INT_04951,10.7,6.5,98.6,56.1,Average
INT_04952,13.8,9.0,86.8,56.3,Average
INT_04953,12.4,8.8,87.3,67.3,Average
INT_04954,12.9,8.0,100.0,51.5,Average
INT_04955,11.0,6.5,,52.2,
INT_04956,5.8,7.3,92.6,74.5,Average
INT_04957,9.4,4.3,100.0,42.7,Struggle
INT_04958,13.2,7.8,91.9,,Average
INT_04959,9.8,8.0,72.1,52.6,Average
INT_04960,11.5,7.7,94.7,50.5,Average
INT_04961,9.0,3.0,75.3,27.6,Struggle
INT_04962,6.9,5.6,91.6,54.3,Average
INT_04963,9.6,6.4,74.3,43.6,Struggle
INT_04964,10.9,7.9,84.3,57.3,Average
INT_04965,8.0,7.9,85.1,65.3,Average
INT_04966,9.3,7.2,81.8,59.7,
INT_04967,7.2,8.5,85.2,70.4,Average
INT_04968,13.4,6.0,96.3,39.0,Struggle
INT_04969,9.1,8.4,82.3,68.0,Average
INT_04970,,8.2,92.4,60.8,Average
INT_04971,14.6,8.1,80.3,51.0,Average
INT_04972,9.8,7.2,86.5,63.5,Average
INT_04973,7.0,10.0,90.6,85.1,
INT_04974,3.7,8.2,,79.7,Excel
INT_04975,5.6,,77.5,60.8,Average
INT_04976,5.9,7.9,91.9,76.4,Excel
INT_04977,14.1,8.6,97.0,59.8,Average
INT_04978,10.3,6.6,87.4,,Average
INT_04979,,9.1,84.3,73.5,Average
INT_04980,3.3,8.1,89.2,70.0,Average
INT_04981,6.4,4.0,88.4,40.9,Struggle
INT_04982,,7.9,89.9,56.5,Average
INT_04983,10.9,6.9,,37.6,Struggle
INT_04984,9.6,8.3,79.4,66.4,Average
INT_04985,11.7,8.9,81.2,64.4,Average
INT_04986,14.9,7.8,89.2,48.2,Average
INT_04987,9.3,10.0,89.5,82.7,Excel
INT_04988,10.2,7.2,,59.4,Average
INT_04989,10.6,8.4,90.1,61.3,Average
INT_04990,17.2,8.7,77.6,43.4,Struggle
INT_04991,3.7,7.4,99.6,80.8,Excel
INT_04992,12.0,8.7,98.2,74.5,Average
INT_04993,9.7,6.6,,45.9,Average
INT_04994,11.7,6.9,90.7,56.3,Average
INT_04995,8.0,5.5,83.2,56.3,Average
INT_04996,9.9,7.9,89.1,56.2,Average
INT_04997,,8.0,96.4,65.4,Average
INT_04998,19.3,9.3,100.0,63.9,Average
INT_04999,12.4,8.7,94.0,65.8,Average
INT_05000,7.5,7.1,90.4,70.3,Average
INT_05001,8.7,5.7,85.3,60.8,Average
INT_05002,8.6,8.1,89.5,69.8,Average
INT_05003,4.6,9.2,98.9,87.3,Excel
INT_05004,9.0,,87.6,74.9,Average
INT_05005,12.2,9.1,80.9,67.2,Average
INT_05006,6.2,7.2,75.0,44.3,Struggle
INT_05007,13.1,6.8,92.1,50.6,Average
INT_05008,11.5,6.4,,47.9,Average
INT_05009,7.8,7.4,,63.1,Average
INT_05010,9.6,7.4,96.2,63.3,Average
INT_05011,14.8,7.8,84.6,49.5,Average
INT_05012,12.2,,86.9,48.4,Average
INT_05013,10.0,,87.9,62.3,Average
INT_05014,9.3,6.3,85.2,60.8,Average
INT_05015,10.2,8.9,89.9,65.4,Average
INT_05016,8.5,7.6,97.2,61.1,Average
INT_05017,3.7,7.2,78.9,66.1,Average
INT_05018,16.1,6.4,91.9,41.2,Struggle
INT_05019,10.5,5.5,89.4,52.2,Average
INT_05020,11.2,9.5,89.2,64.7,Average
INT_05021,9.8,,95.0,66.8,Average
INT_05022,7.8,,88.4,35.7,Struggle
INT_05023,9.4,8.6,91.8,78.7,Excel
INT_05024,5.2,8.9,93.7,84.0,Excel
INT_05025,16.8,7.7,84.0,42.0,Struggle
INT_05026,6.3,9.9,90.4,78.1,Excel
INT_05027,6.9,7.8,86.0,60.5,Average
INT_05028,8.7,5.4,86.9,49.4,Average
INT_05029,13.9,8.0,85.4,47.9,Average
INT_05030,10.0,7.9,91.8,64.9,Average
INT_05031,6.3,6.6,88.7,72.9,Average
INT_05032,13.8,8.4,91.2,57.7,Average
INT_05033,12.2,5.0,87.9,32.3,Struggle
INT_05034,11.6,9.0,75.2,61.7,
INT_05035,12.1,6.2,88.3,39.4,Struggle
INT_05036,17.2,6.0,88.5,44.3,Struggle
INT_05037,16.6,7.3,89.9,53.8,Average
INT_05038,7.9,8.1,83.3,65.0,Average
INT_05039,14.9,7.7,78.4,,Struggle
INT_05040,11.1,6.4,93.0,50.0,Average
INT_05041,11.5,6.7,85.8,48.5,Average
INT_05042,4.9,5.8,89.4,61.4,Average
INT_05043,9.5,7.2,85.7,63.0,Average
INT_05044,7.6,9.1,88.0,70.3,Average
INT_05045,12.5,7.5,84.4,58.1,Average
INT_05046,13.2,8.8,80.3,61.1,Average
INT_05047,,9.7,91.8,87.2,Excel
INT_05048,9.9,6.6,83.2,45.0,Average
INT_05049,13.4,7.2,89.3,52.1,Average
INT_05050,9.4,10.0,91.3,74.2,Average
INT_05051,12.2,9.7,83.3,73.3,Average
INT_05052,11.1,5.0,78.4,28.5,Struggle
INT_05053,11.0,8.1,100.0,71.4,Average
INT_05054,9.2,7.5,83.8,58.6,Average
INT_05055,6.4,8.7,93.0,75.6,Excel
INT_05056,6.6,6.4,100.0,65.1,Average
INT_05057,12.1,6.2,94.3,56.1,Average
INT_05058,10.1,6.5,85.6,44.6,Struggle
INT_05059,9.6,6.6,87.5,52.0,Average
INT_05060,8.7,8.7,81.3,63.0,Average
INT_05061,,5.7,95.1,53.0,Average
INT_05062,13.1,6.6,92.5,45.4,Average
INT_05063,9.0,4.8,,31.0,Struggle
INT_05064,,9.0,79.7,68.1,Average
INT_05065,12.2,9.4,77.4,71.6,Average
INT_05066,9.4,7.0,95.9,63.4,Average
INT_05067,10.1,7.1,89.0,58.2,Average
INT_05068,14.8,8.2,89.7,53.8,Average
INT_05069,9.9,9.7,81.4,71.3,Average
INT_05070,10.9,8.1,76.3,53.3,Average
INT_05071,6.5,,95.7,67.1,Average
INT_05072,9.3,5.1,88.3,45.0,Struggle
INT_05073,11.8,5.8,95.3,41.8,Struggle
INT_05074,5.3,7.6,84.9,69.9,Average
INT_05075,10.6,6.5,86.1,36.9,Struggle
INT_05076,10.3,7.8,93.7,66.6,Average
INT_05077,10.1,6.7,93.9,49.1,Average
INT_05078,13.1,5.9,94.4,45.2,Average
INT_05079,11.0,5.7,85.6,37.4,Struggle
INT_05080,14.4,9.8,92.9,69.5,Average
INT_05081,7.0,8.8,96.9,83.4,Excel
INT_05082,10.4,10.0,87.2,,Excel
INT_05083,10.3,8.3,83.9,54.0,Average
INT_05084,6.8,6.9,98.7,73.4,Average
INT_05085,12.9,9.5,82.8,65.4,Average
INT_05086,17.0,7.5,93.0,45.1,Average
INT_05087,9.9,7.8,87.5,66.1,Average
INT_05088,,7.4,73.3,46.6,Average
INT_05089,10.3,3.1,97.0,37.5,Struggle
INT_05090,7.9,9.9,65.9,63.2,Average
INT_05091,4.5,8.2,72.1,63.9,Average
INT_05092,7.9,8.0,92.2,75.2,Excel
INT_05093,5.8,7.4,92.2,78.4,Excel
INT_05094,15.1,7.7,82.9,47.7,Average
INT_05095,9.7,6.6,89.2,39.4,
INT_05096,9.0,8.4,67.7,56.0,Average
INT_05097,12.7,5.5,93.7,43.9,Struggle
INT_05098,6.6,7.8,90.0,68.5,Average
INT_05099,7.7,8.3,,72.1,
INT_05100,10.2,7.2,88.2,,Average
INT_05101,13.1,8.1,91.9,,
INT_05102,11.5,6.0,87.8,39.6,
INT_05103,10.7,6.1,73.0,46.6,Average
INT_05104,10.2,7.9,100.0,77.0,Excel
INT_05105,11.2,8.5,97.6,64.6,Average
INT_05106,10.6,4.7,77.7,28.1,Struggle
INT_05107,6.9,,85.2,72.4,Average
INT_05108,10.1,6.7,86.1,46.1,Average
INT_05109,6.8,7.2,96.6,66.5,Average
INT_05110,10.2,5.5,70.7,41.8,Struggle
INT_05111,8.6,,84.0,55.7,Average
INT_05112,17.6,8.9,73.9,57.1,Average
INT_05113,9.9,7.5,85.7,60.0,Average
INT_05114,5.8,6.9,84.2,59.0,Average
INT_05115,9.6,7.3,88.6,60.0,Average
INT_05116,11.6,8.2,83.2,58.1,Average
INT_05117,15.0,8.2,82.0,49.8,
INT_05118,8.2,7.4,93.0,65.3,Average
INT_05119,5.3,9.1,91.6,77.9,Excel
INT_05120,12.5,9.0,92.4,68.8,Average
INT_05121,5.9,8.1,86.6,64.1,Average
INT_05122,8.7,7.6,83.4,56.5,Average
INT_05123,9.2,8.5,87.0,67.0,Average
INT_05124,9.8,8.0,92.0,53.1,Average
INT_05125,12.1,9.1,70.6,61.1,Average
INT_05126,7.9,8.8,91.2,63.7,Average
INT_05127,9.2,6.0,90.5,55.9,Average
INT_05128,10.0,5.9,88.5,41.6,Struggle
INT_05129,10.4,6.4,86.8,48.6,Average
INT_05130,10.3,9.0,67.5,60.8,Average
INT_05131,11.3,5.1,84.5,50.8,
INT_05132,12.5,8.1,100.0,65.9,Average
INT_05133,11.2,8.0,88.1,50.1,Average
INT_05134,11.4,,85.5,73.0,
INT_05135,5.3,7.8,88.1,70.3,Average
INT_05136,,5.5,90.8,47.4,Average
INT_05137,11.4,6.1,93.3,52.8,Average
INT_05138,12.2,5.7,86.2,29.4,Struggle
INT_05139,7.9,6.7,91.4,60.4,Average
INT_05140,8.0,7.2,100.0,66.4,Average
INT_05141,8.3,5.8,96.1,62.5,Average
INT_05142,11.6,9.7,100.0,82.5,Excel
INT_05143,13.1,5.5,82.7,27.4,Struggle
INT_05144,8.8,9.5,100.0,90.1,Excel
INT_05145,12.7,9.3,81.7,65.4,Average
INT_05146,10.4,8.8,90.8,61.3,Average
INT_05147,9.6,6.5,93.9,56.9,Average
INT_05148,9.4,8.0,83.9,,Average
INT_05149,12.2,5.6,88.7,35.4,Struggle
INT_05150,11.0,8.9,,78.9,Excel
INT_05151,16.8,7.4,82.3,33.1,Struggle
INT_05152,7.4,6.9,100.0,63.1,Average
INT_05153,11.6,5.7,76.9,32.3,Struggle
INT_05154,8.4,3.8,100.0,51.5,Average
INT_05155,7.4,5.9,96.0,56.1,Average
INT_05156,10.0,,87.3,64.6,
INT_05157,10.4,6.9,84.8,55.4,Average
INT_05158,18.8,7.2,83.9,,Struggle
INT_05159,9.4,8.5,,70.9,Average
INT_05160,6.6,10.0,87.6,82.5,Excel
INT_05161,10.8,9.5,98.0,78.9,Excel
INT_05162,3.8,6.0,100.0,65.6,Average
INT_05163,9.7,4.6,89.6,50.3,Average
INT_05164,10.0,10.0,81.2,79.6,Excel
INT_05165,12.4,10.0,83.6,75.8,Excel
INT_05166,12.9,7.8,86.5,59.2,Average
INT_05167,8.5,5.6,79.8,47.9,Average
INT_05168,9.5,8.9,78.6,58.6,Average
INT_05169,7.7,7.3,100.0,73.6,Average
INT_05170,6.6,7.3,90.4,67.6,Average
INT_05171,10.9,8.8,81.3,70.5,Average
INT_05172,6.2,8.0,94.5,79.3,Excel
INT_05173,8.8,,78.6,47.8,Average
INT_05174,7.0,7.0,79.2,48.3,Average
INT_05175,11.6,8.5,81.6,59.1,Average
INT_05176,15.4,8.3,100.0,57.4,Average
INT_05177,6.1,7.9,86.0,70.9,Average
INT_05178,4.4,8.9,68.5,67.9,
INT_05179,9.6,7.0,97.7,60.6,Average
INT_05180,10.0,7.8,85.5,62.7,Average
INT_05181,10.7,2.4,73.2,12.5,Struggle
INT_05182,8.7,6.8,85.5,57.1,
INT_05183,9.4,8.6,92.2,62.8,Average
INT_05184,11.1,6.9,,50.5,Average
INT_05185,,6.8,100.0,58.7,Average
INT_05186,4.1,5.9,81.2,50.5,Average
INT_05187,8.9,9.0,88.4,79.7,Excel
INT_05188,10.6,8.3,82.4,66.4,Average
INT_05189,7.2,8.7,75.7,65.7,Average
INT_05190,15.2,4.9,95.1,51.5,Average
INT_05191,8.1,7.3,91.7,71.0,Average
INT_05192,9.9,7.1,90.3,53.1,Average
INT_05193,11.7,7.1,91.4,59.4,Average
INT_05194,8.2,6.6,82.5,54.3,Average
INT_05195,4.5,7.0,80.0,58.9,Average
INT_05196,8.7,8.8,88.3,65.5,Average
INT_05197,13.1,4.6,97.3,44.0,Struggle
INT_05198,9.0,,100.0,82.6,Excel
INT_05199,7.5,8.2,94.4,73.1,Average
INT_05200,12.8,7.4,88.2,48.5,Average
INT_05201,9.0,8.9,90.2,68.3,Average
INT_05202,8.5,5.3,88.1,47.1,Average
INT_05203,10.4,,79.8,49.5,Average
INT_05204,12.3,7.3,88.2,39.4,Struggle
INT_05205,17.1,9.5,77.3,53.2,Average
INT_05206,12.5,7.4,87.0,49.4,Average
INT_05207,13.5,8.2,100.0,71.7,Average
INT_05208,8.5,6.6,94.6,76.8,Excel
INT_05209,6.9,8.2,80.6,65.1,Average
INT_05210,10.2,10.0,87.4,66.8,Average
INT_05211,10.3,9.0,81.3,66.4,Average
INT_05212,6.8,7.4,87.5,64.2,Average
INT_05213,9.5,8.5,96.3,83.5,Excel
INT_05214,11.2,8.4,93.2,75.5,
INT_05215,11.1,8.3,100.0,74.3,Average
INT_05216,11.5,9.2,97.5,70.2,Average
INT_05217,,9.2,89.6,74.1,Average
INT_05218,8.5,7.3,,66.1,Average
INT_05219,8.5,8.5,86.4,70.1,Average
INT_05220,6.4,6.9,79.0,49.6,Average
INT_05221,15.4,6.1,98.4,50.7,Average
INT_05222,,7.1,96.1,61.9,Average
INT_05223,9.3,7.4,86.1,58.7,Average
INT_05224,7.2,5.0,90.2,46.1,Average
INT_05225,18.8,8.8,97.9,51.4,Average
INT_05226,6.8,3.3,94.8,43.1,Struggle
INT_05227,8.7,10.0,76.3,63.6,Average
INT_05228,11.2,,89.9,78.3,
INT_05229,11.8,7.1,86.7,46.6,Average
INT_05230,12.9,7.5,96.9,47.3,Average
INT_05231,15.4,8.0,96.2,66.3,Average
INT_05232,11.5,,98.5,51.5,
INT_05233,6.8,7.8,79.1,59.4,Average
INT_05234,9.2,7.3,81.7,62.7,Average
INT_05235,10.9,7.4,96.9,72.1,Average
INT_05236,16.2,7.8,83.3,37.5,Struggle
INT_05237,5.8,5.5,75.8,42.7,Struggle
INT_05238,13.6,7.6,92.3,50.1,Average
INT_05239,10.5,7.7,83.6,63.1,Average
INT_05240,12.5,7.7,100.0,71.6,Average
INT_05241,9.7,,90.4,53.4,
INT_05242,7.5,9.2,89.3,85.5,Excel
INT_05243,12.3,7.0,85.0,45.8,Average
INT_05244,12.0,7.8,,66.6,Average
INT_05245,12.9,9.4,90.9,61.7,Average
INT_05246,10.0,7.4,84.7,56.5,Average
INT_05247,8.2,7.8,81.6,61.6,Average
INT_05248,5.3,7.4,87.4,66.4,Average
INT_05249,12.5,9.4,80.2,65.3,Average
INT_05250,11.3,7.1,96.2,53.4,Average
INT_05251,7.1,9.4,73.5,66.2,Average
INT_05252,8.4,7.3,86.9,63.9,
INT_05253,8.6,6.2,,63.9,Average
INT_05254,5.6,8.5,90.7,77.5,
INT_05255,7.5,7.0,82.3,61.3,Average
INT_05256,6.6,8.4,93.3,80.5,Excel
INT_05257,8.8,3.4,80.9,34.5,Struggle
INT_05258,7.8,7.5,87.8,59.0,Average
INT_05259,5.1,6.8,93.2,63.7,Average
INT_05260,16.1,5.9,91.7,34.2,Struggle
INT_05261,13.8,6.7,82.6,53.9,Average
INT_05262,7.7,6.6,97.6,66.8,Average
INT_05263,10.8,7.4,88.7,,Average
INT_05264,11.3,5.4,93.9,48.2,Average
INT_05265,13.6,8.0,100.0,54.9,Average
INT_05266,7.5,9.5,96.9,94.9,Excel
INT_05267,13.3,,97.0,63.5,Average
INT_05268,8.4,8.7,89.5,76.5,Excel
INT_05269,6.0,9.1,94.4,73.2,Average
INT_05270,12.2,9.4,,73.4,Average
INT_05271,13.9,10.0,78.3,61.7,Average
INT_05272,17.8,6.8,90.4,32.3,Struggle
INT_05273,6.4,6.4,90.1,55.6,Average
INT_05274,12.1,8.7,92.7,59.1,Average
INT_05275,8.8,8.6,87.0,62.0,Average
INT_05276,12.4,8.7,81.9,59.9,Average
INT_05277,5.6,10.0,93.3,87.1,Excel
INT_05278,6.2,7.5,77.5,63.8,Average
INT_05279,7.7,8.1,99.7,84.9,Excel
INT_05280,10.2,6.0,86.1,47.3,Average
INT_05281,8.1,10.0,90.0,69.8,Average
INT_05282,12.0,7.0,92.5,53.2,Average
INT_05283,,7.0,92.7,59.4,Average
INT_05284,11.8,7.0,76.7,,Average
INT_05285,14.9,6.5,94.6,55.1,Average
INT_05286,11.2,6.4,90.4,53.4,Average
INT_05287,6.3,6.7,82.9,48.8,Average
INT_05288,14.1,5.5,82.0,34.2,Struggle
INT_05289,8.2,6.3,85.3,55.5,Average
INT_05290,12.7,10.0,77.6,71.7,Average
INT_05291,14.7,8.6,100.0,74.4,Average
INT_05292,11.4,8.9,99.9,78.2,Excel
INT_05293,5.5,9.3,91.6,85.9,Excel
INT_05294,7.2,10.0,86.2,85.7,Excel
INT_05295,14.0,4.8,86.4,31.2,Struggle
INT_05296,9.5,5.7,94.1,43.2,Struggle
INT_05297,10.2,6.3,100.0,57.8,Average
INT_05298,12.3,6.8,83.4,49.6,Average
INT_05299,,7.0,79.1,40.6,Struggle
INT_05300,10.8,6.8,100.0,67.4,
INT_05301,9.4,7.8,73.7,61.0,Average
INT_05302,9.1,7.6,79.9,49.9,Average
INT_05303,12.6,6.4,86.0,53.3,Average
INT_05304,11.7,4.2,75.5,24.9,Struggle
INT_05305,9.2,6.0,96.9,51.6,Average
INT_05306,13.2,6.7,94.9,57.1,Average
INT_05307,9.6,7.1,83.4,55.1,Average
INT_05308,7.4,5.8,98.2,,Average
INT_05309,7.7,6.8,99.6,61.1,Average
INT_05310,7.1,5.8,87.1,43.9,Struggle
INT_05311,9.2,,84.4,56.6,Average
INT_05312,13.7,5.9,100.0,51.9,Average
INT_05313,7.6,6.2,93.8,54.0,Average
INT_05314,10.6,,90.1,38.6,Struggle
INT_05315,8.0,7.3,98.9,69.6,Average
INT_05316,9.2,6.2,90.4,45.5,Average
INT_05317,5.5,8.9,,78.1,Excel
INT_05318,9.3,8.1,88.6,63.8,Average
INT_05319,9.4,7.4,96.3,67.6,
INT_05320,11.6,6.3,72.1,31.5,Struggle
INT_05321,10.7,8.1,85.7,68.3,Average
INT_05322,6.4,8.5,99.1,79.6,Excel
INT_05323,13.3,7.7,83.9,56.4,Average
INT_05324,10.6,9.9,100.0,87.2,Excel
INT_05325,10.6,8.2,99.3,,Average
INT_05326,10.0,8.9,87.5,74.0,Average
INT_05327,8.4,7.7,83.5,53.9,Average
INT_05328,10.7,8.5,85.7,56.5,Average
INT_05329,11.4,6.3,,66.1,Average
INT_05330,4.8,6.8,100.0,78.8,Excel
INT_05331,8.4,8.0,89.0,78.9,Excel
INT_05332,,8.0,83.1,60.1,
INT_05333,10.8,8.3,88.9,64.5,Average
INT_05334,13.6,9.2,90.0,67.8,Average
INT_05335,7.7,5.4,78.1,44.1,Struggle
INT_05336,8.5,6.0,88.6,48.9,Average
INT_05337,8.5,7.8,98.6,66.3,Average
INT_05338,7.6,6.4,73.6,50.4,Average
INT_05339,9.0,10.0,94.6,77.1,Excel
INT_05340,12.3,,99.0,60.3,Average
INT_05341,6.8,7.4,83.5,65.2,Average
INT_05342,11.3,6.7,100.0,57.8,Average
INT_05343,4.9,6.8,82.5,67.5,Average
INT_05344,8.3,7.5,91.5,63.2,Average
INT_05345,9.0,7.7,85.5,58.4,Average
INT_05346,15.0,6.8,85.5,45.5,Average
INT_05347,9.2,7.1,83.1,51.3,Average
INT_05348,3.4,9.5,93.6,,Excel
INT_05349,4.0,9.6,94.8,87.1,Excel
INT_05350,10.1,7.9,87.5,60.7,Average
INT_05351,11.8,5.5,77.1,45.7,Average
INT_05352,11.1,8.3,91.2,57.1,Average
INT_05353,10.5,9.8,91.4,84.0,Excel
INT_05354,13.5,9.6,86.3,69.9,Average
INT_05355,8.4,8.6,100.0,86.2,Excel
INT_05356,12.7,9.6,,79.5,Excel
INT_05357,5.1,7.6,70.3,68.6,Average
INT_05358,7.3,8.4,82.2,73.9,Average
INT_05359,4.6,6.5,93.7,59.8,Average
INT_05360,9.2,7.9,79.6,53.2,Average
INT_05361,9.9,9.5,80.2,71.6,Average
INT_05362,10.3,6.6,95.6,47.7,Average
INT_05363,10.2,6.2,91.7,55.9,Average
INT_05364,7.2,7.6,91.0,56.4,Average
INT_05365,,7.2,94.3,68.5,Average
INT_05366,5.5,8.5,84.6,72.2,Average
INT_05367,14.1,6.8,85.0,45.5,Average
INT_05368,9.1,10.0,94.5,78.5,Excel
INT_05369,8.5,5.6,77.2,32.8,Struggle
INT_05370,,9.4,70.9,60.2,Average
INT_05371,6.3,6.4,84.5,65.0,Average
INT_05372,6.6,4.8,95.4,50.2,Average
INT_05373,6.7,7.9,90.0,73.9,Average
INT_05374,9.8,7.1,94.9,59.2,Average
INT_05375,11.3,5.8,,38.1,Struggle
INT_05376,12.2,5.0,,43.2,Struggle
INT_05377,17.7,7.5,93.2,49.5,
INT_05378,3.3,9.0,77.2,85.5,Excel
INT_05379,11.8,,,68.8,Average
INT_05380,,7.6,87.1,63.5,Average
INT_05381,8.2,8.2,100.0,70.9,Average
INT_05382,8.1,7.5,70.6,51.0,Average
INT_05383,7.3,,99.0,61.1,Average
INT_05384,,5.4,84.8,24.2,Struggle
INT_05385,12.5,7.2,75.1,51.3,Average
INT_05386,10.1,7.3,,54.0,Average
INT_05387,,8.8,90.2,56.8,Average
INT_05388,5.5,8.6,96.3,75.6,Excel
INT_05389,6.0,8.4,100.0,84.8,Excel
INT_05390,3.5,7.1,99.4,76.7,Excel
INT_05391,7.9,5.4,80.3,54.3,Average
INT_05392,10.5,8.1,97.0,61.0,Average
INT_05393,,8.3,91.1,63.1,Average
INT_05394,10.4,3.9,82.8,30.4,Struggle
INT_05395,5.8,,86.3,54.7,Average
INT_05396,12.4,6.5,82.3,44.4,Struggle
INT_05397,10.7,7.7,88.3,61.4,Average
INT_05398,12.2,6.3,82.2,46.2,Average
INT_05399,4.3,7.4,79.8,75.0,Excel
INT_05400,10.9,7.2,91.8,50.5,Average
INT_05401,6.4,7.3,93.0,70.2,Average
INT_05402,8.8,6.4,86.5,50.3,
INT_05403,11.6,6.5,98.9,58.2,Average
INT_05404,10.3,5.9,85.9,49.1,Average
INT_05405,7.4,8.1,85.6,62.2,Average
INT_05406,10.0,8.4,93.3,63.6,Average
INT_05407,5.4,6.3,86.9,63.6,Average
INT_05408,13.5,,88.7,68.9,Average
INT_05409,9.4,7.0,67.8,45.3,Average
INT_05410,13.4,9.8,88.1,72.5,Average
INT_05411,8.4,6.5,73.4,52.3,Average
INT_05412,8.4,4.5,78.2,33.5,Struggle
INT_05413,7.7,8.1,77.3,58.0,
INT_05414,12.6,7.9,79.7,45.2,Average
INT_05415,7.9,7.6,83.6,62.3,Average
INT_05416,11.9,6.5,84.1,38.9,Struggle
INT_05417,8.9,7.4,93.3,65.3,Average
INT_05418,,6.7,89.8,74.5,Average
INT_05419,,7.0,,49.7,Average
INT_05420,6.5,8.8,88.7,73.3,Average
INT_05421,10.1,7.8,90.5,74.0,Average
INT_05422,6.4,8.4,85.4,80.5,Excel
INT_05423,12.8,7.2,87.5,47.0,Average
INT_05424,9.7,7.0,89.5,58.4,
INT_05425,9.5,5.8,94.1,54.1,Average
INT_05426,12.0,6.9,75.4,45.9,Average
INT_05427,12.9,2.5,86.0,28.1,Struggle
INT_05428,9.9,6.6,100.0,60.9,Average
INT_05429,7.7,7.4,99.3,71.4,
INT_05430,4.7,8.3,94.8,84.4,Excel
INT_05431,7.9,7.1,,70.3,Average
INT_05432,8.1,8.0,,79.1,Excel
INT_05433,10.3,4.2,100.0,,Average
INT_05434,9.0,7.4,87.0,52.1,Average
INT_05435,12.1,5.0,80.2,30.9,Struggle
INT_05436,8.2,5.7,85.8,54.3,Average
INT_05437,9.8,7.2,100.0,66.2,Average
INT_05438,13.6,9.4,75.4,63.3,Average
INT_05439,11.0,8.1,84.2,69.9,Average
INT_05440,9.8,7.5,76.7,47.5,Average
INT_05441,8.2,7.5,89.0,70.2,Average
INT_05442,8.1,6.4,78.4,49.1,Average
INT_05443,7.4,6.7,87.1,,Average
INT_05444,8.4,8.1,72.4,58.7,Average
INT_05445,12.3,5.4,92.9,55.1,Average
INT_05446,9.3,,97.8,73.5,Average
INT_05447,6.0,6.9,84.9,58.9,Average
INT_05448,15.3,8.7,86.9,,Average
INT_05449,11.0,8.9,86.7,68.8,Average
INT_05450,5.8,5.0,,58.2,Average
INT_05451,8.7,6.6,87.7,58.8,Average
INT_05452,10.3,6.2,94.1,67.3,Average
INT_05453,15.1,4.8,97.9,35.0,Struggle
INT_05454,6.7,6.0,81.5,51.7,Average
INT_05455,12.9,10.0,85.5,66.3,Average
INT_05456,14.2,8.4,95.2,61.8,Average
INT_05457,8.1,10.0,76.6,,Excel
INT_05458,9.2,8.7,72.2,62.9,Average
INT_05459,6.9,6.4,89.8,59.9,Average
INT_05460,9.4,6.9,92.0,55.8,Average
INT_05461,9.9,8.4,82.2,58.0,Average
INT_05462,12.0,8.2,83.4,55.5,Average
INT_05463,13.3,6.6,81.9,49.9,Average
INT_05464,7.8,5.2,81.1,52.4,Average
INT_05465,4.1,,93.5,,Excel
INT_05466,9.9,7.3,78.6,47.9,Average
INT_05467,10.9,7.0,85.9,52.9,Average
INT_05468,10.7,7.7,80.8,67.0,Average
INT_05469,9.0,7.1,76.4,58.3,Average
INT_05470,10.4,7.7,95.0,67.2,
INT_05471,,9.4,83.8,66.7,Average
INT_05472,11.1,7.3,89.5,65.5,Average
INT_05473,8.9,5.8,75.9,36.8,Struggle
INT_05474,8.5,7.3,82.1,,Average
INT_05475,9.5,6.8,94.0,56.4,Average
INT_05476,14.9,9.6,100.0,74.3,Average
INT_05477,9.5,9.3,72.2,65.2,Average
INT_05478,9.9,7.7,86.4,,Average
INT_05479,8.6,5.6,91.3,48.4,Average
INT_05480,13.3,5.7,83.1,45.0,Struggle
INT_05481,15.9,7.5,94.8,51.0,Average
INT_05482,11.4,8.0,81.1,60.4,Average
INT_05483,,6.9,,62.7,Average
INT_05484,10.1,6.8,83.8,58.4,Average
INT_05485,2.8,6.6,97.8,75.9,Excel
INT_05486,12.2,7.5,82.6,56.4,Average
INT_05487,10.4,3.9,85.2,42.2,
INT_05488,11.3,,95.6,52.6,Average
INT_05489,7.9,6.6,79.8,49.0,Average
INT_05490,8.8,9.3,88.6,78.3,Excel
INT_05491,8.8,,73.4,45.5,Average
INT_05492,13.1,7.8,79.3,37.3,Struggle
INT_05493,8.9,7.8,91.1,,Average
INT_05494,16.2,9.4,80.1,56.5,Average
INT_05495,11.3,9.4,83.6,74.2,Average
INT_05496,6.2,7.4,91.9,65.2,Average
INT_05497,9.6,6.8,83.4,44.6,Struggle
INT_05498,8.0,6.5,94.6,61.5,Average
INT_05499,3.4,7.1,89.7,74.1,Average
INT_05500,14.8,,91.5,47.7,Average
INT_05501,12.1,,97.9,66.8,Average
INT_05502,,8.1,90.6,56.3,Average
INT_05503,10.5,8.4,100.0,,Average
INT_05504,5.9,9.4,95.3,83.7,Excel
INT_05505,8.5,10.0,83.8,83.8,Excel
INT_05506,12.5,7.7,98.3,63.6,Average
INT_05507,6.8,9.1,90.1,77.4,Excel
INT_05508,2.4,7.0,84.8,79.8,Excel
INT_05509,9.3,9.3,90.2,73.3,Average
INT_05510,9.6,9.1,96.9,79.8,Excel
INT_05511,10.4,9.0,91.6,70.5,Average
INT_05512,,7.6,100.0,71.9,Average
INT_05513,11.9,6.5,96.7,54.1,Average
INT_05514,10.8,5.4,92.2,,Average
INT_05515,13.6,7.4,79.8,46.5,Average
INT_05516,5.4,9.8,86.6,85.6,
INT_05517,11.5,7.0,,60.3,Average
INT_05518,11.9,8.7,,71.8,Average
INT_05519,6.3,8.8,93.1,79.3,Excel
INT_05520,5.5,7.1,,76.4,
INT_05521,7.8,9.5,89.0,83.6,Excel
INT_05522,8.0,3.1,93.8,34.3,Struggle
INT_05523,12.3,5.7,81.1,30.7,Struggle
INT_05524,8.2,6.1,100.0,,Average
INT_05525,7.4,6.3,71.6,49.7,Average
INT_05526,8.2,8.0,99.6,76.9,Excel
INT_05527,13.4,7.9,87.6,63.1,Average
INT_05528,10.0,8.1,96.0,,Average
INT_05529,9.5,8.4,90.9,66.3,Average
INT_05530,9.7,6.1,90.8,,Average
INT_05531,13.9,5.7,92.4,33.9,Struggle
INT_05532,7.8,8.1,94.5,68.7,Average
INT_05533,13.9,6.6,85.4,45.5,Average
INT_05534,10.6,5.1,96.3,50.9,Average
INT_05535,9.5,9.0,79.3,60.8,Average
INT_05536,17.5,9.6,88.0,54.1,Average
INT_05537,6.8,9.8,94.7,76.4,Excel
INT_05538,8.9,7.8,96.0,69.5,Average
INT_05539,6.3,8.4,91.7,72.0,Average
INT_05540,12.9,9.6,84.9,75.6,Excel
INT_05541,15.1,6.5,95.2,48.7,Average
INT_05542,15.0,9.2,82.6,56.9,Average
INT_05543,13.7,7.9,100.0,58.1,Average
INT_05544,9.4,8.9,87.3,61.8,Average
INT_05545,8.9,7.8,75.7,49.5,Average
INT_05546,5.0,9.4,78.4,75.0,Average
INT_05547,16.1,7.8,88.3,45.6,Average
INT_05548,,5.3,89.1,36.4,Struggle
INT_05549,8.5,,,86.8,Excel
INT_05550,14.0,6.1,79.7,,Struggle
INT_05551,7.1,9.4,88.3,76.5,Excel
INT_05552,11.2,7.4,79.5,62.3,Average
INT_05553,9.5,9.3,84.1,61.2,Average
INT_05554,11.9,9.2,100.0,74.6,Average
INT_05555,9.8,8.1,78.9,58.4,Average
INT_05556,5.6,8.3,92.7,73.7,Average
INT_05557,10.2,8.1,91.1,61.5,Average
INT_05558,13.1,4.5,87.8,32.0,Struggle
INT_05559,9.9,7.7,92.2,62.2,Average
INT_05560,12.3,5.8,78.7,35.9,
INT_05561,6.9,7.8,100.0,67.5,Average
INT_05562,9.9,5.8,100.0,45.6,Average
INT_05563,8.1,5.7,88.4,49.9,Average
INT_05564,12.2,9.9,100.0,76.3,Excel
INT_05565,10.1,9.1,84.8,67.8,Average
INT_05566,12.1,7.5,91.2,56.6,Average
INT_05567,13.3,7.8,99.5,58.3,Average
INT_05568,12.1,7.1,84.3,49.6,Average
INT_05569,10.8,8.4,76.9,53.1,Average
INT_05570,7.0,6.5,75.1,60.2,Average
INT_05571,10.0,9.0,100.0,72.4,Average
INT_05572,8.4,7.1,83.8,56.0,Average
INT_05573,9.0,6.9,86.5,52.7,Average
INT_05574,8.9,7.5,79.1,53.2,Average
INT_05575,7.1,6.6,95.6,64.1,Average
INT_05576,4.1,,81.7,71.4,Average
INT_05577,8.0,6.7,84.1,53.6,Average
INT_05578,10.6,8.2,90.4,,Average
INT_05579,,9.3,79.5,72.1,Average
INT_05580,10.0,6.4,86.6,53.6,Average
INT_05581,15.7,,99.2,64.2,Average
INT_05582,13.1,8.2,91.4,55.2,Average
INT_05583,14.9,6.8,89.0,47.7,Average
INT_05584,11.2,8.2,89.7,63.3,Average
INT_05585,13.5,8.3,,60.2,Average
INT_05586,7.8,9.1,100.0,86.1,Excel
INT_05587,8.1,6.6,81.5,55.0,Average
INT_05588,2.0,6.1,89.7,67.3,
INT_05589,13.6,,,47.2,Average
INT_05590,14.6,6.0,96.1,40.2,Struggle
INT_05591,,8.3,96.8,73.5,Average
INT_05592,9.2,5.8,,41.9,Struggle
INT_05593,7.7,10.0,90.3,79.9,Excel
INT_05594,11.1,9.4,90.6,78.5,Excel
INT_05595,13.4,7.5,69.8,43.3,Struggle
INT_05596,4.8,8.8,75.3,77.6,Excel
INT_05597,11.2,5.0,83.2,,Average
INT_05598,9.2,10.0,83.5,75.4,Excel
INT_05599,10.3,6.6,78.4,48.7,Average
INT_05600,11.4,7.3,94.0,57.3,Average
INT_05601,9.4,4.7,88.0,37.0,Struggle
INT_05602,9.7,8.2,86.3,59.2,Average
INT_05603,,5.8,78.0,48.6,Average
INT_05604,12.9,7.7,87.6,55.7,Average
INT_05605,11.3,6.7,67.0,50.0,Average
INT_05606,10.7,5.9,86.7,51.8,Average
INT_05607,6.2,6.3,88.5,55.5,Average
INT_05608,8.9,7.8,89.9,70.2,Average
INT_05609,12.7,5.6,75.5,32.1,Struggle
INT_05610,10.1,6.4,,59.5,Average
INT_05611,12.0,8.5,79.7,55.2,Average
INT_05612,15.3,10.0,81.5,56.6,Average
INT_05613,13.1,8.2,93.7,57.0,Average
INT_05614,10.3,,100.0,52.1,Average
INT_05615,8.5,6.9,88.4,54.7,Average
INT_05616,2.3,,81.5,,
INT_05617,9.5,7.0,89.5,62.8,Average
INT_05618,9.0,8.9,95.5,85.4,Excel
INT_05619,11.2,7.8,,54.9,Average
INT_05620,9.5,8.9,100.0,83.9,Excel
INT_05621,9.0,7.0,82.3,52.6,Average
INT_05622,,9.5,90.0,87.8,Excel
INT_05623,7.2,7.3,,61.4,Average
INT_05624,11.4,6.0,99.9,56.2,Average
INT_05625,15.1,10.0,72.4,46.5,Average
INT_05626,9.7,4.8,88.0,43.0,Struggle
INT_05627,11.0,6.4,99.9,58.0,Average
INT_05628,12.9,6.6,,55.0,Average
INT_05629,7.6,,93.6,81.3,Excel
INT_05630,11.1,10.0,85.1,76.3,Excel
INT_05631,7.8,9.7,79.9,77.7,Excel
INT_05632,12.6,7.0,100.0,56.4,Average
INT_05633,10.5,10.0,93.8,83.2,Excel
INT_05634,10.9,8.1,81.2,57.4,Average
INT_05635,7.7,9.0,86.4,76.9,Excel
INT_05636,12.1,7.8,90.5,57.9,Average
INT_05637,16.3,7.4,92.4,,Average
INT_05638,7.0,7.1,80.8,62.6,Average
INT_05639,9.0,7.2,83.1,54.7,
INT_05640,10.7,8.4,74.8,50.4,Average
INT_05641,12.4,8.1,96.3,64.8,Average
INT_05642,8.3,7.5,85.3,68.0,Average
INT_05643,2.0,9.8,91.7,,Excel
INT_05644,14.1,3.0,99.4,28.4,Struggle
INT_05645,12.3,8.3,89.8,61.0,Average
INT_05646,4.8,8.6,87.1,81.8,Excel
INT_05647,,9.2,89.6,75.4,Excel
INT_05648,14.7,7.4,88.5,47.0,
INT_05649,14.3,7.8,98.0,64.6,Average
INT_05650,12.8,9.0,90.5,62.6,Average
INT_05651,9.5,9.7,83.6,78.9,Excel
INT_05652,10.2,7.0,96.4,66.9,Average
INT_05653,9.6,7.9,97.8,72.0,Average
INT_05654,13.4,10.0,77.3,57.2,Average
INT_05655,7.4,4.3,100.0,49.9,Average
INT_05656,7.6,6.5,90.9,58.1,Average
INT_05657,13.0,9.7,90.3,67.2,
INT_05658,9.9,9.1,96.1,76.7,Excel
INT_05659,14.1,8.3,83.5,58.3,Average
INT_05660,8.0,6.8,95.6,61.0,Average
INT_05661,9.8,6.2,85.0,48.2,Average
INT_05662,7.2,6.6,76.2,51.4,
INT_05663,10.0,9.8,80.0,77.9,Excel
INT_05664,5.6,6.6,,63.5,Average
INT_05665,8.5,7.7,80.4,52.8,Average
INT_05666,5.7,6.4,100.0,58.8,Average
INT_05667,12.1,,97.5,71.5,Average
INT_05668,12.1,6.7,98.7,51.3,Average
INT_05669,4.8,7.4,89.0,73.8,Average
INT_05670,14.0,5.0,90.1,27.6,Struggle
INT_05671,17.5,5.1,78.5,18.9,Struggle
INT_05672,10.1,,96.0,56.6,Average
INT_05673,8.1,5.5,91.0,54.0,Average
INT_05674,18.5,10.0,,65.6,Average
INT_05675,6.0,4.4,100.0,55.1,Average
INT_05676,10.1,6.3,,42.5,Struggle
INT_05677,10.5,7.5,87.0,54.1,Average
INT_05678,14.0,7.0,90.6,50.3,Average
INT_05679,11.1,5.8,80.5,32.4,Struggle
INT_05680,8.5,6.1,86.5,50.7,Average
INT_05681,7.1,6.0,91.9,66.0,Average
INT_05682,9.0,7.1,85.4,56.4,
INT_05683,7.0,,98.5,81.0,Excel
INT_05684,10.1,7.6,75.9,50.1,Average
INT_05685,8.3,9.3,97.0,77.1,Excel
INT_05686,5.5,8.3,93.3,89.3,Excel
INT_05687,13.8,9.2,83.4,70.3,Average
INT_05688,8.5,3.3,80.6,33.6,Struggle
INT_05689,6.2,7.0,71.4,53.3,Average
INT_05690,9.5,9.5,81.6,77.6,Excel
INT_05691,10.2,6.6,,51.7,Average
INT_05692,4.8,10.0,87.6,93.8,Excel
INT_05693,11.0,9.7,,83.5,Excel
INT_05694,6.9,6.8,83.0,57.8,Average
INT_05695,15.1,6.7,93.7,53.3,Average
INT_05696,11.6,6.0,82.3,40.2,Struggle
INT_05697,8.8,6.6,80.3,44.3,Struggle
INT_05698,7.8,5.7,87.1,56.5,Average
INT_05699,9.7,8.1,82.7,61.4,Average
INT_05700,11.8,5.3,75.7,37.2,
INT_05701,9.9,8.4,86.5,75.5,Excel
INT_05702,9.3,8.4,88.9,,Average
INT_05703,10.2,5.0,98.1,46.9,Average
INT_05704,8.2,9.8,95.5,92.6,Excel
INT_05705,9.0,8.3,97.8,76.4,Excel
INT_05706,3.7,8.6,93.8,79.9,Excel
INT_05707,12.9,6.4,90.7,41.9,Struggle
INT_05708,10.9,8.4,78.2,56.0,Average
INT_05709,7.7,9.2,89.2,72.9,Average
INT_05710,15.7,7.4,92.8,50.8,Average
INT_05711,10.3,10.0,99.7,83.5,Excel
INT_05712,6.9,7.6,93.5,71.3,Average
INT_05713,12.6,9.2,97.9,67.1,Average
INT_05714,11.2,7.9,79.7,55.3,Average
INT_05715,11.2,8.4,85.4,50.5,Average
INT_05716,8.7,5.0,91.4,47.7,Average
INT_05717,11.4,8.1,97.3,72.5,
INT_05718,9.2,6.4,86.8,45.1,Average
INT_05719,11.7,6.2,87.3,49.8,Average
INT_05720,4.3,10.0,93.5,88.7,Excel
INT_05721,8.7,7.2,,59.7,Average
INT_05722,15.2,6.0,100.0,46.0,Average
INT_05723,7.7,7.0,81.0,59.1,Average
INT_05724,8.2,5.5,72.7,41.8,Struggle
INT_05725,8.7,9.7,88.1,85.0,Excel
INT_05726,6.4,6.5,100.0,68.7,Average
INT_05727,3.4,8.3,92.7,77.8,Excel
INT_05728,9.3,9.5,94.0,,Excel
INT_05729,10.4,6.7,88.3,,Average
INT_05730,9.8,8.3,86.8,65.9,Average
INT_05731,9.6,6.0,75.6,40.7,Struggle
INT_05732,,10.0,69.9,63.0,Average
INT_05733,13.1,8.9,89.6,65.1,Average
INT_05734,9.4,,98.5,65.1,Average
INT_05735,8.3,6.3,90.8,62.7,Average
INT_05736,9.2,7.3,93.0,60.8,Average
INT_05737,11.7,7.0,100.0,48.2,Average
INT_05738,14.2,10.0,90.6,67.7,Average
INT_05739,,5.7,87.0,41.3,Struggle
INT_05740,10.3,7.7,81.5,59.2,Average
INT_05741,11.0,7.5,100.0,54.8,Average
INT_05742,7.0,7.3,92.2,61.6,Average
INT_05743,10.1,7.3,80.5,52.3,Average
INT_05744,5.6,7.3,78.6,71.1,Average
INT_05745,4.7,8.8,98.0,79.5,Excel
INT_05746,11.1,8.4,79.7,59.3,Average
INT_05747,8.8,8.1,100.0,76.4,Excel
INT_05748,10.6,2.9,65.9,22.8,Struggle
INT_05749,,7.9,99.4,73.7,Average
INT_05750,7.1,5.0,91.9,,Average
INT_05751,,8.5,88.9,72.1,Average
INT_05752,6.3,9.7,86.6,75.3,Excel
INT_05753,14.2,6.1,100.0,50.0,Average
INT_05754,5.9,7.1,93.7,73.4,Average
INT_05755,,6.6,80.8,45.4,
INT_05756,6.9,9.4,74.2,68.3,Average
INT_05757,11.7,7.6,89.4,53.5,Average
INT_05758,9.0,10.0,88.0,83.5,Excel
INT_05759,8.4,8.1,75.8,60.2,Average
INT_05760,12.6,7.9,87.6,54.9,Average
INT_05761,10.1,7.6,83.4,50.6,Average
INT_05762,11.5,8.7,88.1,64.7,Average
INT_05763,7.1,4.9,93.8,,Average
INT_05764,5.8,7.6,99.9,,Excel
INT_05765,10.3,7.4,95.3,56.0,Average
INT_05766,9.0,8.6,,67.1,Average
INT_05767,11.9,7.2,91.0,53.1,Average
INT_05768,,5.9,88.5,42.7,Struggle
INT_05769,10.6,7.5,77.3,45.2,Average
INT_05770,,5.9,91.2,53.8,Average
INT_05771,15.7,4.6,100.0,33.3,Struggle
INT_05772,9.5,8.6,88.3,69.2,Average
INT_05773,12.1,8.4,75.2,55.8,Average
INT_05774,7.5,8.2,88.2,71.7,
INT_05775,10.9,9.5,78.3,61.8,Average
INT_05776,6.1,6.5,94.9,70.7,Average
INT_05777,11.4,5.4,92.2,41.8,Struggle
INT_05778,8.9,7.4,86.6,63.0,Average
INT_05779,10.1,7.0,85.4,53.5,Average
INT_05780,12.1,6.2,86.3,47.7,Average
INT_05781,6.3,7.4,88.1,65.5,Average
INT_05782,7.9,6.6,81.8,56.4,Average
INT_05783,11.4,4.7,76.9,31.5,Struggle
INT_05784,16.3,6.8,97.1,51.6,Average
INT_05785,9.6,5.8,84.9,,Struggle
INT_05786,11.8,7.8,,49.3,Average
INT_05787,9.7,6.5,90.3,49.4,Average
INT_05788,15.8,9.2,90.6,66.6,Average
INT_05789,4.8,9.9,78.6,81.3,
INT_05790,,,,59.3,Average
INT_05791,5.1,5.2,83.3,,Average
INT_05792,2.5,9.8,91.2,93.3,Excel
INT_05793,10.9,9.9,82.2,65.4,Average
INT_05794,10.4,7.5,85.2,52.6,Average
INT_05795,9.1,9.5,100.0,79.8,Excel
INT_05796,9.7,6.7,73.2,48.9,Average
INT_05797,19.3,4.7,82.0,20.6,Struggle
INT_05798,9.2,6.4,100.0,63.3,Average
INT_05799,11.5,10.0,87.6,64.9,Average
INT_05800,8.1,5.3,82.4,45.1,Average
INT_05801,10.9,7.5,97.4,62.0,Average
INT_05802,9.3,7.6,88.4,53.3,Average
INT_05803,8.8,6.7,85.2,55.5,Average
INT_05804,15.5,6.8,89.5,43.2,Struggle
INT_05805,13.5,7.6,82.7,53.0,Average
INT_05806,10.4,6.7,79.9,48.9,Average
INT_05807,3.1,,87.1,55.8,Average
INT_05808,8.9,7.8,79.9,64.9,Average
INT_05809,18.1,9.1,88.1,41.7,Struggle
INT_05810,9.3,8.8,90.8,,Average
INT_05811,13.3,6.3,94.8,,Struggle
INT_05812,14.3,5.6,97.0,37.6,Struggle
INT_05813,10.7,7.1,,56.5,Average
INT_05814,7.5,9.9,,76.5,Excel
INT_05815,2.7,8.5,91.9,76.0,Excel
INT_05816,12.1,8.6,90.6,77.5,Excel
INT_05817,7.6,8.8,84.2,64.4,Average
INT_05818,10.5,8.1,79.8,67.6,Average
INT_05819,6.3,7.7,92.0,70.1,Average
INT_05820,9.2,8.5,74.3,57.8,Average
INT_05821,10.1,6.7,85.9,55.8,
INT_05822,10.8,5.4,67.6,39.4,Struggle
INT_05823,,8.6,77.3,61.9,Average
INT_05824,13.6,9.4,81.0,,Average
INT_05825,8.2,5.8,96.8,61.4,Average
INT_05826,5.0,8.7,93.5,83.5,Excel
INT_05827,9.7,10.0,83.6,81.5,Excel
INT_05828,10.1,7.5,93.8,65.6,Average
INT_05829,10.5,6.3,95.1,64.2,Average
INT_05830,14.1,7.7,86.7,52.8,Average
INT_05831,9.3,6.7,,50.5,Average
INT_05832,9.6,6.6,86.3,,
INT_05833,6.7,,,69.9,Average
INT_05834,12.5,5.1,78.1,37.1,Struggle
INT_05835,10.6,5.3,90.9,46.5,Average
INT_05836,8.7,7.5,90.2,68.2,Average
INT_05837,4.3,7.5,91.6,78.7,Excel
INT_05838,14.3,8.0,,57.9,Average
INT_05839,6.3,,93.8,90.9,Excel
INT_05840,8.2,7.7,86.6,58.1,Average
INT_05841,11.1,8.4,89.6,61.6,Average
INT_05842,6.4,6.0,84.8,60.0,Average
INT_05843,5.5,8.7,83.3,82.4,Excel
INT_05844,3.6,6.7,98.7,,Average
INT_05845,12.2,7.6,71.6,43.7,Struggle
INT_05846,8.4,7.3,95.0,66.1,Average
INT_05847,18.8,,83.0,,Struggle
INT_05848,7.0,5.5,82.0,44.4,Struggle
INT_05849,7.2,4.1,90.1,45.5,Average
INT_05850,8.3,7.2,76.1,63.2,Average
INT_05851,10.7,8.2,81.5,48.2,Average
INT_05852,8.6,7.7,81.2,59.5,Average
INT_05853,11.8,9.3,86.2,70.4,Average
INT_05854,7.1,8.2,81.6,71.2,Average
INT_05855,5.9,6.7,100.0,71.0,Average
INT_05856,4.6,,100.0,63.2,Average
INT_05857,,7.1,71.8,62.3,Average
INT_05858,8.4,9.0,92.4,83.5,
INT_05859,9.1,6.9,94.9,57.8,Average
INT_05860,8.1,7.5,92.3,66.7,Average
INT_05861,,8.1,82.7,46.7,Average
INT_05862,13.7,6.0,86.0,,
INT_05863,9.0,8.4,82.0,64.3,Average
INT_05864,4.6,10.0,84.6,88.2,Excel
INT_05865,8.3,,78.3,54.4,Average
INT_05866,8.2,5.8,87.1,54.5,Average
INT_05867,8.0,7.4,76.0,58.7,
INT_05868,7.9,4.2,86.4,34.5,Struggle
INT_05869,8.0,8.0,78.0,56.6,Average
INT_05870,8.8,8.2,89.7,67.7,Average
INT_05871,8.1,10.0,82.6,81.8,Excel
INT_05872,10.6,7.2,90.3,68.1,Average
INT_05873,,8.1,96.7,68.3,Average
INT_05874,7.3,6.2,100.0,68.7,Average
INT_05875,13.8,7.0,67.8,27.8,Struggle
INT_05876,7.1,5.2,81.3,57.5,Average
INT_05877,5.1,7.2,85.6,69.9,Average
INT_05878,11.1,7.0,91.7,55.9,Average
INT_05879,7.5,7.9,74.8,59.7,Average
INT_05880,11.0,6.6,80.1,40.7,Struggle
INT_05881,2.8,7.6,89.0,71.7,Average
INT_05882,14.2,7.0,88.7,58.6,Average
INT_05883,,7.0,91.0,48.2,Average
INT_05884,5.5,7.6,91.5,66.3,Average
INT_05885,5.6,7.6,,67.0,Average
INT_05886,15.0,8.6,89.5,51.4,Average
INT_05887,7.8,,88.4,63.4,Average
INT_05888,7.5,7.0,,70.3,Average
INT_05889,3.2,7.2,70.1,58.7,Average
INT_05890,8.9,6.4,100.0,53.5,Average
INT_05891,9.3,7.0,70.4,49.2,Average
INT_05892,12.1,10.0,79.4,67.5,Average
INT_05893,5.8,6.1,86.2,63.6,Average
INT_05894,5.4,7.1,93.4,66.8,Average
INT_05895,11.4,6.9,64.0,38.1,Struggle
INT_05896,13.0,7.1,87.8,49.9,Average
INT_05897,5.3,7.0,94.3,70.2,Average
INT_05898,13.2,7.9,96.0,58.1,Average
INT_05899,10.1,4.9,82.4,35.5,Struggle
INT_05900,13.3,9.1,85.6,52.1,Average
INT_05901,9.8,8.4,83.1,60.9,Average
INT_05902,2.4,5.6,84.9,64.8,Average
INT_05903,9.5,4.1,79.7,37.1,Struggle
INT_05904,13.2,6.0,80.9,,Struggle
INT_05905,7.3,7.1,91.5,72.0,Average
INT_05906,8.8,10.0,89.1,80.0,Excel
INT_05907,9.5,8.3,,61.3,Average
INT_05908,2.0,4.8,89.7,49.3,Average
INT_05909,15.0,6.5,93.6,52.0,Average
INT_05910,7.3,7.4,95.0,66.7,Average
INT_05911,11.5,7.9,74.1,44.7,Struggle
INT_05912,,5.5,81.2,30.2,Struggle
INT_05913,13.8,7.3,86.1,47.2,Average
INT_05914,11.2,6.4,87.8,51.9,Average
INT_05915,9.3,5.8,,42.8,Struggle
INT_05916,7.3,7.9,95.3,66.2,Average
INT_05917,12.4,8.7,100.0,66.4,Average
INT_05918,4.4,8.8,89.5,88.0,Excel
INT_05919,11.9,8.4,88.7,54.3,Average
INT_05920,6.7,6.8,94.8,61.6,Average
INT_05921,13.8,8.6,73.1,57.8,Average
INT_05922,10.5,8.0,88.2,64.8,Average
INT_05923,11.9,7.7,95.8,62.5,Average
INT_05924,10.2,6.6,82.9,46.4,Average
INT_05925,,6.8,78.2,60.2,Average
INT_05926,7.4,7.6,86.5,62.1,Average
INT_05927,12.0,10.0,87.5,67.9,Average
INT_05928,10.5,8.0,,51.8,Average
INT_05929,13.5,6.6,100.0,57.0,Average
INT_05930,11.2,6.3,84.2,,Average
INT_05931,7.1,6.8,78.8,57.3,Average
INT_05932,7.6,10.0,87.3,82.6,Excel
INT_05933,10.3,6.9,95.3,61.4,Average
INT_05934,3.1,8.9,88.1,82.4,Excel
INT_05935,15.0,6.9,91.9,44.8,
INT_05936,11.3,7.9,81.0,51.3,Average
INT_05937,13.7,8.7,99.9,59.1,Average
INT_05938,,6.6,92.5,59.9,Average
INT_05939,13.7,6.5,96.4,47.9,Average
INT_05940,16.7,10.0,90.9,55.8,Average
INT_05941,6.0,9.0,94.6,74.3,Average
INT_05942,12.3,,81.0,65.1,Average
INT_05943,10.0,8.7,84.1,67.0,Average
INT_05944,5.4,8.2,98.8,77.7,Excel
INT_05945,11.5,10.0,100.0,93.4,Excel
INT_05946,12.5,7.6,78.8,40.7,Struggle
INT_05947,8.2,8.4,90.0,76.1,Excel
INT_05948,13.5,5.3,84.6,34.8,Struggle
INT_05949,5.0,6.3,82.4,62.8,Average
INT_05950,5.5,5.7,90.3,58.4,Average
INT_05951,10.4,9.4,97.1,66.8,Average
INT_05952,10.1,3.7,91.6,35.5,Struggle
INT_05953,7.9,6.9,85.4,60.5,Average
INT_05954,12.4,3.0,92.1,13.5,Struggle
INT_05955,11.6,6.3,85.1,57.0,Average
INT_05956,12.6,6.8,91.3,52.8,Average
INT_05957,9.6,9.6,,84.9,
INT_05958,11.8,8.1,71.4,44.4,Struggle
INT_05959,8.7,6.3,,61.2,Average
INT_05960,16.2,9.1,75.7,57.2,Average
INT_05961,7.6,7.5,97.8,71.9,
INT_05962,16.3,7.6,82.9,44.1,Struggle
INT_05963,10.1,,78.3,36.6,Struggle
INT_05964,5.9,6.0,93.6,59.9,Average
INT_05965,14.1,6.3,90.9,41.3,Struggle
INT_05966,10.4,7.6,80.0,58.2,Average
INT_05967,12.6,7.6,78.0,44.9,Struggle
INT_05968,13.7,,86.5,70.5,Average
INT_05969,11.0,,78.4,51.6,Average
INT_05970,8.2,3.4,79.5,29.0,Struggle
INT_05971,12.9,7.9,88.9,60.3,Average
INT_05972,10.0,5.3,80.3,36.4,Struggle
INT_05973,12.1,6.1,91.4,,Average
INT_05974,3.5,6.3,99.9,74.5,Average
INT_05975,11.3,6.5,86.8,47.8,Average
INT_05976,8.1,5.4,89.0,56.4,Average
INT_05977,15.0,7.8,100.0,58.6,Average
INT_05978,11.9,5.4,78.5,42.0,Struggle
INT_05979,10.7,8.0,97.5,77.3,Excel
INT_05980,11.5,10.0,96.6,77.5,Excel
INT_05981,7.0,5.5,94.8,59.5,Average
INT_05982,14.9,7.1,98.3,48.8,Average
INT_05983,16.0,3.7,90.2,16.4,Struggle
INT_05984,11.2,7.0,83.3,50.5,Average
INT_05985,14.8,8.5,96.8,53.8,Average
INT_05986,8.3,8.6,97.1,70.7,Average
INT_05987,7.6,7.6,96.8,73.8,
INT_05988,10.1,8.8,88.4,66.1,Average
INT_05989,11.3,10.0,82.3,75.2,Excel
INT_05990,8.8,10.0,89.5,82.1,Excel
INT_05991,11.6,6.7,95.5,65.4,Average
INT_05992,10.9,5.3,96.2,50.2,Average
INT_05993,7.0,6.9,84.6,66.0,Average
INT_05994,11.6,6.1,,50.3,Average
INT_05995,12.6,8.2,,55.0,Average
INT_05996,10.5,5.7,95.9,57.2,Average
INT_05997,13.5,7.4,81.7,52.0,Average
INT_05998,6.3,8.8,94.3,80.8,Excel
INT_05999,11.4,7.3,78.8,51.8,Average
INT_06000,6.5,6.1,96.3,64.8,Average
