Campaign_ID,Page_Views,Session Duration,Bounce Rate,Traffic Source,Time on Page,Previous Visits,Conversion Rate,Company,Campaign_Type,Target_Audience,Duration,channels,Conversion_Rate,Acquisition_Cost,ROI,Location,Language,Clicks,Impressions,Engagement_Score,,Date,profit margin
1,3,11.05138124,0.230651937,Organic,3.89046007,3,1,Innovate Industries,Email,Men 18-24,30 days,Google Ads,0.04,"$16,174.00",5.43,Chicago,Spanish,506,1922,6,Health & Wellness,01/01/2021,Profit
2,5,3.429315699,0.391001334,Social,8.478174487,0,1,NexGen Systems,Email,Women 35-44,60 days,Google Ads,0.12,"$11,566.00",5.61,New York,German,116,7523,7,Fashionistas,02/01/2021,Profit
3,4,1.621052046,0.397986106,Organic,9.636169627,2,1,Alpha Innovations,Influencer,Men 25-34,30 days,YouTube,0.07,"$10,200.00",7.18,Los Angeles,French,584,7698,1,Outdoor Adventurers,03/01/2021,Profit
4,4,3.629278955,0.180457685,Organic,2.071924676,3,1,DataTech Solutions,Display,All Ages,60 days,YouTube,0.11,"$12,724.00",5.55,Miami,Mandarin,217,1820,7,Health & Wellness,04/01/2021,Profit
5,5,4.235843279,0.291540874,Paid,1.96065383,5,1,NexGen Systems,Email,Men 25-34,15 days,YouTube,0.05,"$16,452.00",6.5,Los Angeles,Mandarin,379,4201,3,Health & Wellness,05/01/2021,Profit
6,5,4.54186782,0.420740049,Social,3.438711548,2,1,DataTech Solutions,Display,All Ages,15 days,Instagram,0.07,"$9,716.00",4.36,New York,German,100,1643,1,Foodies,06/01/2021,Loss
7,3,1.949558016,0.034978157,Social,2.119271472,1,1,NexGen Systems,Email,Women 35-44,60 days,Website,0.13,"$11,067.00",2.86,Los Angeles,Spanish,817,8749,10,Tech Enthusiasts,07/01/2021,Loss
8,5,1.685739755,0.25234276,Paid,3.478015701,5,1,DataTech Solutions,Search,Men 18-24,45 days,Google Ads,0.08,"$13,280.00",5.55,Los Angeles,Mandarin,624,7854,7,Outdoor Adventurers,08/01/2021,Profit
9,4,0.033268033,0.120702771,Organic,5.28551908,1,1,Alpha Innovations,Social Media,Women 35-44,15 days,Facebook,0.09,"$18,066.00",6.73,Chicago,German,861,1754,6,Tech Enthusiasts,09/01/2021,Profit
10,6,7.833741755,0.212726886,Paid,4.060115223,5,1,TechCorp,Email,Women 35-44,15 days,Instagram,0.09,"$13,766.00",3.78,Los Angeles,English,642,3856,3,Tech Enthusiasts,10/01/2021,Loss
11,7,2.773784434,0.485767822,Direct,2.973652787,3,1,NexGen Systems,Display,Men 25-34,45 days,Email,0.12,"$8,590.00",3.49,New York,Spanish,321,6628,10,Tech Enthusiasts,11/01/2021,Loss
12,2,0.681281294,0.453890552,Referral,1.499008557,0,1,Innovate Industries,Influencer,Men 25-34,60 days,Google Ads,0.05,"$17,502.00",3.59,Los Angeles,Mandarin,659,8948,1,Foodies,12/01/2021,Loss
13,5,7.562350901,0.263551977,Social,9.688591918,0,1,TechCorp,Social Media,Men 25-34,60 days,Facebook,0.09,"$17,189.00",4.91,Chicago,Mandarin,677,8817,10,Tech Enthusiasts,13/01/2021,Loss
14,5,7.392909563,0.263335944,Paid,4.981015475,2,1,TechCorp,Email,Men 25-34,45 days,Instagram,0.14,"$9,975.00",7.06,New York,German,994,2201,4,Health & Wellness,14/01/2021,Profit
15,6,13.58023187,0.320588094,Paid,5.802188906,3,1,TechCorp,Display,All Ages,45 days,Website,0.04,"$11,346.00",5.28,Chicago,Spanish,482,8470,1,Outdoor Adventurers,15/01/2021,Profit
16,4,6.21576716,0.296641006,Paid,10.02890318,2,1,Innovate Industries,Social Media,Women 35-44,60 days,YouTube,0.11,"$9,407.00",2.91,New York,German,299,1512,5,Health & Wellness,16/01/2021,Loss
17,6,18.3366796,0.337694551,Referral,2.984756678,0,1,Innovate Industries,Display,Women 35-44,45 days,Website,0.08,"$5,478.00",4.53,Houston,English,931,2488,3,Fashionistas,17/01/2021,Loss
18,6,0.841865914,0.249316381,Social,8.30362448,1,1,Alpha Innovations,Influencer,Men 18-24,15 days,Instagram,0.14,"$9,485.00",4.48,Miami,French,218,9264,9,Health & Wellness,18/01/2021,Loss
19,1,5.540223444,0.256684547,Paid,8.793492245,3,1,Alpha Innovations,Social Media,Men 25-34,60 days,Google Ads,0.07,"$19,224.00",6.08,New York,French,182,5798,1,Foodies,19/01/2021,Profit
20,7,5.195296488,0.172977736,Paid,2.889980024,2,1,DataTech Solutions,Influencer,Men 25-34,15 days,Google Ads,0.09,"$10,258.00",3.83,Miami,French,193,3677,1,Tech Enthusiasts,20/01/2021,Loss
21,2,0.787760269,0.251640726,Organic,11.69293807,5,1,DataTech Solutions,Search,Women 25-34,15 days,Email,0.04,"$16,580.00",7.99,New York,Spanish,975,1561,3,Outdoor Adventurers,21/01/2021,Profit
22,11,0.310877893,0.644309989,Organic,4.164912574,4,1,TechCorp,Influencer,All Ages,30 days,Facebook,0.02,"$12,824.00",6.21,New York,French,319,8586,2,Foodies,22/01/2021,Profit
23,4,11.65038153,0.287329568,Direct,6.025224139,1,1,NexGen Systems,Social Media,Women 35-44,15 days,YouTube,0.13,"$8,699.00",2.12,Miami,French,646,3841,5,Health & Wellness,23/01/2021,Loss
24,3,1.053035393,0.183589716,Organic,3.72750665,2,1,Innovate Industries,Email,Women 25-34,15 days,Facebook,0.04,"$17,608.00",7.31,Miami,Spanish,764,2157,8,Health & Wellness,24/01/2021,Profit
25,8,6.141313178,0.09314584,Social,5.083885619,2,1,NexGen Systems,Social Media,Men 18-24,60 days,YouTube,0.07,"$8,773.00",6.03,Miami,Mandarin,527,1733,1,Fashionistas,25/01/2021,Profit
26,3,0.012407085,0.118828262,Referral,1.336264957,3,1,NexGen Systems,Search,Women 25-34,45 days,Instagram,0.04,"$14,756.00",6.23,Houston,English,809,8236,10,Health & Wellness,26/01/2021,Profit
27,3,0.063746928,0.056094122,Social,7.05303439,1,1,Alpha Innovations,Email,Women 25-34,45 days,Facebook,0.09,"$9,182.00",6.03,Houston,English,953,6916,5,Fashionistas,27/01/2021,Profit
28,5,1.881355422,0.013264164,Direct,2.107742851,2,1,TechCorp,Email,Men 25-34,30 days,YouTube,0.07,"$6,601.00",3.29,New York,Spanish,604,2420,3,Foodies,28/01/2021,Loss
29,8,0.818241206,0.158098155,Referral,15.0222197,3,1,TechCorp,Influencer,Men 18-24,60 days,Email,0.09,"$11,552.00",7.12,Chicago,Spanish,384,7620,7,Tech Enthusiasts,29/01/2021,Profit
30,3,3.512013371,0.135033107,Social,1.552828446,0,0.963079669,TechCorp,Social Media,Women 25-34,30 days,Email,0.09,"$11,608.00",3.61,Los Angeles,Spanish,952,4055,1,Tech Enthusiasts,30/01/2021,Loss
31,2,2.501122171,0.12373095,Organic,3.296032106,2,1,Innovate Industries,Search,Men 25-34,45 days,Instagram,0.07,"$13,124.00",2.77,Houston,Mandarin,512,4837,4,Tech Enthusiasts,31/01/2021,Loss
32,5,0.241957522,0.444408206,Referral,2.638993032,2,0.868593275,NexGen Systems,Influencer,All Ages,45 days,YouTube,0.07,"$13,245.00",6.83,New York,English,309,2885,7,Foodies,01/02/2021,Profit
33,3,0.53246165,0.250903219,Social,0.966023815,2,1,NexGen Systems,Display,Women 35-44,45 days,Email,0.06,"$5,796.00",4.42,New York,Spanish,367,3218,9,Foodies,02/02/2021,Loss
34,8,1.473310519,0.213485799,Organic,9.004402387,1,1,Alpha Innovations,Influencer,Women 25-34,45 days,Google Ads,0.14,"$15,082.00",2.71,Los Angeles,German,243,5724,4,Health & Wellness,03/02/2021,Loss
35,10,0.61592587,0.075536222,Referral,1.951268458,1,0.972276632,NexGen Systems,Influencer,Men 18-24,30 days,YouTube,0.07,"$18,332.00",7.81,Houston,Spanish,360,5349,6,Fashionistas,04/02/2021,Profit
36,3,4.713860245,0.68193012,Social,3.869525945,4,1,TechCorp,Display,Men 25-34,60 days,Instagram,0.09,"$13,256.00",2.51,Miami,German,250,7373,3,Health & Wellness,05/02/2021,Loss
37,2,1.613923709,0.368471727,Social,1.687480629,1,0.892856006,DataTech Solutions,Display,All Ages,45 days,Email,0.04,"$15,779.00",7.24,New York,Spanish,822,7152,1,Foodies,06/02/2021,Profit
38,5,0.294267273,0.148310175,Organic,7.17173107,2,1,Innovate Industries,Influencer,Men 18-24,60 days,Facebook,0.06,"$7,683.00",2.62,Houston,French,833,9772,8,Tech Enthusiasts,07/02/2021,Loss
39,7,1.986939821,0.230326717,Referral,2.992466163,0,1,Innovate Industries,Search,Men 25-34,30 days,Instagram,0.11,"$14,742.00",2.21,Chicago,Spanish,663,9473,10,Tech Enthusiasts,08/02/2021,Loss
40,6,0.285696546,0.480492545,Organic,4.219468464,1,1,Innovate Industries,Search,Men 18-24,45 days,Google Ads,0.08,"$15,495.00",6.97,Chicago,German,268,5495,6,Fashionistas,09/02/2021,Profit
41,6,0.414123974,0.266410874,Referral,3.279772549,1,0.984004061,DataTech Solutions,Social Media,All Ages,30 days,Website,0.04,"$18,684.00",4.57,New York,French,212,4718,4,Foodies,10/02/2021,Loss
42,2,0.821770796,0.125454362,Paid,4.612913658,1,1,Alpha Innovations,Search,Men 25-34,45 days,Email,0.01,"$13,096.00",3.44,Los Angeles,French,360,2776,1,Foodies,11/02/2021,Loss
43,4,5.888235,0.293249096,Paid,8.652438902,0,1,Innovate Industries,Display,Men 25-34,60 days,Instagram,0.09,"$7,818.00",5.6,Houston,French,598,8637,5,Fashionistas,12/02/2021,Profit
44,9,7.755342687,0.460873286,Paid,3.300934784,1,1,Innovate Industries,Display,All Ages,30 days,Instagram,0.09,"$8,214.00",4.77,Chicago,English,988,1612,5,Fashionistas,13/02/2021,Loss
45,7,5.250546843,0.288505451,Organic,5.276812813,2,1,DataTech Solutions,Email,Men 18-24,45 days,Google Ads,0.04,"$6,882.00",3.31,Miami,English,282,8038,7,Tech Enthusiasts,14/02/2021,Loss
46,11,1.219744672,0.613241098,Organic,3.061934986,0,1,NexGen Systems,Display,Women 35-44,60 days,Google Ads,0.03,"$13,470.00",6.8,Miami,English,992,8036,8,Health & Wellness,15/02/2021,Profit
47,8,0.954202987,0.401329736,Organic,1.425644129,1,0.962493642,DataTech Solutions,Search,Men 25-34,60 days,YouTube,0.06,"$14,948.00",7.4,New York,French,903,3940,3,Foodies,16/02/2021,Profit
48,3,2.389899634,0.189480814,Referral,4.23789787,2,1,Innovate Industries,Social Media,Men 18-24,60 days,Instagram,0.04,"$15,255.00",3.8,Chicago,French,629,1824,3,Health & Wellness,17/02/2021,Loss
49,2,3.838818316,0.189265462,Social,1.593548073,2,1,TechCorp,Display,All Ages,60 days,Facebook,0.1,"$9,510.00",5.25,Houston,French,190,2071,4,Tech Enthusiasts,18/02/2021,Profit
50,3,15.0497133,0.030525144,Organic,2.873870683,1,1,TechCorp,Social Media,Women 25-34,45 days,Email,0.11,"$7,521.00",3.98,Los Angeles,German,150,7377,8,Tech Enthusiasts,19/02/2021,Loss
51,4,0.423207345,0.84493938,Organic,0.727810446,4,0.749203659,NexGen Systems,Search,Men 25-34,60 days,Facebook,0.12,"$10,405.00",5.79,Los Angeles,French,134,8463,9,Foodies,20/02/2021,Profit
52,5,0.151644923,0.189229164,Paid,3.97019724,2,1,NexGen Systems,Search,Men 25-34,15 days,Website,0.1,"$15,955.00",6.48,Houston,French,657,9831,7,Foodies,21/02/2021,Profit
53,5,3.556001669,0.160529651,Referral,3.154549987,4,1,TechCorp,Email,Men 18-24,30 days,Facebook,0.13,"$15,428.00",7.62,Houston,French,385,4937,6,Tech Enthusiasts,22/02/2021,Profit
54,4,5.355408459,0.386124735,Organic,3.834073321,1,1,NexGen Systems,Display,Women 35-44,45 days,YouTube,0.02,"$19,832.00",3.35,New York,English,537,4739,9,Outdoor Adventurers,23/02/2021,Loss
55,3,5.619210148,0.358929582,Organic,3.910938078,2,1,NexGen Systems,Social Media,Men 18-24,30 days,YouTube,0.05,"$17,375.00",6.15,Miami,Spanish,450,6012,7,Foodies,24/02/2021,Profit
56,8,3.403933092,0.048201669,Organic,4.879187494,4,1,NexGen Systems,Display,Men 25-34,15 days,Website,0.13,"$8,903.00",3.7,Miami,English,178,8529,9,Health & Wellness,25/02/2021,Loss
57,2,9.238372528,0.526355517,Organic,5.415281971,2,1,NexGen Systems,Email,Women 35-44,15 days,Website,0.04,"$14,511.00",6.66,Chicago,English,164,2122,8,Foodies,26/02/2021,Profit
58,1,2.146207593,0.159205739,Organic,14.33851631,5,1,Innovate Industries,Email,Men 18-24,60 days,Email,0.06,"$17,305.00",2.7,New York,French,569,1850,2,Fashionistas,27/02/2021,Loss
59,4,7.353770371,0.222896704,Organic,9.84027064,2,1,Alpha Innovations,Email,Women 25-34,45 days,Email,0.04,"$18,063.00",4.93,Chicago,English,330,6920,6,Foodies,28/02/2021,Loss
60,5,10.30849747,0.64639033,Referral,5.316899879,1,1,Innovate Industries,Display,Men 25-34,15 days,Email,0.05,"$10,293.00",6.8,Miami,French,256,3421,9,Health & Wellness,01/03/2021,Profit
61,4,5.635041055,0.054179402,Referral,2.769737315,1,1,DataTech Solutions,Email,Men 25-34,45 days,Email,0.05,"$8,785.00",2.27,New York,German,849,9217,5,Fashionistas,02/03/2021,Loss
62,3,1.112141503,0.293753959,Organic,2.814258945,1,1,TechCorp,Email,Men 25-34,30 days,Email,0.09,"$13,848.00",5.32,Los Angeles,French,261,1958,2,Tech Enthusiasts,03/03/2021,Profit
63,4,0.655272806,0.268241018,Referral,0.370603051,2,0.907349292,Innovate Industries,Influencer,Women 35-44,60 days,Email,0.01,"$14,435.00",7.04,Houston,Mandarin,592,3596,4,Foodies,04/03/2021,Profit
64,8,2.383016295,0.083114277,Paid,1.586549521,1,0.625293991,NexGen Systems,Search,Men 18-24,30 days,Facebook,0.02,"$14,001.00",3.71,Chicago,English,201,8702,10,Outdoor Adventurers,05/03/2021,Loss
65,2,1.810000329,0.158092854,Direct,3.079790782,2,1,DataTech Solutions,Display,All Ages,45 days,Website,0.11,"$8,841.00",7.43,Houston,French,648,9122,9,Fashionistas,06/03/2021,Profit
66,2,6.305266175,0.24901885,Organic,4.219020148,4,1,NexGen Systems,Search,All Ages,60 days,YouTube,0.04,"$11,366.00",7.28,Los Angeles,Mandarin,187,5048,8,Health & Wellness,07/03/2021,Profit
67,2,0.316187119,0.234216542,Referral,18.23996376,2,1,Alpha Innovations,Display,Women 25-34,30 days,YouTube,0.07,"$12,910.00",6.33,Miami,Spanish,839,5569,7,Foodies,08/03/2021,Profit
68,7,0.894167326,0.220051016,Referral,4.770245176,5,1,TechCorp,Search,Women 25-34,60 days,YouTube,0.12,"$7,823.00",2.72,New York,Mandarin,240,2512,6,Tech Enthusiasts,09/03/2021,Loss
69,6,4.180548461,0.10362923,Organic,5.464398173,3,1,TechCorp,Display,All Ages,15 days,Facebook,0.03,"$11,864.00",7.98,Chicago,French,932,9973,9,Tech Enthusiasts,10/03/2021,Profit
70,7,0.299416735,0.496233396,Direct,1.380698487,4,1,Innovate Industries,Email,All Ages,15 days,Facebook,0.1,"$17,414.00",4.74,Los Angeles,German,694,2836,2,Foodies,11/03/2021,Loss
71,6,1.160361754,0.539858292,Paid,2.253880627,1,1,Alpha Innovations,Search,Men 25-34,30 days,Website,0.13,"$18,201.00",5.58,New York,German,202,6745,8,Tech Enthusiasts,12/03/2021,Profit
72,7,1.468931618,0.115187943,Referral,3.09611905,1,1,Alpha Innovations,Social Media,All Ages,15 days,Email,0.03,"$9,549.00",5.61,Chicago,French,416,9187,7,Health & Wellness,13/03/2021,Profit
73,6,2.923299627,0.171382316,Organic,0.989993628,2,1,TechCorp,Social Media,Women 35-44,15 days,YouTube,0.13,"$16,635.00",7.46,Miami,English,576,9999,10,Health & Wellness,14/03/2021,Profit
74,4,0.516398441,0.190188388,Organic,4.681621703,1,1,NexGen Systems,Influencer,All Ages,45 days,Facebook,0.1,"$9,310.00",5.63,New York,German,300,3687,9,Foodies,15/03/2021,Profit
75,2,5.911319979,0.323885389,Paid,1.962131629,3,1,NexGen Systems,Display,All Ages,15 days,YouTube,0.11,"$5,158.00",6.67,Chicago,German,776,4238,3,Health & Wellness,16/03/2021,Profit
76,3,1.780134878,0.273503888,Organic,1.22331653,2,1,Innovate Industries,Search,Men 25-34,30 days,Instagram,0.04,"$15,182.00",2.03,Houston,English,492,7364,2,Fashionistas,17/03/2021,Loss
77,4,7.467528883,0.509321749,Paid,6.36347233,0,1,Innovate Industries,Display,Men 18-24,45 days,Google Ads,0.08,"$5,703.00",3.23,Chicago,German,763,8501,10,Foodies,18/03/2021,Loss
78,7,1.892601889,0.139796164,Organic,3.103389527,0,1,Innovate Industries,Search,Women 35-44,60 days,Google Ads,0.02,"$12,008.00",4.82,Miami,Spanish,817,7892,2,Health & Wellness,19/03/2021,Loss
79,4,0.964917466,0.485452184,Referral,4.377897111,0,1,NexGen Systems,Display,Women 35-44,45 days,Google Ads,0.13,"$15,850.00",7.74,New York,Spanish,791,3594,4,Outdoor Adventurers,20/03/2021,Profit
80,3,0.458855097,0.369618687,Paid,1.24304707,2,0.796755742,Alpha Innovations,Influencer,Women 25-34,30 days,Email,0.1,"$9,813.00",6.57,Miami,French,737,9941,6,Fashionistas,21/03/2021,Profit
81,2,0.011256375,0.183126678,Organic,5.900334031,2,1,Innovate Industries,Influencer,Women 35-44,60 days,Google Ads,0.14,"$19,300.00",7.62,Miami,Mandarin,159,3643,1,Outdoor Adventurers,22/03/2021,Profit
82,6,2.278870638,0.475960716,Referral,5.027113599,1,1,NexGen Systems,Social Media,Women 25-34,45 days,YouTube,0.12,"$17,772.00",6.33,New York,English,913,1921,5,Foodies,23/03/2021,Profit
83,3,0.340032558,0.314158679,Paid,3.71491664,3,1,Innovate Industries,Influencer,Women 25-34,60 days,Facebook,0.1,"$17,293.00",3.74,Houston,Spanish,238,8969,6,Outdoor Adventurers,24/03/2021,Loss
84,5,1.49139822,0.12497132,Organic,5.792328942,1,1,NexGen Systems,Search,All Ages,60 days,YouTube,0.08,"$8,398.00",3.99,Miami,English,134,3108,1,Health & Wellness,25/03/2021,Loss
85,9,2.669470508,0.397080094,Organic,2.260658974,2,0.86876104,Alpha Innovations,Influencer,Women 35-44,60 days,Email,0.15,"$15,866.00",2.3,Houston,French,159,2139,10,Health & Wellness,26/03/2021,Loss
86,6,0.96759041,0.232242852,Organic,2.650401069,1,1,TechCorp,Social Media,All Ages,30 days,YouTube,0.13,"$7,515.00",7.38,Houston,Mandarin,635,8489,3,Foodies,27/03/2021,Profit
87,6,0.577931397,0.645710669,Organic,2.572884453,2,1,DataTech Solutions,Email,Women 25-34,15 days,YouTube,0.15,"$19,026.00",2.22,Miami,Mandarin,187,2573,10,Fashionistas,28/03/2021,Loss
88,9,4.471255226,0.147181221,Direct,0.79193609,2,1,TechCorp,Search,Men 18-24,60 days,Facebook,0.14,"$8,280.00",7.89,New York,German,537,3042,1,Outdoor Adventurers,29/03/2021,Profit
89,4,8.800592886,0.289880142,Paid,2.99751001,1,1,Alpha Innovations,Display,Women 25-34,30 days,Google Ads,0.1,"$18,251.00",4.41,New York,Spanish,597,8117,6,Tech Enthusiasts,30/03/2021,Loss
90,9,0.317549966,0.167140253,Organic,3.493775652,2,1,DataTech Solutions,Display,All Ages,15 days,Instagram,0.07,"$13,108.00",2.01,Houston,German,550,3839,7,Tech Enthusiasts,31/03/2021,Loss
91,2,0.507352514,0.235484023,Organic,2.134253607,0,1,NexGen Systems,Influencer,Women 35-44,15 days,YouTube,0.09,"$15,477.00",6.98,Houston,English,956,9087,3,Foodies,01/04/2021,Profit
92,10,9.657576919,0.051086871,Organic,3.107007652,3,1,TechCorp,Email,Men 25-34,45 days,Email,0.09,"$17,705.00",7,New York,Spanish,628,9545,4,Outdoor Adventurers,02/04/2021,Profit
93,6,0.115549655,0.110023884,Paid,3.276242705,1,1,Innovate Industries,Display,Women 35-44,15 days,Instagram,0.05,"$18,470.00",2.57,Chicago,English,938,7879,10,Fashionistas,03/04/2021,Loss
94,9,11.40041688,0.066918596,Organic,5.553548993,3,1,NexGen Systems,Display,Men 25-34,45 days,Instagram,0.01,"$14,438.00",7.19,New York,French,147,6497,10,Health & Wellness,04/04/2021,Profit
95,4,0.013965907,0.313361357,Paid,5.755733748,4,1,NexGen Systems,Search,Men 18-24,45 days,Facebook,0.08,"$6,278.00",4.93,Miami,German,776,4289,8,Foodies,05/04/2021,Loss
96,1,6.20654132,0.256338124,Organic,9.081799797,1,1,TechCorp,Social Media,All Ages,15 days,Email,0.08,"$5,185.00",4.61,New York,French,108,9532,1,Tech Enthusiasts,06/04/2021,Loss
97,6,1.10158388,0.306808599,Social,2.270526196,5,1,Innovate Industries,Email,Women 25-34,15 days,Instagram,0.14,"$18,799.00",3.69,Miami,French,395,6079,8,Health & Wellness,07/04/2021,Loss
98,8,8.370491992,0.296407906,Organic,7.478524876,0,1,Alpha Innovations,Search,All Ages,60 days,Facebook,0.04,"$7,365.00",7.96,New York,French,419,4484,1,Fashionistas,08/04/2021,Profit
99,6,1.143540954,0.38157368,Paid,6.619431042,3,1,Alpha Innovations,Search,All Ages,60 days,Instagram,0.02,"$6,565.00",3.12,New York,French,463,6061,8,Foodies,09/04/2021,Loss
100,2,3.186606655,0.068599468,Referral,1.121857386,3,1,TechCorp,Display,All Ages,60 days,Facebook,0.09,"$9,022.00",5.58,Miami,Spanish,521,2572,4,Tech Enthusiasts,10/04/2021,Profit
101,3,0.250251034,0.045909719,Paid,6.971477092,2,1,NexGen Systems,Search,Men 25-34,45 days,YouTube,0.07,"$18,735.00",4.86,Los Angeles,Spanish,706,8715,6,Foodies,11/04/2021,Loss
102,5,0.832521286,0.283186624,Social,1.12639772,1,0.874484327,TechCorp,Search,Men 18-24,45 days,YouTube,0.09,"$9,941.00",4.54,Chicago,English,207,8334,4,Tech Enthusiasts,12/04/2021,Loss
103,3,4.457407393,0.131191735,Referral,3.790101093,0,1,DataTech Solutions,Influencer,Men 18-24,60 days,Website,0.08,"$10,113.00",6.87,Houston,English,583,1005,3,Health & Wellness,13/04/2021,Profit
104,3,2.25669129,0.172712712,Paid,7.826826067,5,1,DataTech Solutions,Social Media,Men 18-24,15 days,Facebook,0.1,"$8,310.00",7.17,Chicago,Spanish,864,6841,3,Tech Enthusiasts,14/04/2021,Profit
105,5,7.891978665,0.399818151,Paid,0.424393942,0,1,DataTech Solutions,Influencer,Men 18-24,30 days,Google Ads,0.06,"$15,073.00",2.17,Los Angeles,English,387,8035,2,Health & Wellness,15/04/2021,Loss
106,6,1.679792406,0.227532183,Direct,5.162229295,0,1,Innovate Industries,Social Media,Women 25-34,30 days,Email,0.09,"$7,541.00",3.35,Chicago,Spanish,560,3439,7,Fashionistas,16/04/2021,Loss
107,5,6.116335588,0.390992354,Referral,1.248632588,1,1,TechCorp,Influencer,Men 25-34,45 days,Google Ads,0.11,"$14,875.00",6.5,New York,German,306,1560,3,Health & Wellness,17/04/2021,Profit
108,3,1.787818792,0.504288172,Direct,9.227409199,2,1,TechCorp,Email,All Ages,45 days,Email,0.06,"$5,514.00",7.32,Miami,German,740,4550,1,Outdoor Adventurers,18/04/2021,Profit
109,5,11.62537824,0.285231584,Organic,6.473043948,1,1,Innovate Industries,Search,Men 25-34,30 days,Instagram,0.05,"$15,107.00",4.79,Houston,Spanish,115,1475,10,Fashionistas,19/04/2021,Loss
110,3,9.644231724,0.57390877,Paid,0.914021059,5,1,Innovate Industries,Social Media,Women 25-34,15 days,YouTube,0.1,"$13,712.00",6.4,Chicago,English,366,3843,3,Fashionistas,20/04/2021,Profit
111,3,1.19756969,0.161777892,Direct,2.398132927,1,0.908835703,Alpha Innovations,Influencer,All Ages,60 days,Facebook,0.05,"$11,789.00",5.39,Houston,German,659,3670,9,Outdoor Adventurers,21/04/2021,Profit
112,6,6.512662491,0.135113555,Organic,8.233772652,2,1,DataTech Solutions,Email,All Ages,30 days,Website,0.13,"$18,335.00",7.58,Los Angeles,Mandarin,552,3464,5,Health & Wellness,22/04/2021,Profit
113,5,5.643963817,0.236755004,Direct,4.468721982,3,1,TechCorp,Display,Women 35-44,30 days,Google Ads,0.02,"$19,035.00",2.01,Miami,Mandarin,560,6945,7,Health & Wellness,23/04/2021,Loss
114,6,0.709751901,0.164526488,Organic,5.685964729,1,1,DataTech Solutions,Email,Women 25-34,15 days,YouTube,0.11,"$17,655.00",4.04,Los Angeles,English,369,8912,4,Health & Wellness,24/04/2021,Loss
115,2,2.93681633,0.253042795,Direct,2.644228966,1,1,NexGen Systems,Email,Women 25-34,45 days,Google Ads,0.11,"$6,710.00",2.72,Houston,German,886,6158,7,Fashionistas,25/04/2021,Loss
116,4,0.226377211,0.545753359,Paid,6.688997323,1,1,NexGen Systems,Social Media,Women 25-34,15 days,Facebook,0.09,"$9,899.00",3.7,Los Angeles,German,447,4878,8,Tech Enthusiasts,26/04/2021,Loss
117,7,5.436695792,0.103671196,Organic,10.67944941,2,1,Innovate Industries,Email,All Ages,30 days,Instagram,0.14,"$7,032.00",7.86,Chicago,Spanish,595,1555,4,Health & Wellness,27/04/2021,Profit
118,6,0.5754648,0.2566508,Social,1.421380169,1,1,TechCorp,Social Media,All Ages,45 days,Website,0.05,"$5,174.00",4.98,Houston,German,438,9741,1,Tech Enthusiasts,28/04/2021,Loss
119,5,0.220341299,0.449471114,Organic,2.521880288,2,1,Innovate Industries,Display,Women 35-44,15 days,YouTube,0.14,"$15,679.00",3.71,Los Angeles,German,652,3884,7,Foodies,29/04/2021,Loss
120,4,1.533572549,0.317173009,Organic,4.47407384,2,1,NexGen Systems,Display,All Ages,45 days,YouTube,0.07,"$12,143.00",7.65,Miami,Mandarin,802,8897,10,Tech Enthusiasts,30/04/2021,Profit
121,3,2.580597142,0.187622049,Organic,3.058990148,4,1,Innovate Industries,Email,Women 35-44,45 days,Facebook,0.02,"$19,329.00",7.58,Houston,English,841,4536,8,Outdoor Adventurers,01/05/2021,Profit
122,3,5.791347003,0.194111552,Referral,4.398518979,1,1,Innovate Industries,Search,All Ages,60 days,Email,0.09,"$8,854.00",6.78,Chicago,German,137,4002,6,Tech Enthusiasts,02/05/2021,Profit
123,7,10.97709127,0.443827605,Direct,5.067110645,3,1,Alpha Innovations,Influencer,Women 35-44,45 days,YouTube,0.04,"$5,232.00",7.61,New York,German,850,6515,5,Foodies,03/05/2021,Profit
124,7,1.736738034,0.199953158,Organic,3.072196814,3,1,NexGen Systems,Display,Men 25-34,30 days,Instagram,0.02,"$13,006.00",3.7,Chicago,Spanish,727,2863,1,Fashionistas,04/05/2021,Loss
125,6,0.1870529,0.219078217,Paid,2.179539054,3,1,DataTech Solutions,Email,Men 18-24,45 days,Website,0.13,"$5,653.00",6.08,Chicago,Mandarin,986,4477,10,Foodies,05/05/2021,Profit
126,6,4.14828876,0.270952874,Organic,3.784863276,3,1,DataTech Solutions,Email,Men 25-34,45 days,Google Ads,0.02,"$18,169.00",5.5,Miami,English,259,3941,7,Outdoor Adventurers,06/05/2021,Profit
127,7,2.498422852,0.304309187,Referral,1.0710392,0,1,DataTech Solutions,Social Media,Men 25-34,45 days,Email,0.08,"$13,316.00",6.15,Los Angeles,Spanish,321,7186,2,Fashionistas,07/05/2021,Profit
128,8,1.782031239,0.055213692,Organic,1.987983514,0,1,NexGen Systems,Email,All Ages,15 days,Email,0.08,"$17,847.00",6.68,Houston,Spanish,942,9066,3,Outdoor Adventurers,08/05/2021,Profit
129,6,1.110013939,0.21624186,Organic,2.725889502,2,1,Alpha Innovations,Email,Men 18-24,45 days,Instagram,0.06,"$10,639.00",4.32,New York,Spanish,166,5735,10,Health & Wellness,09/05/2021,Loss
130,3,2.093867337,0.05105229,Organic,3.551557937,2,1,Innovate Industries,Display,Men 25-34,15 days,YouTube,0.03,"$10,945.00",3.16,Chicago,Spanish,508,8054,6,Fashionistas,10/05/2021,Loss
131,7,1.24055053,0.113936326,Paid,8.767249214,0,1,NexGen Systems,Email,Men 18-24,15 days,Instagram,0.11,"$5,167.00",6.63,New York,Spanish,885,1932,7,Fashionistas,11/05/2021,Profit
132,5,4.244228026,0.211243916,Social,0.668978698,1,1,DataTech Solutions,Influencer,Men 25-34,60 days,Google Ads,0.15,"$8,300.00",6.65,Chicago,Spanish,158,4842,4,Outdoor Adventurers,12/05/2021,Profit
133,5,2.355088125,0.33060232,Paid,3.643817953,0,1,Innovate Industries,Social Media,Men 25-34,15 days,Instagram,0.14,"$13,469.00",7.54,Houston,German,857,4028,8,Fashionistas,13/05/2021,Profit
134,7,6.283002241,0.285993546,Organic,5.672679926,1,1,TechCorp,Search,Men 25-34,30 days,Facebook,0.1,"$19,254.00",2.41,Miami,English,481,1876,7,Foodies,14/05/2021,Loss
135,4,2.352788346,0.05622645,Paid,2.934160623,1,1,DataTech Solutions,Display,All Ages,60 days,Google Ads,0.04,"$10,704.00",6.46,Chicago,French,999,7543,8,Tech Enthusiasts,15/05/2021,Profit
136,9,0.816459471,0.477294487,Social,2.252288265,0,1,NexGen Systems,Email,Men 18-24,30 days,Email,0.15,"$9,229.00",3.56,New York,Spanish,939,5999,8,Tech Enthusiasts,16/05/2021,Loss
137,4,5.713277468,0.198799077,Organic,3.275800365,1,1,Alpha Innovations,Social Media,Women 35-44,60 days,Instagram,0.1,"$14,125.00",4.9,Houston,Spanish,885,7833,5,Fashionistas,17/05/2021,Loss
138,5,2.444040268,0.334615418,Organic,2.296890371,2,1,DataTech Solutions,Influencer,All Ages,60 days,Instagram,0.04,"$8,222.00",6.17,Houston,Mandarin,666,1435,4,Foodies,18/05/2021,Profit
139,2,0.695194863,0.146305967,Organic,1.492004578,5,1,NexGen Systems,Email,Men 18-24,45 days,Website,0.07,"$14,226.00",3.77,Chicago,German,359,9440,8,Outdoor Adventurers,19/05/2021,Loss
140,6,2.930573927,0.315261031,Referral,1.815168733,0,1,DataTech Solutions,Email,Men 18-24,60 days,Website,0.06,"$18,985.00",4.61,Miami,English,328,8840,5,Fashionistas,20/05/2021,Loss
141,3,1.328177689,0.51234922,Paid,1.844325298,0,0.932545459,NexGen Systems,Email,Women 25-34,15 days,Email,0.08,"$5,599.00",3.43,Houston,English,571,2404,3,Fashionistas,21/05/2021,Loss
142,6,5.58150821,0.278067379,Paid,14.26480293,3,1,Innovate Industries,Influencer,All Ages,45 days,Google Ads,0.08,"$11,952.00",3.48,Houston,English,845,5702,8,Health & Wellness,22/05/2021,Loss
143,2,1.811563785,0.157511195,Organic,4.103969067,6,1,Innovate Industries,Display,Women 35-44,15 days,Facebook,0.05,"$14,503.00",3.8,Miami,Mandarin,585,9150,3,Tech Enthusiasts,23/05/2021,Loss
144,3,3.888717802,0.142534674,Organic,3.141011093,2,1,DataTech Solutions,Search,Men 25-34,45 days,Instagram,0.11,"$10,404.00",2.41,New York,German,418,3556,2,Tech Enthusiasts,24/05/2021,Loss
145,5,0.301239017,0.228472732,Direct,1.556128492,1,1,TechCorp,Social Media,Men 18-24,30 days,Email,0.12,"$7,484.00",5.86,Houston,English,208,8730,2,Outdoor Adventurers,25/05/2021,Profit
146,3,1.512664171,0.276907423,Organic,9.791441186,1,1,TechCorp,Search,Men 25-34,60 days,Google Ads,0.03,"$7,428.00",4.72,Houston,Mandarin,556,5179,4,Tech Enthusiasts,26/05/2021,Loss
147,4,12.26653769,0.085754623,Direct,5.452240456,1,1,TechCorp,Influencer,Men 25-34,15 days,Facebook,0.1,"$11,495.00",5.13,Los Angeles,French,734,2612,5,Health & Wellness,27/05/2021,Profit
148,5,4.957980379,0.176561263,Paid,5.936922227,2,1,TechCorp,Influencer,All Ages,30 days,Facebook,0.13,"$18,957.00",2.83,Los Angeles,Spanish,643,2939,4,Tech Enthusiasts,28/05/2021,Loss
149,6,0.522848749,0.528060406,Organic,8.897551138,2,1,NexGen Systems,Display,Men 18-24,45 days,Instagram,0.06,"$10,772.00",2.94,Chicago,English,165,1496,6,Health & Wellness,29/05/2021,Loss
150,3,0.976210177,0.194541316,Paid,2.310208059,1,1,TechCorp,Search,Women 35-44,60 days,Instagram,0.14,"$6,896.00",2.15,Houston,German,693,1290,1,Foodies,30/05/2021,Loss
151,3,1.200608077,0.031379666,Direct,9.049868247,0,1,NexGen Systems,Search,Men 18-24,60 days,Facebook,0.13,"$13,318.00",2.98,New York,German,261,1415,6,Foodies,31/05/2021,Loss
152,4,3.152601387,0.139459572,Paid,4.376876323,2,1,TechCorp,Influencer,Women 35-44,60 days,Website,0.06,"$7,031.00",5.67,Houston,French,404,8033,6,Tech Enthusiasts,01/06/2021,Profit
153,5,4.24401681,0.246271411,Social,7.275034714,5,1,Alpha Innovations,Display,Women 35-44,15 days,Instagram,0.06,"$5,466.00",2.66,Houston,English,257,5756,2,Tech Enthusiasts,02/06/2021,Loss
154,4,4.153207761,0.177797787,Organic,3.549808344,4,1,Innovate Industries,Influencer,All Ages,30 days,Instagram,0.11,"$15,303.00",7.41,Chicago,Spanish,901,8712,2,Foodies,03/06/2021,Profit
155,2,2.139278679,0.39945849,Paid,2.35352117,1,1,TechCorp,Social Media,Women 35-44,30 days,Instagram,0.13,"$13,157.00",4.41,New York,German,724,9573,6,Fashionistas,04/06/2021,Loss
156,6,4.995177538,0.394311397,Social,5.883734969,3,1,Innovate Industries,Influencer,All Ages,15 days,Instagram,0.07,"$13,197.00",3.31,Los Angeles,French,672,8765,9,Tech Enthusiasts,05/06/2021,Loss
157,6,1.723843053,0.021722598,Direct,1.346004107,2,1,Alpha Innovations,Display,Men 25-34,30 days,Facebook,0.09,"$19,723.00",4.74,Houston,Mandarin,148,2746,8,Outdoor Adventurers,06/06/2021,Loss
158,8,0.396758569,0.254944949,Paid,5.419541377,2,1,NexGen Systems,Display,Men 18-24,60 days,Google Ads,0.12,"$18,903.00",7.24,Miami,French,488,4253,1,Tech Enthusiasts,07/06/2021,Profit
159,1,2.493380843,0.115202968,Referral,0.207017382,3,1,Alpha Innovations,Display,Women 35-44,60 days,Website,0.06,"$17,737.00",4.23,Houston,Spanish,420,8196,4,Foodies,08/06/2021,Loss
160,6,9.128558726,0.104061662,Organic,0.846540305,1,1,DataTech Solutions,Social Media,Women 25-34,30 days,Instagram,0.08,"$16,981.00",5.74,Miami,French,395,7469,6,Foodies,09/06/2021,Profit
161,2,4.72501745,0.593563627,Organic,1.740479856,6,1,TechCorp,Search,All Ages,45 days,Website,0.05,"$15,993.00",6.55,Miami,English,616,9536,8,Fashionistas,10/06/2021,Profit
162,5,2.593234942,0.156004809,Organic,3.016579317,5,1,DataTech Solutions,Social Media,Men 18-24,30 days,YouTube,0.07,"$7,893.00",5.28,Chicago,German,170,6306,9,Foodies,11/06/2021,Profit
163,2,3.122210509,0.113945985,Organic,6.081979543,2,1,TechCorp,Email,Women 25-34,15 days,Google Ads,0.04,"$9,858.00",3.09,Los Angeles,Spanish,957,4396,9,Tech Enthusiasts,12/06/2021,Loss
164,6,8.001964201,0.322041648,Organic,1.934706396,3,1,NexGen Systems,Influencer,Women 35-44,30 days,Email,0.09,"$6,885.00",7.65,Houston,Spanish,872,3269,1,Tech Enthusiasts,13/06/2021,Profit
165,4,1.677647275,0.48083391,Organic,4.803429497,2,1,TechCorp,Email,Men 25-34,30 days,Email,0.07,"$11,587.00",3.17,Houston,English,716,2676,9,Foodies,14/06/2021,Loss
166,3,1.207681617,0.094474674,Direct,3.116233382,0,1,NexGen Systems,Email,All Ages,30 days,Facebook,0.15,"$5,202.00",5.94,New York,German,998,5108,3,Fashionistas,15/06/2021,Profit
167,5,11.3484583,0.123484979,Referral,7.008283027,0,1,Innovate Industries,Search,Men 18-24,15 days,Instagram,0.08,"$15,651.00",7.24,Los Angeles,English,481,4165,7,Tech Enthusiasts,16/06/2021,Profit
168,6,5.97304244,0.294240023,Paid,1.586454442,1,1,NexGen Systems,Display,All Ages,30 days,Website,0.12,"$11,879.00",8,New York,Spanish,568,4997,6,Outdoor Adventurers,17/06/2021,Profit
169,3,1.170445162,0.631519875,Direct,2.664499798,3,1,TechCorp,Influencer,Women 25-34,60 days,Email,0.03,"$12,183.00",4.36,Los Angeles,English,421,6087,10,Tech Enthusiasts,18/06/2021,Loss
170,4,1.869635605,0.303513565,Organic,8.023780429,2,1,TechCorp,Search,All Ages,30 days,Google Ads,0.07,"$10,690.00",5.41,Los Angeles,English,797,1306,9,Foodies,19/06/2021,Profit
171,8,1.608830984,0.565697582,Paid,1.436848946,2,0.824802799,TechCorp,Social Media,Men 25-34,30 days,Website,0.06,"$12,886.00",4.62,Miami,Mandarin,668,2507,8,Foodies,20/06/2021,Loss
172,4,0.484366763,0.642029922,Referral,5.274311468,4,1,Innovate Industries,Influencer,Men 25-34,15 days,Google Ads,0.09,"$10,854.00",6.1,Houston,English,303,9453,2,Health & Wellness,21/06/2021,Profit
173,10,9.497379219,0.328384314,Organic,0.557270606,0,1,DataTech Solutions,Influencer,All Ages,15 days,YouTube,0.11,"$7,170.00",3.76,Los Angeles,German,540,6422,8,Foodies,22/06/2021,Loss
174,4,1.554116888,0.376770582,Referral,8.505160283,2,1,Innovate Industries,Display,Men 25-34,45 days,Google Ads,0.15,"$17,414.00",6.9,Los Angeles,French,801,8439,5,Foodies,23/06/2021,Profit
175,5,6.246233023,0.184526614,Organic,1.756233587,0,1,Innovate Industries,Search,Men 18-24,15 days,Instagram,0.1,"$12,272.00",5.29,Los Angeles,French,436,7817,7,Outdoor Adventurers,24/06/2021,Profit
176,10,0.629779699,0.419572941,Organic,1.909935826,7,1,Innovate Industries,Social Media,All Ages,15 days,Website,0.09,"$6,489.00",2.22,Chicago,English,683,9143,6,Foodies,25/06/2021,Loss
177,3,2.381361968,0.141586658,Organic,1.046237142,1,0.993382912,Innovate Industries,Display,Women 35-44,60 days,YouTube,0.08,"$19,732.00",6.06,Chicago,English,862,6773,1,Tech Enthusiasts,26/06/2021,Profit
178,4,0.072759387,0.126849172,Direct,5.003371014,1,1,Alpha Innovations,Social Media,All Ages,45 days,YouTube,0.09,"$17,837.00",3.84,Houston,English,944,9536,6,Foodies,27/06/2021,Loss
179,7,4.334574493,0.450916934,Referral,3.83193797,4,1,Innovate Industries,Display,All Ages,45 days,Email,0.13,"$11,954.00",4.91,Miami,Mandarin,241,9184,8,Foodies,28/06/2021,Loss
180,5,2.60903666,0.167680215,Referral,1.523506714,3,1,Alpha Innovations,Display,Women 35-44,30 days,Google Ads,0.01,"$16,862.00",6.29,Chicago,Spanish,200,1513,9,Tech Enthusiasts,29/06/2021,Profit
181,10,2.947208139,0.311270313,Paid,3.342979663,2,1,TechCorp,Display,All Ages,45 days,Email,0.07,"$8,076.00",4.29,New York,Mandarin,883,3400,8,Fashionistas,30/06/2021,Loss
182,4,0.159319177,0.390765774,Organic,13.33602859,1,1,DataTech Solutions,Influencer,Women 35-44,15 days,Facebook,0.06,"$19,143.00",2.58,Los Angeles,Spanish,690,1087,7,Tech Enthusiasts,01/07/2021,Loss
183,2,0.71111262,0.173115824,Referral,6.910315317,1,1,TechCorp,Influencer,Women 35-44,15 days,Instagram,0.06,"$18,350.00",3.2,New York,Spanish,372,3266,4,Health & Wellness,02/07/2021,Loss
184,3,0.231715265,0.099494056,Paid,7.983271936,2,1,DataTech Solutions,Social Media,Men 18-24,45 days,Email,0.06,"$12,315.00",3.97,Chicago,Spanish,505,4099,7,Fashionistas,03/07/2021,Loss
185,5,1.022887033,0.036005997,Organic,1.864586258,1,1,NexGen Systems,Influencer,Men 25-34,15 days,Instagram,0.14,"$17,598.00",7.27,Chicago,Mandarin,961,8475,7,Outdoor Adventurers,04/07/2021,Profit
186,8,2.96206355,0.139147026,Referral,1.628082142,3,1,TechCorp,Email,Women 35-44,30 days,Instagram,0.05,"$19,545.00",2.57,Houston,German,209,1917,1,Health & Wellness,05/07/2021,Loss
187,4,2.505418116,0.651012607,Organic,0.663175408,2,1,NexGen Systems,Email,Men 25-34,60 days,Email,0.13,"$14,231.00",6.28,Chicago,Mandarin,312,8509,3,Health & Wellness,06/07/2021,Profit
188,3,2.841408456,0.141029221,Organic,4.301892388,0,1,Alpha Innovations,Influencer,Women 25-34,30 days,Instagram,0.11,"$15,162.00",7.8,Chicago,German,360,6030,8,Tech Enthusiasts,07/07/2021,Profit
189,8,2.390535712,0.044676581,Social,2.726465352,2,1,DataTech Solutions,Social Media,Women 25-34,15 days,Email,0.12,"$15,403.00",6.21,Houston,English,542,6792,6,Foodies,08/07/2021,Profit
190,6,0.956605233,0.558240771,Referral,8.402272184,2,1,Innovate Industries,Influencer,All Ages,15 days,Email,0.06,"$5,363.00",5.46,Chicago,German,369,8511,8,Tech Enthusiasts,09/07/2021,Profit
191,8,0.841156263,0.116204936,Referral,8.00141814,3,1,DataTech Solutions,Social Media,Women 35-44,60 days,Website,0.12,"$13,903.00",2.46,Chicago,German,461,9733,9,Tech Enthusiasts,10/07/2021,Loss
192,3,0.442229246,0.386555142,Paid,4.917496225,1,1,TechCorp,Influencer,Men 25-34,45 days,Facebook,0.12,"$14,271.00",5.64,New York,Mandarin,842,2301,1,Health & Wellness,11/07/2021,Profit
193,3,5.672834768,0.049907296,Organic,1.161455216,5,1,DataTech Solutions,Social Media,Men 25-34,30 days,Google Ads,0.05,"$13,744.00",4.7,Miami,German,743,5155,5,Fashionistas,12/07/2021,Loss
194,5,2.875085507,0.342330886,Referral,1.073812166,2,1,NexGen Systems,Email,All Ages,15 days,Google Ads,0.1,"$6,093.00",4.28,New York,Mandarin,423,1340,7,Foodies,13/07/2021,Loss
195,11,0.619268669,0.528105761,Referral,0.341887963,1,0.799929173,DataTech Solutions,Email,All Ages,45 days,Email,0.07,"$5,272.00",3.62,Chicago,Spanish,939,9590,9,Foodies,14/07/2021,Loss
196,7,0.585160563,0.121313722,Paid,1.559234261,2,1,DataTech Solutions,Display,Women 35-44,30 days,YouTube,0.02,"$6,208.00",7.31,Houston,Mandarin,257,9939,8,Health & Wellness,15/07/2021,Profit
197,4,6.191545676,0.10249935,Direct,1.160473246,2,1,Innovate Industries,Influencer,Women 25-34,45 days,Email,0.1,"$15,437.00",3.72,Los Angeles,English,683,4212,6,Tech Enthusiasts,16/07/2021,Loss
198,3,4.072897558,0.31506405,Direct,5.168079938,2,1,DataTech Solutions,Display,Men 18-24,15 days,Instagram,0.01,"$16,368.00",4.37,Los Angeles,Mandarin,433,8942,5,Tech Enthusiasts,17/07/2021,Loss
199,8,3.231131428,0.210062604,Paid,2.595962689,1,1,Innovate Industries,Influencer,Men 18-24,45 days,Email,0.14,"$10,939.00",4.79,Miami,Spanish,146,1404,3,Outdoor Adventurers,18/07/2021,Loss
200,8,1.566995236,0.390915606,Social,2.170248239,1,1,TechCorp,Influencer,Men 25-34,30 days,Google Ads,0.02,"$16,312.00",2.63,Chicago,English,117,4406,7,Outdoor Adventurers,19/07/2021,Loss
201,3,0.911335033,0.494703788,Paid,3.120682956,2,1,Innovate Industries,Search,Women 35-44,60 days,Facebook,0.09,"$9,518.00",4.22,Houston,German,324,8445,6,Tech Enthusiasts,20/07/2021,Loss
202,3,11.65479442,0.278464813,Paid,3.519864491,3,1,DataTech Solutions,Influencer,Women 35-44,45 days,Instagram,0.13,"$16,258.00",5.83,Chicago,French,317,2305,10,Foodies,21/07/2021,Profit
203,6,4.787190508,0.525281156,Organic,2.014428472,4,1,DataTech Solutions,Display,All Ages,30 days,Email,0.1,"$7,176.00",7.27,Los Angeles,Spanish,472,7157,10,Tech Enthusiasts,22/07/2021,Profit
204,2,1.077659781,0.442830952,Paid,2.683800535,1,1,TechCorp,Influencer,Men 18-24,45 days,Google Ads,0.15,"$14,405.00",7.51,Los Angeles,French,896,7502,9,Foodies,23/07/2021,Profit
205,7,5.643047001,0.105122621,Direct,5.53881741,1,1,DataTech Solutions,Influencer,Women 35-44,45 days,Email,0.11,"$13,293.00",7.49,Chicago,Mandarin,132,1159,10,Foodies,24/07/2021,Profit
206,5,4.268028043,0.24248273,Social,6.247581499,2,1,Innovate Industries,Email,Men 18-24,15 days,Website,0.12,"$14,318.00",3.69,Miami,Spanish,210,2135,3,Tech Enthusiasts,25/07/2021,Loss
207,5,1.057538922,0.097318584,Social,1.141330562,0,0.937471179,TechCorp,Social Media,Women 25-34,60 days,Instagram,0.05,"$8,772.00",6.29,New York,English,209,6176,6,Health & Wellness,26/07/2021,Profit
208,6,1.668268522,0.384199575,Organic,2.918301478,3,0.962735154,DataTech Solutions,Display,Women 25-34,45 days,Google Ads,0.11,"$12,864.00",2.87,Los Angeles,English,280,2676,7,Health & Wellness,27/07/2021,Loss
209,1,0.617213167,0.338042743,Organic,9.027136636,4,1,NexGen Systems,Display,All Ages,15 days,Google Ads,0.11,"$17,562.00",3.66,Chicago,English,308,6903,7,Health & Wellness,28/07/2021,Loss
210,10,0.353151113,0.24237833,Organic,9.169156549,2,1,Innovate Industries,Display,All Ages,45 days,Email,0.08,"$17,461.00",2.81,Los Angeles,Mandarin,554,8096,10,Health & Wellness,29/07/2021,Loss
211,2,3.848637163,0.182125074,Organic,8.427336657,2,1,DataTech Solutions,Search,Women 35-44,30 days,Website,0.08,"$19,366.00",7.94,Chicago,Spanish,868,8919,10,Health & Wellness,30/07/2021,Profit
212,5,0.933924377,0.171162763,Paid,4.560344051,4,1,NexGen Systems,Social Media,All Ages,30 days,Instagram,0.02,"$6,907.00",2.39,Houston,French,376,1503,5,Foodies,31/07/2021,Loss
213,4,5.145384877,0.153002285,Organic,2.794543368,0,1,DataTech Solutions,Social Media,Women 25-34,45 days,Email,0.15,"$16,540.00",2.72,Houston,Mandarin,264,3516,2,Foodies,01/08/2021,Loss
214,5,16.28439777,0.283684418,Paid,0.408304231,2,1,TechCorp,Display,All Ages,60 days,Email,0.05,"$5,020.00",7.67,Chicago,Spanish,773,3130,5,Health & Wellness,02/08/2021,Profit
215,4,0.23914268,0.11521874,Paid,1.388833392,1,0.780597527,Alpha Innovations,Influencer,Women 25-34,45 days,YouTube,0.06,"$13,697.00",2.79,Los Angeles,Spanish,999,2557,3,Health & Wellness,03/08/2021,Loss
216,5,1.921864151,0.199260327,Organic,3.167497505,1,1,Alpha Innovations,Social Media,Women 25-34,30 days,Email,0.14,"$19,308.00",4.39,New York,Mandarin,726,6296,5,Health & Wellness,04/08/2021,Loss
217,6,4.859412763,0.125634099,Organic,5.672978403,0,1,NexGen Systems,Search,Women 35-44,30 days,Google Ads,0.11,"$13,185.00",6.06,Houston,English,614,9971,10,Fashionistas,05/08/2021,Profit
218,1,4.666993364,0.643345941,Social,4.863526558,2,1,DataTech Solutions,Email,Men 18-24,15 days,Instagram,0.05,"$15,880.00",5.85,Los Angeles,Spanish,967,9549,5,Tech Enthusiasts,06/08/2021,Profit
219,3,4.281313546,0.139822613,Organic,1.077954845,4,1,TechCorp,Search,Women 25-34,15 days,Email,0.08,"$13,524.00",3.91,Los Angeles,Spanish,167,9596,10,Foodies,07/08/2021,Loss
220,2,1.287713571,0.237531535,Organic,2.285622245,2,1,Innovate Industries,Influencer,All Ages,15 days,Email,0.03,"$10,536.00",8,New York,Mandarin,924,3584,10,Fashionistas,08/08/2021,Profit
221,5,1.814602731,0.165928127,Social,8.674680382,2,1,Alpha Innovations,Email,Men 18-24,15 days,Email,0.02,"$5,941.00",6.73,Miami,French,715,8580,2,Tech Enthusiasts,09/08/2021,Profit
222,4,2.711370255,0.380022629,Direct,2.900913518,0,1,Alpha Innovations,Email,Men 25-34,15 days,Instagram,0.09,"$12,239.00",2.98,Los Angeles,Mandarin,198,8847,2,Foodies,10/08/2021,Loss
223,7,10.9421283,0.321169119,Referral,4.910351437,3,1,DataTech Solutions,Search,Women 25-34,30 days,Facebook,0.04,"$11,973.00",5.36,Los Angeles,Spanish,240,5611,6,Fashionistas,11/08/2021,Profit
224,7,1.190470384,0.610016719,Organic,2.395231542,1,0.989809721,TechCorp,Display,Women 35-44,15 days,Google Ads,0.1,"$5,697.00",7.76,Miami,German,285,3131,1,Foodies,12/08/2021,Profit
225,2,7.697460831,0.308326964,Organic,0.633561235,3,1,DataTech Solutions,Email,Men 25-34,30 days,Instagram,0.12,"$6,388.00",6.8,Houston,English,159,4073,7,Outdoor Adventurers,13/08/2021,Profit
226,6,0.941490596,0.254939341,Direct,3.961049127,6,1,NexGen Systems,Influencer,Women 35-44,60 days,Facebook,0.15,"$10,330.00",2.83,Houston,French,153,5056,1,Foodies,14/08/2021,Loss
227,7,13.54995784,0.148651125,Social,2.80017644,4,1,Innovate Industries,Email,Men 18-24,45 days,Instagram,0.08,"$5,429.00",6.93,Los Angeles,English,423,7289,1,Foodies,15/08/2021,Profit
228,2,3.328385985,0.680795587,Paid,3.001540945,0,0.949344453,TechCorp,Influencer,Men 25-34,45 days,Google Ads,0.15,"$16,318.00",5.39,Chicago,German,660,1268,1,Health & Wellness,16/08/2021,Profit
229,7,1.868130347,0.273163936,Organic,3.579698962,1,1,Innovate Industries,Search,Men 25-34,60 days,Website,0.08,"$10,475.00",6.46,Los Angeles,Mandarin,111,8357,6,Tech Enthusiasts,17/08/2021,Profit
230,5,2.85101986,0.131587225,Organic,1.499107639,1,1,Alpha Innovations,Search,Women 35-44,30 days,Instagram,0.02,"$14,610.00",5.38,Los Angeles,French,820,5111,4,Fashionistas,18/08/2021,Profit
231,7,0.954552375,0.628660794,Organic,3.437920074,2,1,DataTech Solutions,Email,Women 35-44,15 days,Facebook,0.1,"$9,636.00",5.08,New York,German,935,6946,2,Fashionistas,19/08/2021,Profit
232,6,0.961334298,0.458857366,Referral,1.550935479,3,1,NexGen Systems,Email,Women 25-34,60 days,Google Ads,0.05,"$11,450.00",2.89,New York,Spanish,685,7667,6,Fashionistas,20/08/2021,Loss
233,5,0.361607048,0.338964234,Organic,4.933953994,0,0.875163627,DataTech Solutions,Email,Women 35-44,60 days,Facebook,0.02,"$14,372.00",4.26,Houston,Spanish,703,6178,2,Tech Enthusiasts,21/08/2021,Loss
234,6,0.363285298,0.085323328,Direct,20.0212847,5,1,Innovate Industries,Search,Men 25-34,60 days,Website,0.04,"$15,105.00",5.61,Chicago,German,366,8306,1,Fashionistas,22/08/2021,Profit
235,5,1.281622139,0.09780091,Organic,1.895128806,0,1,Alpha Innovations,Display,Men 25-34,15 days,Facebook,0.07,"$10,319.00",7.47,Chicago,German,409,4851,6,Outdoor Adventurers,23/08/2021,Profit
236,4,4.317256577,0.343015565,Referral,8.746138672,6,1,TechCorp,Search,Women 25-34,45 days,Google Ads,0.04,"$5,220.00",4.79,New York,French,662,8586,2,Fashionistas,24/08/2021,Loss
237,7,2.80925967,0.389264371,Organic,3.169156083,0,1,NexGen Systems,Search,Men 18-24,30 days,Email,0.14,"$15,820.00",5.12,Chicago,German,240,6283,9,Health & Wellness,25/08/2021,Profit
238,1,0.324709142,0.310863705,Paid,3.545783448,2,1,Innovate Industries,Display,Men 18-24,60 days,Website,0.01,"$18,076.00",3.13,New York,English,320,5064,6,Fashionistas,26/08/2021,Loss
239,8,5.736427276,0.552722867,Organic,2.892015115,4,1,Innovate Industries,Social Media,Women 25-34,60 days,Email,0.08,"$18,074.00",5.99,Chicago,German,587,4909,5,Outdoor Adventurers,27/08/2021,Profit
240,4,2.759146973,0.273600046,Social,1.853439804,3,1,Alpha Innovations,Email,Women 35-44,60 days,Google Ads,0.1,"$6,676.00",5.75,Los Angeles,Spanish,119,6702,7,Tech Enthusiasts,28/08/2021,Profit
241,5,9.72149194,0.159007987,Paid,2.237548302,1,1,Innovate Industries,Display,Women 25-34,45 days,Email,0.06,"$19,928.00",4.24,Miami,French,116,3794,4,Foodies,29/08/2021,Loss
242,3,3.327674415,0.67117782,Organic,10.75544236,3,1,NexGen Systems,Search,Women 25-34,60 days,Google Ads,0.11,"$14,322.00",5.66,New York,Spanish,872,8759,2,Fashionistas,30/08/2021,Profit
243,7,0.577751613,0.160230757,Social,1.498222682,3,0.838406151,Alpha Innovations,Influencer,Men 18-24,60 days,Website,0.1,"$19,463.00",3.02,Miami,Mandarin,970,8060,3,Tech Enthusiasts,31/08/2021,Loss
244,2,1.926126877,0.33322582,Paid,6.633625657,2,1,Alpha Innovations,Influencer,Men 25-34,45 days,Google Ads,0.13,"$12,616.00",5.23,New York,German,864,1054,6,Fashionistas,01/09/2021,Profit
245,5,3.136616199,0.361554189,Direct,2.496411124,3,1,DataTech Solutions,Influencer,Women 25-34,30 days,Website,0.12,"$14,856.00",2.05,Chicago,Mandarin,597,2672,3,Fashionistas,02/09/2021,Loss
246,10,0.086015513,0.291312499,Direct,0.517605415,1,0.832466902,DataTech Solutions,Display,Men 18-24,15 days,Instagram,0.14,"$19,347.00",3.49,Houston,French,993,5113,2,Tech Enthusiasts,03/09/2021,Loss
247,7,0.045067619,0.329030485,Direct,3.408635542,1,1,DataTech Solutions,Social Media,Men 25-34,15 days,Google Ads,0.15,"$14,124.00",6.53,New York,Spanish,967,4832,8,Health & Wellness,04/09/2021,Profit
248,7,0.415728289,0.262850065,Organic,13.63962071,2,1,DataTech Solutions,Social Media,Women 25-34,45 days,Google Ads,0.15,"$9,761.00",3.26,Chicago,Mandarin,350,4327,10,Outdoor Adventurers,05/09/2021,Loss
249,10,0.869711356,0.118907584,Organic,5.90091089,0,1,DataTech Solutions,Social Media,Women 35-44,30 days,Google Ads,0.1,"$5,575.00",3.42,Houston,English,324,2310,6,Foodies,06/09/2021,Loss
250,1,1.683984658,0.157841287,Direct,0.209127312,3,1,Alpha Innovations,Display,All Ages,15 days,Email,0.13,"$15,120.00",5.25,Chicago,Mandarin,897,1928,7,Fashionistas,07/09/2021,Profit
251,5,2.005015278,0.143222569,Paid,5.504601131,1,1,Innovate Industries,Display,Women 25-34,45 days,Website,0.1,"$16,108.00",2.15,New York,French,162,7983,7,Fashionistas,08/09/2021,Loss
252,3,0.445596113,0.174029271,Organic,2.699797958,4,1,Innovate Industries,Display,Men 18-24,60 days,Email,0.03,"$6,459.00",5.33,Houston,Mandarin,949,7441,4,Outdoor Adventurers,09/09/2021,Profit
253,8,3.356979946,0.163002423,Social,1.20327861,2,1,Alpha Innovations,Search,All Ages,30 days,Email,0.08,"$16,937.00",4.24,Houston,French,154,7455,9,Tech Enthusiasts,10/09/2021,Loss
254,7,2.720046589,0.792654782,Organic,2.402637131,4,1,Innovate Industries,Influencer,Women 35-44,60 days,Facebook,0.07,"$11,092.00",4.55,Los Angeles,English,735,7035,7,Foodies,11/09/2021,Loss
255,3,1.046392864,0.253216988,Referral,1.266106876,1,1,Innovate Industries,Social Media,Women 35-44,30 days,Facebook,0.05,"$6,772.00",5.55,New York,Spanish,341,9370,2,Fashionistas,12/09/2021,Profit
256,1,0.041262114,0.133916763,Social,0.572741948,0,0.528802627,NexGen Systems,Influencer,Men 25-34,30 days,YouTube,0.08,"$7,331.00",2.27,Miami,Spanish,222,7421,7,Health & Wellness,13/09/2021,Loss
257,5,0.242484773,0.167243421,Social,1.722424782,1,0.50822676,Innovate Industries,Display,Men 25-34,45 days,YouTube,0.02,"$16,189.00",6.92,New York,German,841,9783,7,Foodies,14/09/2021,Profit
258,3,1.491235527,0.050577028,Organic,2.05062565,3,1,Innovate Industries,Display,Women 35-44,30 days,Instagram,0.06,"$11,003.00",7.63,Miami,Mandarin,986,6349,3,Fashionistas,15/09/2021,Profit
259,6,0.501616806,0.255697472,Paid,1.998384892,2,1,NexGen Systems,Social Media,Men 25-34,15 days,Google Ads,0.07,"$7,726.00",7.64,Houston,German,314,4021,4,Tech Enthusiasts,16/09/2021,Profit
260,3,1.418757736,0.281449719,Paid,2.35345073,3,1,Innovate Industries,Search,Men 25-34,30 days,Website,0.03,"$15,424.00",2.56,New York,English,838,9611,6,Tech Enthusiasts,17/09/2021,Loss
261,4,2.968057253,0.695008851,Paid,1.881070385,2,1,Alpha Innovations,Display,Men 18-24,45 days,Instagram,0.04,"$13,154.00",5.69,Chicago,Spanish,394,7139,2,Health & Wellness,18/09/2021,Profit
262,5,2.377162243,0.231774866,Organic,3.280392214,0,1,Alpha Innovations,Email,Men 18-24,60 days,Google Ads,0.04,"$9,005.00",3.35,Los Angeles,Mandarin,536,7663,4,Foodies,19/09/2021,Loss
263,8,0.788679157,0.345858409,Paid,8.616289797,2,1,TechCorp,Search,All Ages,30 days,Google Ads,0.12,"$13,481.00",6.44,Chicago,Mandarin,143,5377,8,Tech Enthusiasts,20/09/2021,Profit
264,7,1.263971802,0.181412395,Paid,0.644302448,1,0.927654017,TechCorp,Social Media,Men 18-24,45 days,Email,0.05,"$9,957.00",3.16,Houston,French,426,4894,10,Health & Wellness,21/09/2021,Loss
265,5,2.855996213,0.387096181,Paid,4.357585118,1,1,DataTech Solutions,Social Media,Women 25-34,45 days,Facebook,0.07,"$12,840.00",3.29,Houston,French,295,9944,9,Foodies,22/09/2021,Loss
266,4,5.916716777,0.441248319,Social,4.323490699,2,1,Alpha Innovations,Display,All Ages,30 days,Website,0.07,"$18,572.00",7.1,Chicago,French,661,8775,2,Foodies,23/09/2021,Profit
267,6,4.197694321,0.06006809,Paid,1.295974929,2,1,NexGen Systems,Social Media,Men 18-24,15 days,Website,0.07,"$7,981.00",4.52,Houston,German,441,9476,7,Outdoor Adventurers,24/09/2021,Loss
268,8,2.418275999,0.007868091,Organic,7.360139157,0,1,TechCorp,Search,Women 25-34,30 days,Google Ads,0.03,"$13,134.00",7.66,Houston,Mandarin,983,3980,4,Outdoor Adventurers,25/09/2021,Profit
269,4,1.349629038,0.478026952,Referral,0.673726946,3,1,Alpha Innovations,Email,Women 25-34,45 days,Email,0.09,"$17,232.00",3.77,Houston,French,354,9225,3,Health & Wellness,26/09/2021,Loss
270,3,1.362633106,0.356761142,Social,5.528478252,1,1,Alpha Innovations,Social Media,Men 18-24,45 days,Google Ads,0.03,"$18,883.00",3.54,New York,Mandarin,570,9730,9,Fashionistas,27/09/2021,Loss
271,2,6.346258619,0.082811695,Organic,3.578504027,2,1,Innovate Industries,Display,Men 25-34,15 days,Instagram,0.03,"$14,168.00",3.39,New York,English,676,4287,1,Health & Wellness,28/09/2021,Loss
272,3,0.120103089,0.413105125,Referral,1.235251885,2,1,Innovate Industries,Search,Men 25-34,30 days,Email,0.09,"$8,078.00",4.65,Miami,Spanish,741,5040,2,Foodies,29/09/2021,Loss
273,9,13.26421013,0.07920017,Organic,8.725271739,2,1,TechCorp,Search,Women 35-44,15 days,Instagram,0.06,"$19,023.00",7.62,Los Angeles,German,274,4451,7,Tech Enthusiasts,30/09/2021,Profit
274,5,3.275286114,0.317150776,Organic,0.627118185,1,1,DataTech Solutions,Social Media,All Ages,45 days,Facebook,0.08,"$12,970.00",7.25,Los Angeles,French,860,6750,6,Foodies,01/10/2021,Profit
275,4,3.428987784,0.21073013,Direct,7.593991678,2,1,Alpha Innovations,Influencer,Women 35-44,60 days,Email,0.06,"$8,786.00",7.56,Houston,Mandarin,397,6102,8,Foodies,02/10/2021,Profit
276,7,0.116215741,0.497867083,Direct,1.902036146,4,1,NexGen Systems,Influencer,All Ages,60 days,Google Ads,0.07,"$14,623.00",3.05,Los Angeles,English,449,7339,1,Fashionistas,03/10/2021,Loss
277,8,2.790631047,0.414140172,Paid,2.707655757,2,1,DataTech Solutions,Email,Men 25-34,15 days,Instagram,0.08,"$6,326.00",5.2,Miami,French,461,7818,2,Health & Wellness,04/10/2021,Profit
278,4,1.98947256,0.16358183,Referral,1.17401266,5,1,DataTech Solutions,Email,All Ages,30 days,Website,0.03,"$18,728.00",5.48,Houston,Mandarin,831,9026,10,Health & Wellness,05/10/2021,Profit
279,4,0.33540668,0.424102463,Social,2.04213062,3,1,DataTech Solutions,Email,Men 18-24,30 days,Email,0.14,"$12,494.00",7.56,Miami,German,631,9863,10,Fashionistas,06/10/2021,Profit
280,8,0.976866383,0.420538209,Direct,6.108036618,2,1,NexGen Systems,Display,Men 25-34,60 days,Instagram,0.02,"$11,640.00",6.62,Los Angeles,German,560,1229,8,Health & Wellness,07/10/2021,Profit
281,5,6.6304131,0.450129415,Paid,4.202479922,2,1,NexGen Systems,Search,Women 25-34,60 days,Instagram,0.01,"$8,340.00",3.9,Houston,Mandarin,570,8066,5,Health & Wellness,08/10/2021,Loss
282,5,2.395445862,0.476047048,Paid,10.21244597,2,1,Alpha Innovations,Display,Women 25-34,60 days,Email,0.11,"$10,909.00",6.21,Los Angeles,French,921,2726,2,Outdoor Adventurers,09/10/2021,Profit
283,6,1.600321138,0.351838663,Paid,1.372679456,5,1,DataTech Solutions,Email,All Ages,60 days,YouTube,0.05,"$12,008.00",3.01,New York,Mandarin,262,8773,5,Tech Enthusiasts,10/10/2021,Loss
284,7,0.226376695,0.040495972,Organic,2.413296505,2,1,NexGen Systems,Email,Women 25-34,45 days,Instagram,0.15,"$15,178.00",7.68,Chicago,English,294,9365,4,Health & Wellness,11/10/2021,Profit
285,2,3.756565438,0.568450678,Paid,4.436431522,0,1,Innovate Industries,Search,Women 35-44,30 days,YouTube,0.02,"$8,493.00",6.92,Houston,Spanish,257,7802,1,Health & Wellness,12/10/2021,Profit
286,1,3.640562964,0.326215312,Social,4.452984315,7,1,TechCorp,Email,Women 35-44,45 days,YouTube,0.06,"$11,813.00",6.03,Miami,German,441,6520,6,Fashionistas,13/10/2021,Profit
287,7,2.856092662,0.233084838,Social,2.583004418,4,1,Alpha Innovations,Influencer,All Ages,45 days,Instagram,0.14,"$11,491.00",7.08,Chicago,Spanish,433,8276,7,Outdoor Adventurers,14/10/2021,Profit
288,5,2.141658133,0.169027932,Social,1.045512406,1,0.904988387,Innovate Industries,Email,Men 18-24,60 days,Google Ads,0.05,"$13,976.00",5.28,Chicago,German,554,8163,4,Outdoor Adventurers,15/10/2021,Profit
289,4,1.706341075,0.558438207,Organic,7.812038667,5,1,Alpha Innovations,Search,Men 25-34,30 days,Google Ads,0.02,"$6,300.00",4.47,Houston,French,704,4780,4,Outdoor Adventurers,16/10/2021,Loss
290,4,2.698825175,0.342324358,Paid,1.37532703,0,1,TechCorp,Search,Women 35-44,60 days,Instagram,0.04,"$9,263.00",5.88,Houston,Spanish,399,8595,4,Health & Wellness,17/10/2021,Profit
291,3,0.797352579,0.789795452,Organic,1.958779602,3,0.958407796,DataTech Solutions,Display,Men 25-34,15 days,Facebook,0.05,"$6,609.00",2.27,New York,German,664,4193,4,Foodies,18/10/2021,Loss
292,8,8.503855265,0.115574108,Organic,2.598160573,0,1,Innovate Industries,Search,Women 35-44,60 days,Website,0.04,"$5,037.00",4.3,Los Angeles,English,784,9745,1,Tech Enthusiasts,19/10/2021,Loss
293,7,2.665986781,0.018612442,Direct,4.128671031,4,1,Innovate Industries,Email,Men 25-34,15 days,Facebook,0.04,"$18,537.00",2.25,Chicago,Mandarin,697,5523,6,Outdoor Adventurers,20/10/2021,Loss
294,1,1.11838007,0.302519321,Paid,1.239293758,2,1,TechCorp,Social Media,Women 25-34,30 days,Website,0.12,"$14,238.00",4.53,New York,English,552,1050,6,Foodies,21/10/2021,Loss
295,2,1.791765242,0.373464416,Social,2.526628101,4,0.952466138,DataTech Solutions,Display,Men 18-24,60 days,Website,0.05,"$14,949.00",2.09,Los Angeles,German,200,2467,8,Tech Enthusiasts,22/10/2021,Loss
296,4,4.914820917,0.476520171,Organic,5.83724341,0,1,Innovate Industries,Influencer,Women 25-34,45 days,YouTube,0.06,"$6,243.00",5.09,Houston,German,924,5798,8,Health & Wellness,23/10/2021,Profit
297,6,0.528837366,0.230609813,Paid,9.15937315,1,1,Alpha Innovations,Display,All Ages,30 days,Instagram,0.05,"$12,470.00",7.2,Los Angeles,Spanish,247,4962,10,Outdoor Adventurers,24/10/2021,Profit
298,4,1.03947642,0.227726906,Referral,1.691866096,1,0.977705519,TechCorp,Display,Men 25-34,15 days,Google Ads,0.06,"$14,236.00",5.67,Chicago,English,801,3054,4,Fashionistas,25/10/2021,Profit
299,6,3.413694105,0.269481993,Organic,0.594506407,1,0.980397378,DataTech Solutions,Display,Men 25-34,60 days,Email,0.02,"$18,677.00",3.71,Los Angeles,Mandarin,334,1647,1,Foodies,26/10/2021,Loss
300,8,1.137152598,0.168316577,Organic,4.34690697,2,1,Innovate Industries,Social Media,All Ages,60 days,Email,0.06,"$17,986.00",7.99,Chicago,German,199,8846,10,Tech Enthusiasts,27/10/2021,Profit
301,7,4.717896134,0.39422182,Organic,0.7730915,4,1,Alpha Innovations,Social Media,Women 25-34,15 days,Google Ads,0.07,"$11,553.00",6.05,New York,Mandarin,420,3838,1,Health & Wellness,28/10/2021,Profit
302,5,0.419350359,0.239935332,Referral,3.940186226,4,1,Alpha Innovations,Display,Women 25-34,60 days,Website,0.02,"$10,856.00",6.46,Houston,French,406,6117,6,Fashionistas,29/10/2021,Profit
303,2,4.315115515,0.567646641,Direct,2.777165188,0,0.951611594,Innovate Industries,Email,Men 18-24,30 days,Google Ads,0.12,"$14,564.00",6.35,Houston,Mandarin,771,3901,2,Foodies,30/10/2021,Profit
304,1,0.212399736,0.117868831,Social,2.617454853,2,1,TechCorp,Email,Men 25-34,30 days,Facebook,0.03,"$7,215.00",6.82,New York,Spanish,586,7959,2,Health & Wellness,31/10/2021,Profit
305,7,0.038017715,0.188414322,Direct,1.306244472,3,1,DataTech Solutions,Search,Women 25-34,15 days,Google Ads,0.1,"$14,291.00",2.94,Los Angeles,German,872,6875,7,Tech Enthusiasts,01/11/2021,Loss
306,4,6.854928694,0.242393074,Social,10.41547871,1,1,DataTech Solutions,Display,Men 18-24,15 days,YouTube,0.09,"$5,189.00",4.71,Miami,English,845,2395,9,Health & Wellness,02/11/2021,Loss
307,1,2.612082822,0.197705412,Social,2.297362733,0,1,Alpha Innovations,Display,Women 25-34,30 days,YouTube,0.03,"$8,249.00",6.02,New York,English,566,9149,10,Tech Enthusiasts,03/11/2021,Profit
308,6,1.300792453,0.3991072,Paid,5.418335299,0,1,Innovate Industries,Email,Men 18-24,45 days,Facebook,0.14,"$14,830.00",7.55,Los Angeles,Spanish,858,8551,1,Tech Enthusiasts,04/11/2021,Profit
309,5,0.794220338,0.2230009,Paid,3.473259751,0,1,Innovate Industries,Display,Women 35-44,30 days,Website,0.1,"$5,187.00",5.4,Miami,Mandarin,254,2409,8,Health & Wellness,05/11/2021,Profit
310,8,2.878266355,0.159566917,Paid,4.891406796,2,1,NexGen Systems,Display,All Ages,30 days,Website,0.12,"$6,813.00",5.59,Houston,Spanish,803,2031,3,Foodies,06/11/2021,Profit
311,5,2.133946795,0.323782943,Social,8.43677391,1,1,Innovate Industries,Search,All Ages,60 days,Instagram,0.04,"$15,776.00",3,Houston,Spanish,325,5452,3,Outdoor Adventurers,07/11/2021,Loss
312,4,14.33777637,0.309484183,Organic,1.312369931,1,1,Innovate Industries,Social Media,Men 18-24,15 days,Instagram,0.06,"$7,059.00",2.34,Los Angeles,Mandarin,695,4167,4,Tech Enthusiasts,08/11/2021,Loss
313,10,12.2619853,0.365997867,Organic,1.613104655,1,1,DataTech Solutions,Influencer,Women 25-34,45 days,Instagram,0.11,"$5,829.00",7.9,Chicago,German,195,8154,9,Tech Enthusiasts,09/11/2021,Profit
314,7,3.023775696,0.432309718,Direct,2.096672242,1,0.822033603,TechCorp,Display,All Ages,45 days,Google Ads,0.09,"$8,756.00",4.02,Houston,French,513,6124,9,Health & Wellness,10/11/2021,Loss
315,4,1.754872745,0.649902041,Organic,8.334458771,4,1,TechCorp,Email,All Ages,60 days,Website,0.14,"$13,515.00",5.54,Los Angeles,Spanish,645,1813,2,Health & Wellness,11/11/2021,Profit
316,8,2.026752762,0.084160727,Direct,5.725969783,1,1,NexGen Systems,Social Media,Women 35-44,60 days,Website,0.1,"$11,573.00",3.89,Chicago,German,439,1258,1,Foodies,12/11/2021,Loss
317,5,3.441634589,0.398045129,Referral,2.854758956,1,1,NexGen Systems,Social Media,Women 25-34,45 days,Instagram,0.02,"$18,073.00",4.1,New York,English,737,7217,5,Outdoor Adventurers,13/11/2021,Loss
318,5,0.321334624,0.09209787,Organic,2.512742806,1,1,Innovate Industries,Social Media,Men 18-24,45 days,Website,0.06,"$10,446.00",2.69,Chicago,French,568,2153,8,Tech Enthusiasts,14/11/2021,Loss
319,5,1.194062985,0.097201303,Referral,2.178513118,1,0.961311664,Innovate Industries,Influencer,Women 25-34,45 days,Email,0.15,"$10,042.00",4.24,Los Angeles,English,458,5007,7,Fashionistas,15/11/2021,Loss
320,2,0.234767698,0.138081862,Social,4.313047966,3,1,Alpha Innovations,Email,Men 25-34,45 days,YouTube,0.05,"$16,416.00",7.45,New York,French,233,6820,1,Fashionistas,16/11/2021,Profit
321,3,0.228572874,0.026546465,Organic,8.050592305,2,1,TechCorp,Search,Men 18-24,45 days,Email,0.13,"$15,863.00",2.46,New York,German,652,3790,8,Health & Wellness,17/11/2021,Loss
322,4,0.653868246,0.205359798,Social,4.563618804,2,1,DataTech Solutions,Display,Women 25-34,30 days,Email,0.02,"$5,720.00",3.2,Chicago,English,568,5613,6,Foodies,18/11/2021,Loss
323,9,1.992240767,0.357889124,Social,3.300227848,3,1,TechCorp,Email,Men 18-24,30 days,Website,0.09,"$18,371.00",7.02,Chicago,Spanish,515,1957,1,Fashionistas,19/11/2021,Profit
324,0,4.608204397,0.091569081,Organic,5.059560529,2,1,NexGen Systems,Email,Men 25-34,60 days,Instagram,0.08,"$9,735.00",3.15,Chicago,French,730,1745,5,Outdoor Adventurers,20/11/2021,Loss
325,5,1.993655213,0.510478348,Organic,1.890173686,1,1,TechCorp,Display,All Ages,60 days,Email,0.06,"$14,549.00",3.11,Houston,German,619,4159,1,Health & Wellness,21/11/2021,Loss
326,5,1.226055609,0.122064153,Organic,9.069597697,3,1,Innovate Industries,Influencer,Women 25-34,15 days,Email,0.13,"$15,540.00",2.51,Los Angeles,Spanish,946,5454,2,Foodies,22/11/2021,Loss
327,5,0.25782745,0.023322517,Organic,9.055312572,0,1,Alpha Innovations,Email,Men 25-34,30 days,Email,0.03,"$6,398.00",6.12,New York,German,326,7358,4,Fashionistas,23/11/2021,Profit
328,5,2.39749389,0.084715145,Organic,3.145491105,4,1,TechCorp,Influencer,Men 25-34,30 days,YouTube,0.01,"$8,212.00",5.22,Miami,German,800,6207,9,Health & Wellness,24/11/2021,Profit
329,4,0.949350139,0.09188305,Referral,1.746818773,3,1,DataTech Solutions,Display,All Ages,30 days,Facebook,0.08,"$10,423.00",5.32,Los Angeles,English,259,7752,7,Fashionistas,25/11/2021,Profit
330,9,2.863022979,0.457164239,Organic,1.746603375,3,1,Innovate Industries,Influencer,Women 35-44,30 days,Instagram,0.1,"$6,841.00",6.4,Houston,Mandarin,517,1438,9,Health & Wellness,26/11/2021,Profit
331,6,11.34137139,0.390301342,Social,2.458419805,1,1,Innovate Industries,Search,Women 35-44,30 days,Email,0.12,"$12,716.00",5.92,Houston,Spanish,130,3442,1,Foodies,27/11/2021,Profit
332,2,0.35403502,0.232811938,Organic,4.064775167,2,1,NexGen Systems,Influencer,Men 18-24,30 days,Instagram,0.06,"$7,710.00",2.28,Chicago,English,602,2757,8,Outdoor Adventurers,28/11/2021,Loss
333,6,0.715249012,0.329877148,Paid,0.505146668,4,1,Innovate Industries,Display,Women 35-44,30 days,Google Ads,0.13,"$18,752.00",5.27,Houston,English,474,8594,7,Foodies,29/11/2021,Profit
334,6,1.922202407,0.471019294,Referral,2.766064942,3,1,NexGen Systems,Influencer,Women 25-34,60 days,Instagram,0.04,"$11,848.00",4.99,Los Angeles,English,563,5704,7,Fashionistas,30/11/2021,Loss
335,6,10.38416239,0.314335172,Social,5.946264438,1,1,Innovate Industries,Search,Women 35-44,15 days,YouTube,0.05,"$5,040.00",7.66,New York,English,285,1599,2,Tech Enthusiasts,01/12/2021,Profit
336,5,4.43272705,0.28598545,Paid,2.338076626,0,1,Innovate Industries,Social Media,All Ages,15 days,Facebook,0.07,"$19,395.00",4.14,Los Angeles,English,282,6235,9,Foodies,02/12/2021,Loss
337,2,6.855095957,0.460388216,Organic,1.56601603,1,1,DataTech Solutions,Influencer,Men 25-34,60 days,Website,0.02,"$6,130.00",3.92,Houston,French,497,2308,8,Foodies,03/12/2021,Loss
338,5,1.218112634,0.133241515,Social,3.832732638,0,1,Alpha Innovations,Social Media,Women 35-44,15 days,Email,0.02,"$11,045.00",7.34,New York,French,577,3950,8,Health & Wellness,04/12/2021,Profit
339,3,14.49940368,0.072743359,Organic,2.818959229,5,1,TechCorp,Display,Men 18-24,30 days,Website,0.08,"$8,527.00",4.39,Chicago,German,902,2391,2,Foodies,05/12/2021,Loss
340,3,0.325539159,0.277410551,Organic,5.038873368,2,1,DataTech Solutions,Display,Women 25-34,30 days,Website,0.13,"$9,037.00",2.59,Miami,Spanish,443,5607,7,Tech Enthusiasts,06/12/2021,Loss
341,3,0.163282728,0.253145725,Paid,1.06922354,2,0.7642584,Innovate Industries,Influencer,Women 25-34,30 days,Facebook,0.01,"$9,524.00",4.16,Chicago,German,199,7575,4,Outdoor Adventurers,07/12/2021,Loss
342,6,5.805558737,0.122654777,Social,3.92379441,2,1,DataTech Solutions,Search,Men 25-34,15 days,Instagram,0.07,"$5,467.00",4.25,Miami,German,531,3279,5,Foodies,08/12/2021,Loss
343,6,7.862792386,0.423129407,Organic,8.053915466,0,1,DataTech Solutions,Social Media,Women 35-44,30 days,Email,0.02,"$10,894.00",2.15,Chicago,English,788,2068,6,Health & Wellness,09/12/2021,Loss
344,4,0.284862409,0.190941019,Paid,4.039796444,1,0.908741342,Innovate Industries,Display,All Ages,60 days,Email,0.02,"$8,583.00",5.82,Los Angeles,German,480,2818,9,Foodies,10/12/2021,Profit
345,5,0.361176876,0.168222488,Paid,1.715552636,0,0.798459022,Alpha Innovations,Email,All Ages,60 days,Website,0.03,"$16,700.00",5.59,Houston,German,819,8035,1,Outdoor Adventurers,11/12/2021,Profit
346,5,0.101210703,0.3393339,Direct,0.257339681,2,0.987174848,TechCorp,Email,Women 35-44,30 days,Google Ads,0.13,"$16,452.00",6.59,Miami,French,747,1720,3,Outdoor Adventurers,12/12/2021,Profit
347,7,0.331144508,0.183055526,Organic,1.428034328,5,1,Innovate Industries,Email,All Ages,30 days,YouTube,0.1,"$15,069.00",7.77,Los Angeles,French,471,9996,6,Tech Enthusiasts,13/12/2021,Profit
348,5,0.704964582,0.036751595,Organic,2.568988402,1,1,DataTech Solutions,Display,Men 18-24,30 days,Website,0.03,"$13,272.00",7.41,Miami,French,363,4534,3,Foodies,14/12/2021,Profit
349,3,10.52734538,0.310123641,Paid,0.640532611,1,1,TechCorp,Email,Men 18-24,15 days,Facebook,0.07,"$19,675.00",4.13,Miami,English,388,6982,2,Outdoor Adventurers,15/12/2021,Loss
350,4,3.306598144,0.162100579,Organic,3.043895788,3,1,TechCorp,Email,Men 18-24,60 days,Website,0.04,"$10,541.00",5.55,Chicago,English,512,7904,1,Foodies,16/12/2021,Profit
351,7,4.522716333,0.28500485,Referral,2.530810379,1,1,Alpha Innovations,Social Media,Women 35-44,45 days,Email,0.13,"$10,946.00",4.63,Miami,Spanish,942,1368,6,Fashionistas,17/12/2021,Loss
352,5,4.490195276,0.202252771,Referral,1.11504892,1,1,NexGen Systems,Influencer,Men 25-34,15 days,Instagram,0.08,"$8,298.00",7.59,Los Angeles,English,206,6491,6,Tech Enthusiasts,18/12/2021,Profit
353,7,2.297629463,0.231686229,Social,4.678400742,1,1,DataTech Solutions,Social Media,Women 25-34,15 days,YouTube,0.13,"$15,499.00",2.4,Los Angeles,English,995,9222,10,Health & Wellness,19/12/2021,Loss
354,8,4.790882889,0.168928447,Social,5.452857024,2,1,Innovate Industries,Search,Men 18-24,30 days,YouTube,0.03,"$16,232.00",3.75,New York,German,453,8552,5,Outdoor Adventurers,20/12/2021,Loss
355,7,2.717592328,0.395902358,Direct,9.591394006,3,1,TechCorp,Influencer,Women 35-44,15 days,Website,0.04,"$7,495.00",5.4,New York,French,978,8369,4,Tech Enthusiasts,21/12/2021,Profit
356,5,1.133022087,0.045196767,Paid,2.636885612,2,1,NexGen Systems,Email,Women 25-34,45 days,Facebook,0.06,"$11,373.00",6.38,Houston,French,988,9052,10,Foodies,22/12/2021,Profit
357,8,2.470520144,0.114695175,Direct,0.998782825,2,1,Innovate Industries,Social Media,All Ages,15 days,YouTube,0.11,"$13,928.00",3.44,New York,French,150,5057,9,Foodies,23/12/2021,Loss
358,4,2.287546993,0.178998234,Organic,1.195085769,3,1,DataTech Solutions,Email,Men 25-34,15 days,Google Ads,0.12,"$13,130.00",3.46,Chicago,German,474,5089,9,Health & Wellness,24/12/2021,Loss
359,6,5.202505361,0.294336279,Referral,7.352477028,2,1,NexGen Systems,Email,All Ages,60 days,Instagram,0.08,"$17,853.00",4.05,Los Angeles,Spanish,639,6050,3,Tech Enthusiasts,25/12/2021,Loss
360,8,12.00702784,0.13536982,Paid,3.461222823,2,1,DataTech Solutions,Social Media,Men 25-34,15 days,Google Ads,0.1,"$15,918.00",4.28,Miami,Spanish,699,8981,4,Foodies,26/12/2021,Loss
361,6,1.588204096,0.274286606,Social,2.820098544,4,1,DataTech Solutions,Search,Women 25-34,45 days,Instagram,0.13,"$10,476.00",3,Miami,English,647,5774,8,Outdoor Adventurers,27/12/2021,Loss
362,3,4.324034791,0.2391811,Paid,6.479232666,1,1,TechCorp,Influencer,Men 25-34,60 days,Facebook,0.03,"$14,552.00",4.45,Los Angeles,English,171,4499,2,Fashionistas,28/12/2021,Loss
363,8,0.315291664,0.437149309,Social,1.819372053,3,1,Innovate Industries,Social Media,Women 25-34,15 days,Facebook,0.03,"$5,487.00",7.73,New York,Spanish,290,6655,5,Foodies,29/12/2021,Profit
364,4,4.499482807,0.389505488,Direct,8.413692091,4,1,NexGen Systems,Social Media,All Ages,30 days,Google Ads,0.08,"$19,702.00",7.57,Chicago,French,710,3708,2,Foodies,30/12/2021,Profit
365,7,1.392861178,0.437873795,Referral,2.04612436,2,0.597029999,DataTech Solutions,Social Media,Women 25-34,60 days,Email,0.12,"$12,050.00",3.59,Houston,English,679,3627,3,Tech Enthusiasts,31/12/2021,Loss
366,2,0.120560848,0.105332083,Social,6.033490865,3,1,Alpha Innovations,Social Media,All Ages,60 days,Facebook,0.07,"$15,748.00",7.14,New York,Mandarin,326,6464,10,Health & Wellness,01/01/2021,Profit
367,10,1.354116491,0.123874479,Organic,3.343995628,2,1,Alpha Innovations,Email,Men 25-34,45 days,Google Ads,0.05,"$18,419.00",5.13,Houston,Mandarin,238,3615,5,Foodies,02/01/2021,Profit
368,6,2.829773936,0.33271551,Organic,3.644371365,2,1,DataTech Solutions,Influencer,Men 18-24,15 days,Facebook,0.15,"$9,913.00",3.57,New York,Mandarin,309,8560,3,Foodies,03/01/2021,Loss
369,4,0.380944956,0.075670128,Direct,2.617799748,3,1,Innovate Industries,Influencer,Men 18-24,45 days,Instagram,0.09,"$9,187.00",3.75,Houston,Spanish,969,4620,1,Tech Enthusiasts,04/01/2021,Loss
370,5,7.732427668,0.129964668,Referral,8.3392635,3,1,TechCorp,Social Media,Women 35-44,45 days,Email,0.12,"$12,157.00",7.61,New York,German,901,7766,9,Fashionistas,05/01/2021,Profit
371,6,0.242564455,0.181984804,Paid,1.586114268,4,1,Alpha Innovations,Display,All Ages,30 days,Website,0.08,"$7,789.00",3.37,Houston,English,636,1287,6,Tech Enthusiasts,06/01/2021,Loss
372,4,7.978068117,0.160501739,Organic,6.762421624,2,1,TechCorp,Email,Men 25-34,30 days,Email,0.09,"$14,392.00",6.94,Chicago,German,849,3258,5,Tech Enthusiasts,07/01/2021,Profit
373,5,3.684156374,0.465518585,Organic,1.32038281,1,1,Alpha Innovations,Search,Men 18-24,30 days,Google Ads,0.14,"$14,255.00",3.96,Houston,French,318,7567,8,Tech Enthusiasts,08/01/2021,Loss
374,6,1.20014421,0.313053672,Organic,0.487403329,3,1,Alpha Innovations,Search,Women 25-34,30 days,Email,0.05,"$18,926.00",5.66,New York,French,846,4907,1,Fashionistas,09/01/2021,Profit
375,3,1.486581472,0.117719756,Paid,4.575833142,1,1,TechCorp,Influencer,Women 35-44,30 days,Website,0.11,"$17,286.00",2.18,Chicago,Mandarin,957,6429,5,Health & Wellness,10/01/2021,Loss
376,7,4.050574334,0.602871836,Organic,2.986751161,1,1,NexGen Systems,Social Media,Women 25-34,30 days,Facebook,0.09,"$9,309.00",4.27,Miami,Mandarin,289,9828,1,Tech Enthusiasts,11/01/2021,Loss
377,7,2.759925791,0.313151433,Organic,3.224841102,1,1,NexGen Systems,Social Media,Men 18-24,45 days,Facebook,0.11,"$5,188.00",4.75,Chicago,German,471,4732,1,Tech Enthusiasts,12/01/2021,Loss
378,8,3.340960826,0.099975519,Paid,0.823106748,3,1,NexGen Systems,Social Media,Women 25-34,60 days,Google Ads,0.02,"$12,282.00",4.65,Houston,French,791,9225,5,Outdoor Adventurers,13/01/2021,Loss
379,4,1.478783333,0.127397477,Paid,2.9889362,2,1,NexGen Systems,Email,Women 35-44,45 days,Google Ads,0.03,"$18,162.00",6.87,Miami,Mandarin,887,7542,3,Tech Enthusiasts,14/01/2021,Profit
380,7,2.007199281,0.476143201,Organic,1.905431034,1,1,Alpha Innovations,Display,All Ages,60 days,YouTube,0.04,"$13,380.00",5.75,New York,German,146,8829,3,Outdoor Adventurers,15/01/2021,Profit
381,3,13.77601687,0.306382532,Paid,11.02958591,0,1,Innovate Industries,Influencer,Men 25-34,45 days,Instagram,0.05,"$7,519.00",3.42,Chicago,German,735,7427,9,Fashionistas,16/01/2021,Loss
382,4,0.722101087,0.256000205,Direct,5.069309677,0,1,Innovate Industries,Email,Men 25-34,15 days,Google Ads,0.1,"$8,434.00",3.53,Los Angeles,English,202,9587,6,Health & Wellness,17/01/2021,Loss
383,4,1.623113279,0.170705004,Paid,3.401470318,2,0.996185861,TechCorp,Email,Women 25-34,15 days,Instagram,0.04,"$8,451.00",3.44,Los Angeles,Spanish,829,6830,8,Foodies,18/01/2021,Loss
384,0,1.035184444,0.434359543,Social,6.16801505,1,0.980189912,TechCorp,Social Media,Women 25-34,45 days,YouTube,0.04,"$17,141.00",6.74,New York,French,134,6143,10,Tech Enthusiasts,19/01/2021,Profit
385,1,4.34593317,0.045377183,Direct,2.452759966,2,0.998369068,TechCorp,Influencer,Men 25-34,60 days,Facebook,0.03,"$5,287.00",7.55,New York,Mandarin,335,1711,6,Fashionistas,20/01/2021,Profit
386,1,4.331930922,0.09655254,Organic,3.52639315,2,1,Alpha Innovations,Email,Women 25-34,60 days,Facebook,0.15,"$10,994.00",2.27,Los Angeles,Mandarin,512,2323,4,Foodies,21/01/2021,Loss
387,7,1.037821697,0.14567486,Organic,2.386727731,1,1,Alpha Innovations,Search,All Ages,60 days,Instagram,0.08,"$5,599.00",2.81,Houston,English,896,7009,10,Health & Wellness,22/01/2021,Loss
388,5,0.254681897,0.10294484,Paid,1.980368421,5,1,Innovate Industries,Search,All Ages,60 days,Instagram,0.14,"$16,625.00",7.76,Los Angeles,Mandarin,123,3249,7,Health & Wellness,23/01/2021,Profit
389,5,0.034495596,0.324118136,Paid,4.024737292,0,1,Alpha Innovations,Email,Women 25-34,45 days,Instagram,0.02,"$12,324.00",6.17,New York,French,727,9864,5,Health & Wellness,24/01/2021,Profit
390,8,1.672968427,0.460078283,Paid,6.141878722,4,1,Alpha Innovations,Display,Men 25-34,45 days,Email,0.04,"$5,151.00",3.98,Chicago,Spanish,294,1846,8,Outdoor Adventurers,25/01/2021,Loss
391,3,1.584615299,0.603165264,Organic,3.134555749,3,1,DataTech Solutions,Social Media,Men 25-34,30 days,Instagram,0.02,"$6,405.00",2.97,Miami,German,435,3371,2,Foodies,26/01/2021,Loss
392,5,13.36763409,0.098501528,Referral,1.541855598,3,1,Alpha Innovations,Email,All Ages,60 days,Facebook,0.09,"$7,704.00",6.26,Houston,French,718,2485,5,Fashionistas,27/01/2021,Profit
393,3,1.9035147,0.309396648,Organic,2.687957087,0,1,Innovate Industries,Display,Women 25-34,15 days,Facebook,0.07,"$16,130.00",5.83,Miami,English,733,4550,10,Fashionistas,28/01/2021,Profit
394,5,0.888830181,0.248912429,Direct,1.934396256,5,1,DataTech Solutions,Influencer,Women 25-34,15 days,Facebook,0.03,"$6,204.00",4.06,Chicago,Spanish,454,7764,9,Health & Wellness,29/01/2021,Loss
395,1,6.655543737,0.308654553,Organic,2.409601036,2,1,Innovate Industries,Display,Women 35-44,45 days,YouTube,0.12,"$13,813.00",4.46,Miami,French,806,3041,9,Outdoor Adventurers,30/01/2021,Loss
396,7,2.026322303,0.405908393,Direct,2.046413883,0,0.775336583,TechCorp,Search,Men 18-24,15 days,YouTube,0.15,"$13,689.00",2.6,Chicago,French,232,8249,5,Tech Enthusiasts,31/01/2021,Loss
397,2,2.742695822,0.207776561,Organic,5.136301194,1,1,Innovate Industries,Social Media,Women 35-44,30 days,Facebook,0.13,"$17,174.00",7.14,Los Angeles,Spanish,125,9618,5,Tech Enthusiasts,01/02/2021,Profit
398,4,0.301678545,0.566279256,Organic,12.80147015,4,1,DataTech Solutions,Influencer,Women 25-34,30 days,Email,0.12,"$17,974.00",3.16,Chicago,English,664,1255,8,Fashionistas,02/02/2021,Loss
399,6,1.448252345,0.470775441,Organic,2.332391042,2,1,TechCorp,Email,Women 35-44,15 days,Google Ads,0.1,"$16,047.00",6.47,Houston,English,259,1993,2,Outdoor Adventurers,03/02/2021,Profit
400,7,8.65921732,0.284050866,Direct,3.384335095,5,1,DataTech Solutions,Social Media,All Ages,30 days,Website,0.07,"$13,468.00",6.05,Los Angeles,Spanish,868,3888,4,Foodies,04/02/2021,Profit
401,9,2.671177399,0.33995081,Organic,2.062480964,5,1,TechCorp,Display,All Ages,15 days,Instagram,0.08,"$8,712.00",5.55,Houston,Spanish,824,6420,7,Health & Wellness,05/02/2021,Profit
402,4,1.267079418,0.081871014,Referral,1.750778661,2,1,Alpha Innovations,Email,All Ages,45 days,Website,0.03,"$17,165.00",2.92,Miami,Mandarin,881,9282,6,Health & Wellness,06/02/2021,Loss
403,1,2.947829958,0.082488904,Social,2.067491132,2,1,Innovate Industries,Search,All Ages,60 days,Website,0.05,"$5,918.00",2.15,Los Angeles,French,378,9949,4,Health & Wellness,07/02/2021,Loss
404,4,7.237571203,0.092215214,Referral,0.314038741,2,1,TechCorp,Social Media,All Ages,30 days,YouTube,0.12,"$13,641.00",7.69,New York,English,834,6836,7,Outdoor Adventurers,08/02/2021,Profit
405,6,0.960576952,0.293778491,Organic,5.072772622,3,1,DataTech Solutions,Display,Men 18-24,60 days,Instagram,0.12,"$7,388.00",4.87,Miami,German,709,5657,3,Tech Enthusiasts,09/02/2021,Loss
406,3,2.110300017,0.375728749,Direct,0.93427268,2,1,DataTech Solutions,Display,Women 25-34,45 days,YouTube,0.02,"$6,641.00",3.14,Houston,English,696,5458,5,Fashionistas,10/02/2021,Loss
407,4,9.559999521,0.067299725,Social,4.440053675,0,1,NexGen Systems,Influencer,Women 35-44,30 days,Email,0.13,"$19,269.00",2.15,Chicago,Spanish,239,7346,10,Fashionistas,11/02/2021,Loss
408,2,0.567662019,0.225033678,Paid,3.207502056,1,1,DataTech Solutions,Search,Women 35-44,30 days,YouTube,0.04,"$17,299.00",7.91,Houston,German,890,5009,6,Fashionistas,12/02/2021,Profit
409,6,3.815298389,0.085575178,Paid,2.91613722,2,1,Innovate Industries,Social Media,Men 25-34,15 days,YouTube,0.09,"$5,816.00",4.64,Houston,German,147,1629,9,Outdoor Adventurers,13/02/2021,Loss
410,8,2.859494465,0.274069746,Direct,5.223592211,2,1,DataTech Solutions,Search,Women 25-34,45 days,Website,0.15,"$17,201.00",5.32,Houston,Mandarin,849,6430,7,Foodies,14/02/2021,Profit
411,7,3.415258749,0.208925901,Direct,4.223186087,1,1,NexGen Systems,Display,Men 18-24,30 days,YouTube,0.03,"$18,611.00",6.78,Los Angeles,Spanish,412,8230,1,Health & Wellness,15/02/2021,Profit
412,2,1.297983101,0.318243695,Paid,4.998269234,5,1,NexGen Systems,Email,Women 25-34,45 days,Website,0.03,"$7,139.00",5.68,Houston,Mandarin,118,6941,1,Foodies,16/02/2021,Profit
413,6,1.130105479,0.334574213,Social,4.909407585,0,1,TechCorp,Display,All Ages,30 days,YouTube,0.01,"$10,699.00",6.43,New York,German,525,2143,9,Fashionistas,17/02/2021,Profit
414,9,3.4580304,0.371905277,Organic,4.880486115,2,1,NexGen Systems,Influencer,Men 18-24,45 days,YouTube,0.06,"$19,526.00",7.14,New York,Mandarin,294,6179,6,Fashionistas,18/02/2021,Profit
415,3,0.728291651,0.198879392,Organic,3.700110175,1,1,NexGen Systems,Search,Women 35-44,30 days,Google Ads,0.07,"$5,576.00",7.97,Chicago,Mandarin,609,2349,10,Foodies,19/02/2021,Profit
416,8,1.632396255,0.430816827,Organic,8.955681608,2,1,Innovate Industries,Email,Men 25-34,15 days,Google Ads,0.04,"$6,934.00",4.98,Chicago,German,649,1416,7,Foodies,20/02/2021,Loss
417,7,0.62541013,0.106303736,Organic,3.632154922,1,1,TechCorp,Influencer,Men 18-24,60 days,Email,0.01,"$9,077.00",4.4,Los Angeles,Mandarin,860,6874,4,Tech Enthusiasts,21/02/2021,Loss
418,6,0.025018555,0.212806418,Referral,11.82438278,3,1,DataTech Solutions,Search,Men 25-34,15 days,YouTube,0.09,"$5,702.00",2.32,Los Angeles,English,833,2831,10,Foodies,22/02/2021,Loss
419,10,10.52541519,0.204129248,Paid,1.80038714,3,1,Innovate Industries,Social Media,Women 35-44,45 days,Facebook,0.02,"$10,459.00",5.34,Los Angeles,English,642,9515,2,Foodies,23/02/2021,Profit
420,5,1.695333216,0.249412834,Organic,1.196587251,0,1,DataTech Solutions,Email,Women 35-44,45 days,Instagram,0.1,"$9,480.00",6.55,Miami,Spanish,908,6026,2,Foodies,24/02/2021,Profit
421,5,10.45533011,0.161992307,Paid,5.251469916,1,1,NexGen Systems,Social Media,Men 18-24,30 days,Email,0.14,"$6,041.00",4.4,New York,Mandarin,578,6558,6,Foodies,25/02/2021,Loss
422,5,0.453597439,0.784482714,Organic,0.327198561,1,0.468486127,Alpha Innovations,Email,Men 25-34,30 days,Email,0.1,"$9,036.00",2.76,Los Angeles,Mandarin,140,6245,7,Health & Wellness,26/02/2021,Loss
423,5,2.655588499,0.216079832,Direct,5.60620716,2,1,DataTech Solutions,Display,Men 25-34,30 days,Facebook,0.01,"$6,772.00",4.39,Houston,German,540,2667,7,Health & Wellness,27/02/2021,Loss
424,4,0.673085502,0.08066381,Social,0.736712968,7,1,Alpha Innovations,Email,Men 25-34,30 days,Email,0.07,"$17,735.00",6.6,Miami,English,124,2072,10,Outdoor Adventurers,28/02/2021,Profit
425,10,4.683002388,0.154099872,Organic,2.961305553,2,1,TechCorp,Search,Men 18-24,30 days,Google Ads,0.13,"$19,742.00",4.21,Houston,Mandarin,942,7863,5,Health & Wellness,01/03/2021,Loss
426,3,4.593308291,0.147940769,Direct,5.585758823,3,1,Innovate Industries,Display,Men 18-24,45 days,Instagram,0.11,"$19,796.00",6.99,Los Angeles,Mandarin,562,2883,1,Fashionistas,02/03/2021,Profit
427,2,0.358402489,0.241904739,Organic,0.828145316,3,0.719286001,NexGen Systems,Display,Men 18-24,45 days,Website,0.02,"$16,495.00",5.5,Miami,Spanish,466,6126,8,Outdoor Adventurers,03/03/2021,Profit
428,6,7.293453456,0.204583297,Referral,2.714623465,1,1,NexGen Systems,Email,Women 25-34,30 days,Website,0.07,"$11,648.00",4.73,Los Angeles,Mandarin,184,9142,8,Fashionistas,04/03/2021,Loss
429,4,0.649359125,0.152512896,Direct,5.925250856,0,1,Alpha Innovations,Social Media,Men 18-24,30 days,Facebook,0.15,"$14,521.00",2.05,New York,German,991,2511,2,Foodies,05/03/2021,Loss
430,4,2.847816116,0.56471266,Organic,0.365810605,1,0.982726067,NexGen Systems,Display,Women 35-44,45 days,Instagram,0.08,"$10,618.00",7.34,New York,French,671,8433,10,Health & Wellness,06/03/2021,Profit
431,8,12.72859359,0.157136983,Referral,3.745821535,1,1,Alpha Innovations,Email,Women 25-34,30 days,Website,0.07,"$9,482.00",7.25,Los Angeles,German,321,1043,10,Tech Enthusiasts,07/03/2021,Profit
432,5,6.421310333,0.325995025,Organic,2.062483746,1,1,TechCorp,Search,All Ages,45 days,YouTube,0.11,"$14,929.00",3.46,Miami,German,132,4453,1,Outdoor Adventurers,08/03/2021,Loss
433,4,9.409395132,0.295559122,Organic,7.440879058,1,1,Innovate Industries,Display,Men 25-34,60 days,Google Ads,0.01,"$7,700.00",3.46,Los Angeles,Mandarin,123,9889,8,Foodies,09/03/2021,Loss
434,7,1.258382246,0.320132629,Paid,2.35323792,5,1,Alpha Innovations,Social Media,Men 25-34,60 days,Website,0.08,"$9,786.00",6.26,New York,German,147,5764,9,Foodies,10/03/2021,Profit
435,4,0.33472483,0.222133457,Direct,12.96431643,5,1,Alpha Innovations,Influencer,All Ages,30 days,Facebook,0.05,"$13,888.00",2.63,Miami,English,469,9923,2,Fashionistas,11/03/2021,Loss
436,2,0.626046642,0.229511272,Paid,3.377321505,2,1,NexGen Systems,Social Media,All Ages,45 days,Email,0.09,"$12,790.00",5.06,Los Angeles,German,285,4009,1,Foodies,12/03/2021,Profit
437,2,2.082412383,0.469082547,Direct,3.069837449,3,1,DataTech Solutions,Email,Men 18-24,15 days,Google Ads,0.05,"$9,164.00",5.7,Miami,Mandarin,377,1659,5,Health & Wellness,13/03/2021,Profit
438,3,4.728439976,0.178708412,Direct,1.925624694,3,1,Innovate Industries,Display,All Ages,30 days,YouTube,0.06,"$12,729.00",3.44,Houston,French,299,2099,2,Tech Enthusiasts,14/03/2021,Loss
439,3,0.488099111,0.285469741,Organic,2.431642733,2,1,NexGen Systems,Social Media,Women 25-34,60 days,Website,0.09,"$19,698.00",4.88,Los Angeles,Spanish,963,5724,3,Fashionistas,15/03/2021,Loss
440,8,3.234061086,0.286231222,Paid,5.340246996,0,1,Alpha Innovations,Search,Men 25-34,45 days,Website,0.06,"$5,680.00",7.68,Los Angeles,Spanish,279,6815,6,Outdoor Adventurers,16/03/2021,Profit
441,6,1.172812656,0.347784441,Referral,2.599769344,2,0.932830269,Innovate Industries,Search,Men 25-34,45 days,Facebook,0.11,"$12,492.00",2.55,New York,English,656,2093,6,Fashionistas,17/03/2021,Loss
442,0,1.252015279,0.547837985,Paid,1.856067682,2,1,NexGen Systems,Influencer,Women 35-44,30 days,Email,0.15,"$6,292.00",2.64,Chicago,Mandarin,466,8207,8,Foodies,18/03/2021,Loss
443,8,3.253398034,0.118952118,Organic,0.914731878,2,1,TechCorp,Influencer,Men 18-24,30 days,Facebook,0.07,"$19,217.00",7.39,Miami,German,789,5994,10,Tech Enthusiasts,19/03/2021,Profit
444,5,1.887698297,0.316972894,Direct,2.226469084,2,1,NexGen Systems,Influencer,Women 25-34,45 days,Email,0.12,"$15,432.00",4.9,Houston,German,520,5179,2,Fashionistas,20/03/2021,Loss
445,4,5.014471267,0.28559546,Social,5.131792939,3,1,TechCorp,Search,All Ages,45 days,Instagram,0.07,"$8,593.00",7.13,New York,English,200,6668,5,Foodies,21/03/2021,Profit
446,5,0.50851871,0.539535724,Paid,1.829128578,2,1,Alpha Innovations,Search,All Ages,30 days,Facebook,0.09,"$9,723.00",5.1,Los Angeles,Mandarin,577,9201,9,Tech Enthusiasts,22/03/2021,Profit
447,7,4.681204332,0.337951822,Referral,16.32290146,3,1,Alpha Innovations,Email,All Ages,15 days,Google Ads,0.11,"$19,974.00",5.82,Houston,Spanish,582,2461,10,Outdoor Adventurers,23/03/2021,Profit
448,6,0.199173502,0.278446149,Organic,8.343286107,1,1,TechCorp,Influencer,Women 25-34,60 days,Website,0.04,"$18,780.00",3.56,Miami,Mandarin,221,4514,8,Tech Enthusiasts,24/03/2021,Loss
449,3,0.647215163,0.414254368,Paid,0.358837972,2,0.926050249,Innovate Industries,Influencer,Women 35-44,60 days,YouTube,0.14,"$16,594.00",4.69,Miami,Mandarin,773,3018,3,Fashionistas,25/03/2021,Loss
450,4,3.202646799,0.203828621,Direct,2.532268591,5,1,NexGen Systems,Search,Men 18-24,15 days,Facebook,0.11,"$17,226.00",4.09,Miami,Spanish,331,5699,6,Foodies,26/03/2021,Loss
451,2,5.791526863,0.304921332,Social,2.143944168,0,1,Alpha Innovations,Social Media,Men 18-24,15 days,Instagram,0.11,"$15,664.00",3.76,Chicago,German,316,9996,5,Fashionistas,27/03/2021,Loss
452,4,0.873783922,0.219933496,Organic,0.556033141,1,0.801925305,TechCorp,Email,Men 18-24,15 days,Website,0.04,"$10,403.00",5.87,Los Angeles,Mandarin,301,5921,8,Health & Wellness,28/03/2021,Profit
453,1,1.188884082,0.495141086,Paid,2.210918539,3,1,Alpha Innovations,Influencer,Women 25-34,60 days,YouTube,0.02,"$9,712.00",4.19,Miami,French,116,6836,7,Tech Enthusiasts,29/03/2021,Loss
454,9,2.310867163,0.104806873,Referral,2.199760346,1,1,Alpha Innovations,Social Media,Women 35-44,15 days,Google Ads,0.12,"$17,117.00",7.41,Houston,English,987,9000,4,Foodies,30/03/2021,Profit
455,3,0.713145637,0.361312018,Organic,5.517536412,2,0.820018995,Alpha Innovations,Influencer,Women 25-34,60 days,Google Ads,0.06,"$13,593.00",5.72,Los Angeles,English,690,1698,3,Foodies,31/03/2021,Profit
456,1,5.00050616,0.505923023,Organic,6.461177333,3,1,TechCorp,Email,Men 18-24,15 days,Instagram,0.05,"$18,167.00",3.16,Los Angeles,French,917,8122,6,Outdoor Adventurers,01/04/2021,Loss
457,5,4.456841416,0.258080711,Paid,5.626578126,1,1,Alpha Innovations,Search,Men 18-24,60 days,Facebook,0.12,"$11,054.00",4.37,Chicago,German,221,5287,1,Foodies,02/04/2021,Loss
458,4,0.470985156,0.381699475,Referral,8.166845135,2,1,Innovate Industries,Search,Women 35-44,60 days,YouTube,0.02,"$6,728.00",6.29,Chicago,Spanish,856,7061,8,Outdoor Adventurers,03/04/2021,Profit
459,6,1.869910512,0.047619667,Organic,3.335884109,5,1,NexGen Systems,Influencer,Women 35-44,60 days,YouTube,0.03,"$10,914.00",3.92,Los Angeles,German,933,3982,8,Tech Enthusiasts,04/04/2021,Loss
460,5,4.472669064,0.414772948,Organic,3.32845172,3,1,DataTech Solutions,Email,Women 35-44,15 days,Google Ads,0.11,"$17,313.00",5.81,Houston,French,104,6210,5,Foodies,05/04/2021,Profit
461,8,1.234432328,0.458863866,Organic,5.268935816,1,1,Innovate Industries,Display,Women 35-44,15 days,YouTube,0.12,"$11,095.00",3.59,New York,Spanish,988,1689,5,Outdoor Adventurers,06/04/2021,Loss
462,5,3.00805363,0.246035079,Organic,2.229985485,3,1,Alpha Innovations,Email,Women 35-44,60 days,Google Ads,0.13,"$5,130.00",5.15,Houston,Spanish,860,6784,5,Health & Wellness,07/04/2021,Profit
463,7,0.154552974,0.261906826,Paid,3.86127806,4,1,TechCorp,Social Media,Men 25-34,60 days,YouTube,0.02,"$13,482.00",3.17,Houston,English,794,7657,6,Tech Enthusiasts,08/04/2021,Loss
464,4,2.81475608,0.287894938,Organic,3.721134082,3,1,Innovate Industries,Display,Women 35-44,30 days,YouTube,0.01,"$18,932.00",2.64,New York,English,447,9257,3,Health & Wellness,09/04/2021,Loss
465,1,0.49693489,0.150131139,Organic,4.296920724,2,1,TechCorp,Social Media,Women 25-34,15 days,Facebook,0.05,"$16,093.00",6.53,New York,Mandarin,610,5628,10,Fashionistas,10/04/2021,Profit
466,5,5.3261822,0.143334457,Social,6.733017067,4,1,Alpha Innovations,Influencer,Women 25-34,30 days,Facebook,0.11,"$14,899.00",2.75,New York,French,666,6237,4,Fashionistas,11/04/2021,Loss
467,4,1.317606144,0.452323237,Organic,1.634691011,3,0.868693089,Alpha Innovations,Influencer,All Ages,45 days,Facebook,0.1,"$8,127.00",6.95,New York,Spanish,330,1955,7,Fashionistas,12/04/2021,Profit
468,3,0.991993625,0.20972948,Paid,1.681804785,0,0.860090129,DataTech Solutions,Email,Women 25-34,60 days,Website,0.12,"$10,839.00",6.05,Chicago,French,816,6414,6,Foodies,13/04/2021,Profit
469,2,5.514459182,0.279516204,Direct,12.08349527,2,1,TechCorp,Social Media,Women 25-34,60 days,YouTube,0.02,"$16,218.00",7.11,New York,German,176,5609,4,Foodies,14/04/2021,Profit
470,12,0.154334727,0.020209225,Referral,1.635528335,1,1,DataTech Solutions,Email,Men 25-34,60 days,Instagram,0.14,"$7,791.00",2.26,Miami,Mandarin,228,9197,8,Foodies,15/04/2021,Loss
471,5,1.515568606,0.202020509,Referral,2.324713471,3,1,Innovate Industries,Display,Women 25-34,30 days,YouTube,0.02,"$17,214.00",6.81,New York,French,818,2267,1,Outdoor Adventurers,16/04/2021,Profit
472,10,1.386123239,0.043257353,Paid,4.610230194,1,1,DataTech Solutions,Social Media,Women 25-34,45 days,Instagram,0.12,"$12,922.00",7,Houston,Mandarin,970,3985,3,Tech Enthusiasts,17/04/2021,Profit
473,6,1.005580735,0.199787564,Organic,0.431941819,1,0.511861912,Innovate Industries,Email,Men 18-24,15 days,Instagram,0.15,"$14,159.00",4.71,Chicago,German,518,4366,10,Health & Wellness,18/04/2021,Loss
474,1,7.282892017,0.203025538,Referral,2.063063187,1,1,TechCorp,Email,Men 25-34,60 days,Instagram,0.12,"$5,428.00",2.82,Houston,English,292,6313,4,Health & Wellness,19/04/2021,Loss
475,6,4.170044543,0.283999988,Referral,1.164171833,0,0.972978412,Innovate Industries,Influencer,All Ages,30 days,Email,0.03,"$9,830.00",3.83,New York,Spanish,826,4248,10,Fashionistas,20/04/2021,Loss
476,2,0.198173149,0.162738503,Organic,0.887592644,0,0.713097968,Innovate Industries,Search,Women 35-44,45 days,YouTube,0.02,"$17,467.00",5.48,Houston,Mandarin,120,8525,3,Tech Enthusiasts,21/04/2021,Profit
477,4,3.762510093,0.556066136,Paid,6.638986577,2,1,Innovate Industries,Email,Men 25-34,45 days,Website,0.13,"$16,475.00",5.56,Miami,German,652,2439,4,Foodies,22/04/2021,Profit
478,5,2.247877522,0.147413425,Direct,5.649883602,3,1,TechCorp,Influencer,All Ages,15 days,Instagram,0.06,"$15,682.00",4.04,Los Angeles,English,275,9717,3,Health & Wellness,23/04/2021,Loss
479,8,6.933905755,0.130105364,Organic,1.406252623,1,1,Innovate Industries,Influencer,Women 25-34,45 days,Instagram,0.03,"$11,186.00",2.47,Miami,Mandarin,201,1215,1,Fashionistas,24/04/2021,Loss
480,4,1.126025491,0.466192105,Paid,6.854873678,3,1,Innovate Industries,Search,Women 25-34,15 days,Email,0.11,"$14,889.00",4.65,Chicago,Mandarin,455,8222,8,Health & Wellness,25/04/2021,Loss
481,2,2.561088857,0.283508088,Paid,7.175534731,3,1,Innovate Industries,Influencer,Women 35-44,60 days,Instagram,0.09,"$10,706.00",6.57,Chicago,Mandarin,244,2542,4,Health & Wellness,26/04/2021,Profit
482,1,2.083976616,0.742734368,Social,8.168886876,1,1,Innovate Industries,Search,Men 25-34,15 days,Facebook,0.03,"$5,757.00",3.1,Miami,Mandarin,538,5801,1,Outdoor Adventurers,27/04/2021,Loss
483,8,2.017451867,0.171354575,Social,7.289645092,3,1,NexGen Systems,Email,Men 25-34,15 days,Email,0.09,"$18,035.00",7.03,Miami,English,147,6930,4,Tech Enthusiasts,28/04/2021,Profit
484,8,1.8269994,0.156035415,Social,3.931784481,1,1,NexGen Systems,Influencer,Men 25-34,60 days,Google Ads,0.03,"$5,234.00",6.93,Miami,Spanish,149,6815,7,Outdoor Adventurers,29/04/2021,Profit
485,4,0.690615813,0.048328037,Organic,2.280971104,2,0.999810472,NexGen Systems,Search,Men 18-24,60 days,YouTube,0.06,"$12,495.00",4.15,New York,Spanish,753,8752,10,Health & Wellness,30/04/2021,Loss
486,1,4.228196753,0.223936767,Organic,5.614024144,3,1,Alpha Innovations,Display,Women 35-44,45 days,Instagram,0.08,"$8,241.00",7.63,Los Angeles,English,368,4360,4,Outdoor Adventurers,01/05/2021,Profit
487,9,1.800807319,0.272593292,Organic,2.441558899,1,1,DataTech Solutions,Email,Men 18-24,15 days,Email,0.14,"$19,562.00",6.35,Chicago,Mandarin,194,9417,10,Foodies,02/05/2021,Profit
488,4,9.547362292,0.058161654,Referral,4.07025871,6,1,NexGen Systems,Display,Women 25-34,30 days,Facebook,0.05,"$19,456.00",7.56,Los Angeles,German,172,2838,10,Health & Wellness,03/05/2021,Profit
489,2,0.906594477,0.309701679,Referral,2.199124677,5,1,NexGen Systems,Social Media,Men 25-34,45 days,YouTube,0.13,"$10,420.00",3.55,Los Angeles,English,740,7051,3,Foodies,04/05/2021,Loss
490,4,3.444137264,0.181569199,Direct,3.066732517,2,1,TechCorp,Social Media,Women 25-34,30 days,Website,0.11,"$17,493.00",6.42,Los Angeles,French,580,6874,2,Foodies,05/05/2021,Profit
491,3,8.476302106,0.211802397,Paid,1.121853834,1,1,NexGen Systems,Email,Men 18-24,30 days,Instagram,0.07,"$18,686.00",4.32,Chicago,Mandarin,798,6218,9,Foodies,06/05/2021,Loss
492,8,3.26709985,0.246869825,Referral,5.358929094,1,1,TechCorp,Social Media,Men 18-24,30 days,YouTube,0.08,"$16,765.00",7.85,Miami,Spanish,940,1333,4,Foodies,07/05/2021,Profit
493,9,6.150182036,0.276803284,Paid,4.255955912,1,1,NexGen Systems,Display,Women 25-34,45 days,Facebook,0.06,"$17,991.00",2.35,Los Angeles,English,325,9848,10,Health & Wellness,08/05/2021,Loss
494,4,5.271743011,0.113755689,Organic,0.792227047,0,1,DataTech Solutions,Display,Men 25-34,45 days,Facebook,0.05,"$14,481.00",6.74,Miami,Mandarin,637,6228,3,Tech Enthusiasts,09/05/2021,Profit
495,4,1.33941315,0.193019968,Paid,2.456323635,2,1,DataTech Solutions,Search,Women 35-44,30 days,Email,0.13,"$17,531.00",5.04,Miami,German,736,5551,2,Health & Wellness,10/05/2021,Profit
496,5,2.749801889,0.282086947,Paid,6.102849998,1,1,NexGen Systems,Influencer,Women 25-34,45 days,Facebook,0.1,"$15,814.00",6.07,Houston,French,305,8942,6,Outdoor Adventurers,11/05/2021,Profit
497,11,0.50973743,0.378295727,Direct,1.410717462,1,0.900291806,DataTech Solutions,Display,All Ages,30 days,Website,0.12,"$14,037.00",3.98,Houston,French,512,5824,6,Foodies,12/05/2021,Loss
498,8,2.300548332,0.298915571,Organic,1.451157998,3,0.989946004,Alpha Innovations,Search,All Ages,60 days,Instagram,0.09,"$14,493.00",3.22,Chicago,Spanish,870,6980,4,Fashionistas,13/05/2021,Loss
499,6,0.785738789,0.228147702,Direct,2.682372422,1,1,NexGen Systems,Influencer,Men 25-34,45 days,Instagram,0.03,"$19,520.00",5.8,Chicago,Mandarin,702,4794,6,Tech Enthusiasts,14/05/2021,Profit
500,2,4.084650888,0.131622418,Paid,1.841087133,4,1,TechCorp,Social Media,Women 35-44,60 days,Email,0.06,"$5,538.00",4.79,Houston,English,520,6720,2,Tech Enthusiasts,15/05/2021,Loss
501,8,2.252700229,0.584260022,Organic,9.130285328,2,1,Alpha Innovations,Social Media,Men 25-34,45 days,YouTube,0.12,"$10,493.00",3.49,Houston,German,767,5005,2,Outdoor Adventurers,16/05/2021,Loss
502,7,1.589145554,0.670930262,Organic,1.834258587,1,1,NexGen Systems,Search,Men 18-24,30 days,Website,0.06,"$16,116.00",7.42,Chicago,Spanish,471,6621,1,Outdoor Adventurers,17/05/2021,Profit
503,6,0.939192863,0.119312159,Organic,2.06542489,0,0.851375985,DataTech Solutions,Email,Men 25-34,15 days,YouTube,0.14,"$7,708.00",2.56,Chicago,Spanish,701,5101,9,Fashionistas,18/05/2021,Loss
504,5,19.93267164,0.250433579,Paid,0.188309106,2,1,Alpha Innovations,Social Media,Women 35-44,45 days,YouTube,0.06,"$5,935.00",5.92,Miami,Spanish,935,9752,9,Fashionistas,19/05/2021,Profit
505,3,0.223234968,0.6687615,Organic,2.605130186,0,0.925304068,NexGen Systems,Email,Men 25-34,60 days,YouTube,0.05,"$9,290.00",5.04,Los Angeles,Spanish,893,7613,5,Fashionistas,20/05/2021,Profit
506,5,0.133613797,0.18850221,Paid,5.557134104,2,1,NexGen Systems,Email,Men 25-34,15 days,Instagram,0.08,"$19,426.00",2.5,Houston,English,467,2450,3,Tech Enthusiasts,21/05/2021,Loss
507,3,0.73485412,0.352727587,Direct,5.218668994,1,1,TechCorp,Email,Women 25-34,30 days,YouTube,0.14,"$17,183.00",3.58,Los Angeles,German,308,7984,2,Health & Wellness,22/05/2021,Loss
508,3,10.62888345,0.335824663,Referral,5.404504099,0,1,Alpha Innovations,Display,Women 25-34,60 days,Website,0.14,"$15,890.00",2.56,Houston,Spanish,374,2539,7,Health & Wellness,23/05/2021,Loss
509,7,11.62391698,0.31890757,Social,4.935170438,1,1,DataTech Solutions,Social Media,Men 25-34,30 days,Google Ads,0.11,"$6,341.00",7.07,Miami,German,676,5334,9,Fashionistas,24/05/2021,Profit
510,4,3.192004258,0.571462121,Organic,10.28372383,1,1,NexGen Systems,Display,Women 25-34,45 days,Email,0.12,"$16,615.00",7.92,Los Angeles,English,301,3473,5,Health & Wellness,25/05/2021,Profit
511,4,6.363458475,0.276430748,Paid,3.995125686,2,1,TechCorp,Email,Women 35-44,45 days,Website,0.07,"$18,822.00",7.77,New York,Mandarin,471,9465,10,Tech Enthusiasts,26/05/2021,Profit
512,6,0.722249398,0.233936791,Organic,2.026807168,2,1,DataTech Solutions,Search,All Ages,30 days,Facebook,0.07,"$15,713.00",7.67,Los Angeles,English,167,5803,9,Foodies,27/05/2021,Profit
513,6,10.73116579,0.29278406,Social,2.152462893,0,1,TechCorp,Influencer,Women 25-34,60 days,Google Ads,0.12,"$19,754.00",3.85,New York,Spanish,397,9308,7,Health & Wellness,28/05/2021,Loss
514,3,0.462199026,0.233906502,Organic,2.519294356,1,1,Alpha Innovations,Social Media,Men 18-24,30 days,Facebook,0.03,"$16,073.00",5.97,Miami,French,260,7086,9,Fashionistas,29/05/2021,Profit
515,4,0.319834521,0.401436058,Paid,1.67847273,4,1,NexGen Systems,Search,Men 25-34,45 days,Instagram,0.13,"$13,716.00",6.03,Houston,Spanish,676,6304,9,Foodies,30/05/2021,Profit
516,6,0.357065353,0.09689916,Paid,4.289220612,1,1,NexGen Systems,Display,All Ages,15 days,Facebook,0.08,"$12,341.00",4.97,Houston,English,508,6150,3,Health & Wellness,31/05/2021,Loss
517,6,2.55381269,0.171365151,Paid,5.799863509,0,1,Innovate Industries,Social Media,Men 18-24,15 days,YouTube,0.02,"$13,702.00",4.91,Miami,Mandarin,353,8771,9,Foodies,01/06/2021,Loss
518,6,4.555699993,0.252082371,Social,2.261834787,2,1,Alpha Innovations,Social Media,Women 25-34,45 days,Facebook,0.04,"$18,224.00",7.31,Los Angeles,English,682,4781,10,Fashionistas,02/06/2021,Profit
519,6,1.370277629,0.361237862,Organic,7.039498418,3,1,Alpha Innovations,Influencer,Men 25-34,15 days,Website,0.05,"$15,530.00",6.81,Chicago,English,830,7660,8,Outdoor Adventurers,03/06/2021,Profit
520,3,11.43598842,0.188024281,Organic,1.091149452,5,1,DataTech Solutions,Display,Men 18-24,30 days,Website,0.14,"$19,102.00",4.98,Miami,Mandarin,736,2811,5,Outdoor Adventurers,04/06/2021,Loss
521,5,1.70971131,0.382309667,Social,0.428272649,3,1,NexGen Systems,Search,Women 35-44,60 days,Instagram,0.14,"$17,123.00",3.31,Chicago,French,955,5738,7,Foodies,05/06/2021,Loss
522,2,0.489140327,0.217161103,Paid,2.194252587,2,1,NexGen Systems,Search,Women 25-34,15 days,YouTube,0.02,"$8,103.00",5.85,New York,Spanish,262,9494,10,Outdoor Adventurers,06/06/2021,Profit
523,5,1.881891518,0.692524687,Paid,0.494582769,4,1,NexGen Systems,Display,Men 25-34,60 days,Facebook,0.12,"$6,787.00",7.17,Los Angeles,English,776,3071,6,Foodies,07/06/2021,Profit
524,3,3.409289828,0.314983202,Organic,1.527054525,0,0.730407109,Innovate Industries,Social Media,Men 18-24,30 days,Instagram,0.09,"$18,464.00",7.86,Los Angeles,English,883,7234,4,Tech Enthusiasts,08/06/2021,Profit
525,3,5.355408405,0.591597537,Social,3.645431128,0,1,Innovate Industries,Search,Women 35-44,30 days,YouTube,0.08,"$5,214.00",5.41,New York,Spanish,986,5047,3,Fashionistas,09/06/2021,Profit
526,5,1.841723377,0.34887354,Direct,0.708657769,0,1,TechCorp,Influencer,Men 18-24,30 days,Email,0.07,"$17,678.00",4.77,Houston,German,215,6302,10,Foodies,10/06/2021,Loss
527,11,2.701302538,0.114266594,Referral,3.414782126,1,1,NexGen Systems,Social Media,All Ages,30 days,Website,0.14,"$10,365.00",3.23,Miami,Spanish,965,1167,8,Outdoor Adventurers,11/06/2021,Loss
528,7,0.933239891,0.105947615,Social,1.882114876,0,1,NexGen Systems,Email,All Ages,60 days,Instagram,0.09,"$11,139.00",7.54,Los Angeles,Mandarin,640,1144,7,Tech Enthusiasts,12/06/2021,Profit
529,7,3.114667778,0.240746983,Paid,4.905288054,4,1,DataTech Solutions,Search,Men 18-24,45 days,Instagram,0.1,"$18,407.00",2.24,Chicago,German,388,2697,10,Tech Enthusiasts,13/06/2021,Loss
530,4,12.80008785,0.444960196,Organic,0.853810452,2,1,TechCorp,Influencer,Men 18-24,60 days,Instagram,0.07,"$10,863.00",5.21,Miami,Spanish,494,5354,10,Foodies,14/06/2021,Profit
531,1,0.150892653,0.179093776,Organic,1.882119734,4,1,Alpha Innovations,Search,Women 35-44,45 days,Instagram,0.09,"$11,535.00",6.44,Chicago,Spanish,432,8524,6,Tech Enthusiasts,15/06/2021,Profit
532,4,6.528668115,0.065253789,Referral,1.643101105,4,1,Alpha Innovations,Search,Men 18-24,15 days,YouTube,0.03,"$16,117.00",6.68,Los Angeles,Spanish,237,7706,3,Tech Enthusiasts,16/06/2021,Profit
533,5,2.478544681,0.605469653,Paid,3.65691555,0,1,TechCorp,Email,Men 18-24,60 days,Facebook,0.05,"$7,641.00",5.05,Los Angeles,French,247,6859,10,Outdoor Adventurers,17/06/2021,Profit
534,4,0.871452623,0.097646144,Social,2.046011282,1,0.832439045,Alpha Innovations,Search,Men 18-24,15 days,Website,0.07,"$19,122.00",5.86,Los Angeles,French,849,4127,8,Fashionistas,18/06/2021,Profit
535,4,9.295934697,0.2586435,Referral,4.819333441,1,1,Alpha Innovations,Influencer,Men 18-24,45 days,Google Ads,0.07,"$19,905.00",3.28,New York,French,421,9220,1,Health & Wellness,19/06/2021,Loss
536,7,1.981193835,0.246013043,Direct,3.733268039,3,1,NexGen Systems,Search,Men 18-24,30 days,YouTube,0.03,"$9,710.00",6.11,Chicago,French,775,1378,6,Foodies,20/06/2021,Profit
537,6,1.209010553,0.049225381,Paid,3.096045273,1,1,DataTech Solutions,Display,Women 35-44,30 days,Facebook,0.06,"$11,135.00",5.55,Los Angeles,German,158,9372,5,Tech Enthusiasts,21/06/2021,Profit
538,8,0.600836954,0.364635548,Paid,2.567608101,3,1,Innovate Industries,Search,All Ages,15 days,YouTube,0.02,"$18,860.00",5.67,Miami,Spanish,581,1624,9,Health & Wellness,22/06/2021,Profit
539,4,0.84093673,0.161348492,Organic,9.548385899,2,1,NexGen Systems,Influencer,Women 35-44,60 days,Google Ads,0.13,"$9,642.00",5.04,Los Angeles,French,745,1803,8,Outdoor Adventurers,23/06/2021,Profit
540,3,5.366573797,0.098747475,Paid,3.387571947,2,1,NexGen Systems,Social Media,Men 25-34,15 days,Instagram,0.07,"$9,225.00",7.88,Los Angeles,Mandarin,837,1454,4,Tech Enthusiasts,24/06/2021,Profit
541,0,2.858942023,0.67788403,Social,4.182923861,1,0.937683641,DataTech Solutions,Search,Women 25-34,30 days,Google Ads,0.07,"$12,493.00",6.26,Chicago,Mandarin,265,1716,1,Foodies,25/06/2021,Profit
542,4,7.334023097,0.474198195,Organic,4.123284819,0,1,DataTech Solutions,Email,Women 25-34,45 days,Email,0.12,"$14,740.00",2.29,Chicago,Spanish,941,4716,2,Fashionistas,26/06/2021,Loss
543,1,0.791773406,0.245653377,Direct,2.063405403,1,0.710341078,TechCorp,Search,All Ages,60 days,YouTube,0.05,"$17,300.00",6.46,New York,German,517,4930,1,Health & Wellness,27/06/2021,Profit
544,4,0.387384129,0.622614116,Direct,0.421250361,1,0.714383971,TechCorp,Email,Men 25-34,30 days,Instagram,0.13,"$7,787.00",2.79,New York,Spanish,403,9196,5,Health & Wellness,28/06/2021,Loss
545,3,0.018318407,0.091171912,Paid,9.033040065,1,1,NexGen Systems,Display,Men 18-24,60 days,Email,0.06,"$7,865.00",3.61,Houston,Mandarin,905,8601,5,Foodies,29/06/2021,Loss
546,5,2.126988571,0.21443791,Organic,2.299828638,7,1,TechCorp,Email,Men 18-24,15 days,YouTube,0.13,"$14,184.00",2.02,New York,Mandarin,761,3562,4,Health & Wellness,30/06/2021,Loss
547,6,19.14363617,0.296693145,Organic,4.02973372,2,1,NexGen Systems,Influencer,Men 18-24,60 days,Google Ads,0.07,"$10,088.00",5.79,New York,Mandarin,921,9943,10,Fashionistas,01/07/2021,Profit
548,6,3.561988908,0.425551826,Organic,9.397374059,3,1,NexGen Systems,Search,All Ages,15 days,Instagram,0.14,"$6,341.00",7.89,New York,French,457,2621,3,Foodies,02/07/2021,Profit
549,4,1.106219117,0.318214031,Organic,2.125564079,4,0.911939428,TechCorp,Influencer,Women 35-44,30 days,Email,0.11,"$16,691.00",6.12,Miami,English,430,5430,7,Tech Enthusiasts,03/07/2021,Profit
550,4,6.283265558,0.208292662,Paid,2.702707577,2,1,NexGen Systems,Email,Women 35-44,15 days,Website,0.05,"$5,279.00",7.26,Los Angeles,English,973,1947,2,Outdoor Adventurers,04/07/2021,Profit
551,5,4.565961053,0.066625058,Organic,7.329865601,1,1,NexGen Systems,Email,Women 25-34,30 days,Website,0.14,"$13,778.00",3.57,Houston,Mandarin,129,2538,4,Tech Enthusiasts,05/07/2021,Loss
552,1,0.046605645,0.26771831,Referral,1.950059613,0,1,Alpha Innovations,Influencer,Men 25-34,60 days,Email,0.1,"$16,094.00",5.65,Chicago,Spanish,698,2868,3,Fashionistas,06/07/2021,Profit
553,9,5.092521046,0.137906576,Organic,1.185222484,2,1,Innovate Industries,Email,Women 25-34,30 days,Email,0.04,"$16,512.00",2.81,Chicago,English,588,4161,10,Fashionistas,07/07/2021,Loss
554,7,1.072283213,0.097396061,Organic,0.662854192,2,1,Alpha Innovations,Email,Men 18-24,30 days,Google Ads,0.05,"$7,247.00",7.85,Chicago,German,141,6235,4,Fashionistas,08/07/2021,Profit
555,5,0.486404532,0.298528424,Paid,15.27774418,2,1,NexGen Systems,Influencer,All Ages,15 days,Email,0.02,"$5,244.00",5.29,Chicago,German,416,3785,9,Tech Enthusiasts,09/07/2021,Profit
556,4,0.769832815,0.261426453,Direct,8.675913616,6,1,Innovate Industries,Email,Women 35-44,30 days,Facebook,0.15,"$14,082.00",7.44,Miami,Spanish,655,9066,2,Outdoor Adventurers,10/07/2021,Profit
557,5,1.896606725,0.175444492,Referral,0.218927192,1,1,TechCorp,Social Media,Men 18-24,60 days,Email,0.11,"$17,786.00",5.89,Los Angeles,English,557,9866,5,Foodies,11/07/2021,Profit
558,4,1.659466718,0.560390961,Paid,5.42036866,4,1,Innovate Industries,Influencer,Men 18-24,15 days,Facebook,0.08,"$19,714.00",3.57,Miami,Spanish,411,2211,3,Foodies,12/07/2021,Loss
559,1,1.022773055,0.315658745,Social,9.181610398,2,1,Innovate Industries,Display,Men 25-34,60 days,Instagram,0.03,"$6,582.00",3.1,Chicago,German,750,5588,7,Health & Wellness,13/07/2021,Loss
560,3,0.567017501,0.085366136,Referral,3.098959491,0,1,Innovate Industries,Email,All Ages,60 days,Google Ads,0.1,"$16,574.00",4.82,Miami,English,260,2996,10,Fashionistas,14/07/2021,Loss
561,7,4.30936434,0.211630209,Social,2.375374489,4,1,TechCorp,Email,All Ages,60 days,Email,0.1,"$18,996.00",3.12,Los Angeles,Spanish,890,8676,4,Health & Wellness,15/07/2021,Loss
562,6,13.8486278,0.590171274,Organic,2.516002091,2,1,Alpha Innovations,Influencer,Women 25-34,30 days,Instagram,0.12,"$13,107.00",4.87,Miami,German,340,6394,2,Tech Enthusiasts,16/07/2021,Loss
563,10,4.512418532,0.442885423,Social,8.286734015,2,1,Alpha Innovations,Influencer,Men 25-34,15 days,Website,0.09,"$5,801.00",7.42,New York,French,714,2288,2,Health & Wellness,17/07/2021,Profit
564,4,1.052662177,0.729019064,Organic,1.569542784,3,0.807464482,TechCorp,Influencer,Men 18-24,15 days,Google Ads,0.09,"$8,660.00",6.38,Los Angeles,Spanish,172,9548,2,Outdoor Adventurers,18/07/2021,Profit
565,5,0.842353591,0.305069468,Direct,1.597971773,1,1,Innovate Industries,Display,Women 35-44,30 days,Website,0.13,"$9,283.00",2.18,Houston,Spanish,363,6711,1,Health & Wellness,19/07/2021,Loss
566,6,0.736420084,0.323991658,Organic,1.57907885,0,0.906455951,Alpha Innovations,Influencer,All Ages,60 days,Instagram,0.1,"$12,002.00",6.53,Houston,German,876,6554,7,Health & Wellness,20/07/2021,Profit
567,6,0.440961955,0.200035989,Direct,0.126678625,0,0.741635884,NexGen Systems,Display,All Ages,15 days,Website,0.08,"$12,929.00",4.64,Los Angeles,Spanish,605,4566,7,Tech Enthusiasts,21/07/2021,Loss
568,8,2.40440656,0.381602221,Direct,2.454699278,4,1,TechCorp,Search,Men 25-34,45 days,Google Ads,0.12,"$16,013.00",4.75,Chicago,German,727,1353,9,Outdoor Adventurers,22/07/2021,Loss
569,4,2.789650884,0.138160317,Organic,7.519666599,3,1,Alpha Innovations,Search,All Ages,15 days,Google Ads,0.08,"$6,640.00",4.53,Miami,English,508,2900,6,Outdoor Adventurers,23/07/2021,Loss
570,3,3.667455931,0.06221773,Direct,4.517620226,1,1,DataTech Solutions,Email,Men 25-34,60 days,Instagram,0.05,"$12,075.00",2.84,Houston,Mandarin,261,8859,3,Outdoor Adventurers,24/07/2021,Loss
571,3,3.420303869,0.384800642,Organic,4.973141644,0,1,Alpha Innovations,Email,All Ages,60 days,Google Ads,0.12,"$5,236.00",6.38,Miami,Spanish,444,4623,10,Foodies,25/07/2021,Profit
572,9,1.037346224,0.529709955,Organic,4.086094249,0,1,NexGen Systems,Social Media,All Ages,45 days,Google Ads,0.13,"$18,195.00",6.35,Chicago,English,629,2473,10,Health & Wellness,26/07/2021,Profit
573,7,1.202825585,0.128679362,Paid,2.762675601,1,1,DataTech Solutions,Social Media,Women 35-44,60 days,YouTube,0.06,"$12,557.00",6.76,Houston,English,348,5800,6,Health & Wellness,27/07/2021,Profit
574,2,3.432535327,0.168942374,Direct,2.86858136,0,1,TechCorp,Social Media,Women 35-44,30 days,Email,0.04,"$12,024.00",7.03,Miami,English,971,7660,3,Health & Wellness,28/07/2021,Profit
575,2,1.289800481,0.315384982,Paid,4.169699529,2,1,NexGen Systems,Influencer,Men 25-34,15 days,Facebook,0.08,"$13,831.00",5.76,Los Angeles,French,133,2508,6,Fashionistas,29/07/2021,Profit
576,4,0.717145055,0.608597859,Paid,2.168847911,1,1,NexGen Systems,Display,All Ages,15 days,Instagram,0.04,"$14,207.00",2.87,Houston,English,952,7391,10,Outdoor Adventurers,30/07/2021,Loss
577,6,1.406826117,0.035645664,Referral,1.467398688,3,1,Innovate Industries,Email,Men 18-24,45 days,Instagram,0.14,"$10,698.00",5.45,Houston,Spanish,593,8788,8,Tech Enthusiasts,31/07/2021,Profit
578,9,0.952709516,0.087556538,Direct,2.348153776,3,1,NexGen Systems,Display,All Ages,60 days,Google Ads,0.02,"$7,321.00",2.21,Chicago,English,897,5065,9,Health & Wellness,01/08/2021,Loss
579,11,0.277374731,0.363312482,Social,1.007076825,0,0.852436495,TechCorp,Email,Women 25-34,30 days,Email,0.12,"$5,070.00",3.7,New York,German,934,3769,4,Tech Enthusiasts,02/08/2021,Loss
580,4,5.318322744,0.326318155,Organic,1.677029166,3,1,Innovate Industries,Email,Men 25-34,45 days,Website,0.09,"$8,417.00",7.54,Miami,English,594,8142,3,Health & Wellness,03/08/2021,Profit
581,7,5.754242186,0.027053411,Organic,6.638585688,2,1,DataTech Solutions,Social Media,Men 18-24,15 days,Email,0.09,"$12,149.00",7.66,Chicago,Mandarin,155,1790,2,Outdoor Adventurers,04/08/2021,Profit
582,7,0.744423848,0.337420988,Organic,2.718704156,2,1,Alpha Innovations,Influencer,Men 25-34,60 days,Instagram,0.05,"$18,733.00",2.55,Los Angeles,French,213,4768,3,Outdoor Adventurers,05/08/2021,Loss
583,3,0.200895427,0.224216548,Referral,4.061434729,2,1,TechCorp,Influencer,Men 25-34,45 days,Google Ads,0.13,"$13,282.00",5.03,Los Angeles,English,433,6849,9,Health & Wellness,06/08/2021,Profit
584,7,4.027721792,0.13911705,Organic,4.541280781,5,1,TechCorp,Search,Women 25-34,15 days,Website,0.07,"$5,027.00",6.02,Los Angeles,Mandarin,956,3644,9,Tech Enthusiasts,07/08/2021,Profit
585,5,0.712977532,0.088319812,Organic,3.315598387,4,1,DataTech Solutions,Social Media,Men 18-24,15 days,Facebook,0.14,"$14,540.00",5.97,Chicago,Spanish,454,4981,6,Tech Enthusiasts,08/08/2021,Profit
586,2,1.499832573,0.196632147,Social,5.935198757,2,1,DataTech Solutions,Search,All Ages,15 days,Email,0.08,"$10,905.00",3.97,Los Angeles,English,392,8196,1,Health & Wellness,09/08/2021,Loss
587,9,0.19885294,0.311858452,Organic,1.938400727,5,1,DataTech Solutions,Display,Women 25-34,60 days,Website,0.06,"$16,970.00",7.05,Houston,English,305,6899,3,Health & Wellness,10/08/2021,Profit
588,6,0.7695953,0.287652664,Paid,4.189476221,1,1,DataTech Solutions,Email,Men 25-34,60 days,Google Ads,0.05,"$14,910.00",5.27,Chicago,Spanish,187,8782,2,Outdoor Adventurers,11/08/2021,Profit
589,3,4.723693535,0.439439346,Organic,1.315052517,1,1,TechCorp,Email,All Ages,45 days,YouTube,0.09,"$12,528.00",6.38,Houston,Mandarin,607,6861,7,Foodies,12/08/2021,Profit
590,6,4.894996069,0.155536024,Organic,0.229859754,2,1,NexGen Systems,Email,Men 25-34,15 days,YouTube,0.04,"$18,796.00",6.2,New York,German,530,3022,5,Fashionistas,13/08/2021,Profit
591,3,0.69611709,0.279358116,Organic,1.84650737,2,1,DataTech Solutions,Social Media,All Ages,60 days,Email,0.09,"$14,635.00",2.71,Miami,French,177,2151,10,Foodies,14/08/2021,Loss
592,2,1.22803016,0.59475389,Paid,2.86015828,0,0.857522498,DataTech Solutions,Display,Men 25-34,60 days,YouTube,0.02,"$8,562.00",7.83,Houston,German,117,9814,3,Tech Enthusiasts,15/08/2021,Profit
593,8,0.432437157,0.077719754,Social,1.398357618,2,0.343664589,TechCorp,Social Media,Men 25-34,60 days,Instagram,0.08,"$18,690.00",5.47,Miami,Mandarin,598,5556,8,Outdoor Adventurers,16/08/2021,Profit
594,4,0.231202463,0.259273096,Organic,9.031336937,1,1,Innovate Industries,Email,Women 35-44,30 days,Website,0.12,"$11,229.00",7,Los Angeles,French,145,1535,8,Fashionistas,17/08/2021,Profit
595,5,14.55003526,0.239397829,Organic,2.962171481,2,1,Alpha Innovations,Influencer,All Ages,45 days,YouTube,0.03,"$8,633.00",4.47,Los Angeles,French,819,5487,8,Fashionistas,18/08/2021,Loss
596,4,3.19780183,0.245629467,Social,5.103537226,0,1,DataTech Solutions,Display,Women 35-44,30 days,Instagram,0.02,"$11,529.00",2.43,Los Angeles,Mandarin,881,2105,4,Outdoor Adventurers,19/08/2021,Loss
597,3,2.343290508,0.149166535,Social,7.753619465,3,1,Alpha Innovations,Influencer,All Ages,30 days,Website,0.02,"$13,763.00",3.87,New York,English,626,5983,3,Outdoor Adventurers,20/08/2021,Loss
598,4,4.350879889,0.228274051,Social,3.355275997,3,1,TechCorp,Social Media,All Ages,30 days,Google Ads,0.08,"$13,348.00",5.08,Miami,French,303,5330,7,Tech Enthusiasts,21/08/2021,Profit
599,3,5.499191484,0.540085384,Direct,1.943676716,2,1,TechCorp,Influencer,Men 18-24,45 days,Email,0.1,"$17,808.00",5.38,Chicago,Mandarin,667,8500,6,Tech Enthusiasts,22/08/2021,Profit
600,11,4.930764886,0.406959852,Social,1.177187519,0,1,DataTech Solutions,Influencer,Men 18-24,30 days,YouTube,0.12,"$5,680.00",6.01,Chicago,English,209,8713,7,Fashionistas,23/08/2021,Profit
601,6,0.050033259,0.590495513,Paid,0.682661987,1,0.867616219,Innovate Industries,Social Media,Women 25-34,45 days,Email,0.04,"$9,893.00",6.7,Los Angeles,French,425,3307,5,Tech Enthusiasts,24/08/2021,Profit
602,5,0.620363729,0.442881542,Social,5.447255671,3,1,TechCorp,Social Media,Men 25-34,30 days,Google Ads,0.02,"$18,741.00",2.01,Miami,German,438,6714,7,Tech Enthusiasts,25/08/2021,Loss
603,5,3.191809239,0.245295603,Paid,5.882262926,1,1,TechCorp,Social Media,Men 18-24,45 days,Facebook,0.09,"$13,305.00",2.94,Houston,English,722,6088,9,Outdoor Adventurers,26/08/2021,Loss
604,5,1.413657973,0.264205838,Organic,7.975180224,4,1,NexGen Systems,Social Media,Men 25-34,45 days,Facebook,0.04,"$16,791.00",6.45,New York,French,803,9693,5,Foodies,27/08/2021,Profit
605,3,12.13369056,0.544289802,Organic,7.04402132,1,1,TechCorp,Search,Men 18-24,15 days,Google Ads,0.01,"$7,349.00",7.84,Los Angeles,English,434,1064,2,Health & Wellness,28/08/2021,Profit
606,6,3.284501442,0.134096096,Organic,9.70128077,1,1,DataTech Solutions,Email,All Ages,30 days,Website,0.02,"$15,672.00",3.2,New York,German,609,1193,7,Fashionistas,29/08/2021,Loss
607,4,9.408357936,0.201210728,Organic,5.91338323,2,1,NexGen Systems,Search,All Ages,60 days,Instagram,0.02,"$15,366.00",6.98,Miami,English,866,5856,9,Health & Wellness,30/08/2021,Profit
608,5,0.67485987,0.325353689,Organic,3.78541993,2,1,TechCorp,Search,Men 25-34,30 days,Website,0.06,"$8,497.00",6.7,Chicago,French,574,1948,10,Fashionistas,31/08/2021,Profit
609,3,5.98435342,0.216508742,Organic,2.255782293,2,1,TechCorp,Social Media,Women 35-44,15 days,Email,0.07,"$10,770.00",5.86,Miami,Mandarin,954,6924,4,Tech Enthusiasts,01/09/2021,Profit
610,7,1.162959438,0.282316247,Social,3.034358557,3,0.897896538,DataTech Solutions,Display,All Ages,15 days,Facebook,0.06,"$5,325.00",5.01,Chicago,French,960,2859,8,Health & Wellness,02/09/2021,Profit
611,3,13.68771409,0.186555115,Direct,3.320067856,3,1,Alpha Innovations,Email,Women 25-34,45 days,Google Ads,0.04,"$8,772.00",6.85,Los Angeles,Spanish,584,7334,2,Health & Wellness,03/09/2021,Profit
612,6,0.514816755,0.234838612,Paid,8.782333224,2,1,Alpha Innovations,Email,Men 18-24,15 days,Website,0.11,"$10,653.00",3.95,Miami,Spanish,670,2367,2,Fashionistas,04/09/2021,Loss
613,7,2.179118172,0.095631588,Social,7.198770264,2,1,TechCorp,Social Media,All Ages,45 days,YouTube,0.02,"$9,676.00",7.52,New York,German,575,9944,2,Outdoor Adventurers,05/09/2021,Profit
614,1,4.72285717,0.216856988,Organic,1.620715678,1,1,Alpha Innovations,Display,Men 18-24,45 days,Instagram,0.13,"$11,347.00",3.1,Houston,Spanish,430,7632,2,Tech Enthusiasts,06/09/2021,Loss
615,6,1.700296885,0.2765028,Direct,4.216836409,1,1,DataTech Solutions,Influencer,Men 18-24,15 days,Instagram,0.02,"$9,661.00",6.68,New York,German,690,4424,3,Tech Enthusiasts,07/09/2021,Profit
616,4,1.89380943,0.218600291,Paid,5.191202248,1,1,TechCorp,Influencer,Men 25-34,15 days,Facebook,0.05,"$17,881.00",6.01,Los Angeles,English,289,7005,8,Foodies,08/09/2021,Profit
617,2,12.88332128,0.136830957,Organic,4.800778579,0,1,NexGen Systems,Search,Women 25-34,30 days,YouTube,0.06,"$17,440.00",6.66,Miami,English,140,7641,8,Foodies,09/09/2021,Profit
618,2,1.661763886,0.243966451,Organic,2.432419124,2,1,TechCorp,Display,Men 18-24,30 days,Website,0.08,"$7,053.00",7.12,Chicago,French,492,1731,8,Tech Enthusiasts,10/09/2021,Profit
619,5,2.77956947,0.155776394,Organic,3.19510358,3,1,TechCorp,Influencer,All Ages,45 days,Google Ads,0.14,"$7,803.00",6.58,New York,English,533,5832,2,Foodies,11/09/2021,Profit
620,5,0.168250016,0.117039081,Organic,6.408842255,3,1,Alpha Innovations,Social Media,Women 35-44,45 days,Instagram,0.11,"$6,994.00",3.89,Miami,Spanish,816,8407,8,Tech Enthusiasts,12/09/2021,Loss
621,3,5.539472257,0.375354137,Organic,2.556478474,4,1,NexGen Systems,Influencer,Women 25-34,45 days,Instagram,0.14,"$18,943.00",7.01,Los Angeles,German,607,6262,9,Tech Enthusiasts,13/09/2021,Profit
622,5,3.133804888,0.079136736,Organic,1.389461929,4,1,TechCorp,Email,Women 35-44,15 days,Website,0.11,"$7,562.00",4.04,Miami,English,670,8428,8,Tech Enthusiasts,14/09/2021,Loss
623,11,1.552645026,0.204943372,Organic,5.118529117,1,1,Alpha Innovations,Email,All Ages,15 days,Email,0.09,"$7,740.00",7.54,Chicago,Spanish,899,5144,6,Tech Enthusiasts,15/09/2021,Profit
624,2,0.04890508,0.288039924,Organic,3.020125557,6,1,Alpha Innovations,Social Media,All Ages,15 days,Facebook,0.11,"$11,783.00",3.07,Miami,Spanish,836,4782,7,Foodies,16/09/2021,Loss
625,6,2.687030159,0.345330234,Direct,6.903995903,3,1,DataTech Solutions,Social Media,All Ages,15 days,Website,0.02,"$12,132.00",5.25,Houston,Spanish,435,1192,10,Outdoor Adventurers,17/09/2021,Profit
626,5,0.038215864,0.683238418,Organic,3.412665935,1,0.705522655,TechCorp,Search,Men 25-34,30 days,YouTube,0.14,"$5,430.00",3.12,New York,French,214,3572,8,Tech Enthusiasts,18/09/2021,Loss
627,3,0.003613017,0.343929208,Organic,0.102908269,2,0.650699634,Alpha Innovations,Search,All Ages,30 days,Email,0.05,"$12,047.00",6.47,Chicago,Mandarin,441,5779,3,Tech Enthusiasts,19/09/2021,Profit
628,4,2.872108295,0.077237151,Referral,4.044414241,4,1,NexGen Systems,Social Media,Men 18-24,60 days,Instagram,0.05,"$15,691.00",7.06,Miami,French,238,3959,1,Tech Enthusiasts,20/09/2021,Profit
629,10,0.62852481,0.369448089,Social,4.393643437,2,1,NexGen Systems,Email,Women 25-34,45 days,Facebook,0.1,"$15,132.00",4.96,Miami,Mandarin,129,9551,7,Foodies,21/09/2021,Loss
630,1,0.639162177,0.452196543,Organic,7.167126058,2,1,Innovate Industries,Email,Women 35-44,15 days,YouTube,0.11,"$13,380.00",6.12,Houston,German,173,4397,3,Outdoor Adventurers,22/09/2021,Profit
631,8,3.177640248,0.269267353,Social,1.746011434,1,1,DataTech Solutions,Influencer,All Ages,15 days,YouTube,0.01,"$5,770.00",2.43,Los Angeles,French,308,3307,5,Tech Enthusiasts,23/09/2021,Loss
632,3,0.165577992,0.225758026,Organic,2.236010886,0,0.83357028,NexGen Systems,Influencer,Men 18-24,45 days,Email,0.13,"$8,500.00",2.67,New York,German,712,4849,1,Foodies,24/09/2021,Loss
633,5,1.128034494,0.277988429,Organic,1.797174379,1,1,TechCorp,Email,Men 25-34,15 days,Google Ads,0.13,"$18,453.00",4.76,Miami,Mandarin,187,5032,10,Fashionistas,25/09/2021,Loss
634,4,0.485552407,0.355630988,Organic,6.830538607,1,1,NexGen Systems,Social Media,Men 18-24,30 days,Facebook,0.02,"$19,030.00",5.63,Miami,German,825,6146,2,Fashionistas,26/09/2021,Profit
635,11,2.603761752,0.417402902,Referral,1.228754813,5,1,Alpha Innovations,Search,Men 18-24,60 days,Instagram,0.14,"$9,833.00",2.46,Chicago,Mandarin,131,9105,10,Fashionistas,27/09/2021,Loss
636,3,3.252044449,0.261752995,Organic,5.245660068,1,1,NexGen Systems,Email,All Ages,45 days,Website,0.04,"$11,581.00",4.25,Miami,French,903,9090,2,Health & Wellness,28/09/2021,Loss
637,4,3.831091639,0.390195532,Referral,1.652763706,2,1,Alpha Innovations,Search,All Ages,45 days,Google Ads,0.04,"$12,573.00",4.41,Miami,French,483,9896,3,Outdoor Adventurers,29/09/2021,Loss
638,3,0.884044401,0.069617784,Organic,3.220612641,1,0.919122055,Innovate Industries,Search,All Ages,30 days,Google Ads,0.07,"$9,517.00",4.18,Houston,Spanish,794,9710,8,Tech Enthusiasts,30/09/2021,Loss
639,3,0.280459711,0.173834387,Referral,0.743051374,4,1,TechCorp,Search,Men 18-24,45 days,Facebook,0.12,"$7,672.00",3.55,Houston,French,344,6487,4,Fashionistas,01/10/2021,Loss
640,8,0.245855472,0.18607011,Organic,4.98970283,2,1,Alpha Innovations,Email,Men 25-34,45 days,Email,0.03,"$10,127.00",7.04,Miami,German,938,9741,2,Tech Enthusiasts,02/10/2021,Profit
641,1,1.666169818,0.091668958,Paid,2.892379178,1,1,Innovate Industries,Social Media,All Ages,45 days,Email,0.14,"$16,265.00",4.22,New York,English,588,5299,6,Fashionistas,03/10/2021,Loss
642,5,8.747682185,0.281932058,Paid,5.634663643,1,1,NexGen Systems,Influencer,All Ages,15 days,Email,0.08,"$12,399.00",3.65,Chicago,French,423,7396,9,Tech Enthusiasts,04/10/2021,Loss
643,7,0.736662285,0.333314111,Referral,4.910241559,1,1,Innovate Industries,Social Media,Men 18-24,15 days,Google Ads,0.06,"$10,179.00",5.29,Miami,Spanish,102,4930,8,Fashionistas,05/10/2021,Profit
644,3,0.890134552,0.519842489,Organic,2.326734227,4,1,Alpha Innovations,Social Media,Men 25-34,30 days,YouTube,0.02,"$18,123.00",3.83,Houston,English,307,1468,10,Fashionistas,06/10/2021,Loss
645,7,0.319045685,0.26552452,Social,1.710609349,3,1,NexGen Systems,Influencer,Men 25-34,60 days,Email,0.05,"$5,481.00",4.71,Miami,German,496,9383,3,Fashionistas,07/10/2021,Loss
646,5,2.790942866,0.370553002,Referral,3.43175196,0,1,Innovate Industries,Email,Women 25-34,60 days,Facebook,0.13,"$18,673.00",6.04,Houston,French,964,3756,5,Foodies,08/10/2021,Profit
647,7,3.417111279,0.364036796,Organic,2.08235095,0,1,DataTech Solutions,Social Media,Women 25-34,30 days,Google Ads,0.1,"$16,853.00",4.2,Los Angeles,French,174,9853,10,Outdoor Adventurers,09/10/2021,Loss
648,5,3.089480465,0.222855999,Direct,10.71673503,0,1,NexGen Systems,Influencer,Women 25-34,60 days,Google Ads,0.14,"$18,729.00",2.65,Houston,French,373,6003,2,Foodies,10/10/2021,Loss
649,7,5.922656356,0.315667881,Referral,3.348669273,1,1,Innovate Industries,Email,Women 35-44,15 days,Facebook,0.09,"$8,832.00",6.62,Miami,German,268,9943,1,Outdoor Adventurers,11/10/2021,Profit
650,5,1.999082489,0.134933347,Paid,7.499378056,1,1,Innovate Industries,Email,Women 25-34,60 days,Google Ads,0.12,"$11,318.00",4.56,Chicago,Spanish,177,6571,10,Outdoor Adventurers,12/10/2021,Loss
651,4,0.433194811,0.483225121,Organic,4.096955476,3,1,DataTech Solutions,Display,All Ages,30 days,Facebook,0.08,"$8,396.00",7.53,New York,German,345,5864,7,Fashionistas,13/10/2021,Profit
652,5,1.024958447,0.527233083,Paid,2.849958506,3,1,NexGen Systems,Display,All Ages,30 days,Email,0.09,"$16,132.00",4.4,Houston,German,205,2828,1,Fashionistas,14/10/2021,Loss
653,11,3.257946912,0.341812343,Organic,1.615457294,2,1,Innovate Industries,Social Media,Men 18-24,15 days,YouTube,0.11,"$8,972.00",7.75,Houston,English,963,3148,6,Fashionistas,15/10/2021,Profit
654,7,2.84893744,0.357139691,Paid,4.351573405,4,1,DataTech Solutions,Search,Women 35-44,30 days,Facebook,0.01,"$6,117.00",2.75,Los Angeles,French,754,5592,5,Outdoor Adventurers,16/10/2021,Loss
655,6,2.271477551,0.120347306,Paid,1.381755565,1,1,DataTech Solutions,Email,All Ages,60 days,YouTube,0.08,"$8,036.00",4.14,Houston,French,304,8555,6,Tech Enthusiasts,17/10/2021,Loss
656,3,3.446223803,0.441664121,Referral,3.699365146,2,1,Innovate Industries,Influencer,All Ages,60 days,Instagram,0.08,"$6,987.00",4.06,Chicago,Spanish,212,9956,6,Fashionistas,18/10/2021,Loss
657,0,3.043289243,0.22064778,Organic,4.443160263,0,1,Innovate Industries,Influencer,All Ages,30 days,Instagram,0.06,"$6,760.00",7.88,Los Angeles,Spanish,322,1804,2,Fashionistas,19/10/2021,Profit
658,10,6.394097049,0.38161989,Social,2.756716975,1,1,Alpha Innovations,Influencer,Women 25-34,15 days,Website,0.03,"$13,907.00",6.77,Miami,German,563,8425,3,Health & Wellness,20/10/2021,Profit
659,5,2.645786595,0.230445419,Organic,5.63955697,1,1,DataTech Solutions,Search,Women 35-44,60 days,Facebook,0.12,"$19,441.00",3.91,Houston,English,187,4482,8,Outdoor Adventurers,21/10/2021,Loss
660,5,4.523371187,0.286190059,Paid,2.160461192,2,1,DataTech Solutions,Social Media,Men 25-34,45 days,Website,0.13,"$10,535.00",2.91,Los Angeles,German,334,9784,5,Foodies,22/10/2021,Loss
661,3,0.857879293,0.267019529,Social,6.196473623,2,1,Innovate Industries,Influencer,Men 18-24,30 days,Facebook,0.11,"$7,254.00",5.04,Chicago,German,302,9367,9,Fashionistas,23/10/2021,Profit
662,4,3.401312781,0.11463312,Referral,7.454386412,3,1,DataTech Solutions,Email,Men 18-24,15 days,Google Ads,0.05,"$17,392.00",2.39,Houston,French,628,7721,4,Tech Enthusiasts,24/10/2021,Loss
663,2,6.974311694,0.56885057,Organic,4.258929191,2,1,DataTech Solutions,Influencer,Men 25-34,15 days,Email,0.14,"$11,298.00",5.46,Los Angeles,English,521,8717,1,Outdoor Adventurers,25/10/2021,Profit
664,2,1.461973493,0.2697323,Organic,5.560523214,1,1,TechCorp,Social Media,Men 18-24,45 days,Google Ads,0.08,"$11,082.00",5.4,Chicago,French,464,3353,3,Foodies,26/10/2021,Profit
665,7,4.530192374,0.408347904,Organic,4.846905858,2,1,TechCorp,Display,Women 35-44,60 days,Facebook,0.11,"$18,746.00",4.84,New York,English,903,3552,10,Tech Enthusiasts,27/10/2021,Loss
666,3,3.870654892,0.32428201,Paid,4.233456594,2,1,Innovate Industries,Social Media,All Ages,30 days,YouTube,0.13,"$13,923.00",7.28,Los Angeles,French,176,8629,3,Tech Enthusiasts,28/10/2021,Profit
667,1,0.184114454,0.09219368,Organic,4.22522503,2,1,TechCorp,Influencer,Women 35-44,30 days,Email,0.1,"$18,157.00",5.3,Miami,French,190,6917,7,Tech Enthusiasts,29/10/2021,Profit
668,3,2.613294735,0.063898273,Referral,1.228158615,2,1,Innovate Industries,Search,Men 18-24,30 days,Website,0.15,"$6,920.00",7.09,Miami,Mandarin,942,9530,2,Health & Wellness,30/10/2021,Profit
669,7,0.418439201,0.037336904,Paid,6.582763687,1,1,Alpha Innovations,Influencer,Women 35-44,15 days,Google Ads,0.07,"$17,162.00",7.43,Chicago,Spanish,912,1209,3,Foodies,31/10/2021,Profit
670,5,10.26290004,0.155597194,Organic,3.173374521,0,1,TechCorp,Email,All Ages,30 days,YouTube,0.11,"$12,918.00",3.84,Miami,French,694,3157,2,Fashionistas,01/11/2021,Loss
671,5,5.004500072,0.196887513,Organic,3.451759403,0,1,TechCorp,Influencer,Men 18-24,45 days,Facebook,0.03,"$9,323.00",2.13,Los Angeles,French,118,6439,6,Outdoor Adventurers,02/11/2021,Loss
672,4,0.348670586,0.201593523,Organic,3.040784495,2,1,NexGen Systems,Influencer,Women 25-34,30 days,Email,0.14,"$9,800.00",4.74,Los Angeles,French,448,1895,5,Tech Enthusiasts,03/11/2021,Loss
673,5,0.389478787,0.424762682,Organic,1.675768736,3,1,TechCorp,Display,Women 25-34,15 days,Facebook,0.15,"$16,870.00",7.83,Chicago,Mandarin,728,1636,2,Tech Enthusiasts,04/11/2021,Profit
674,5,2.707709794,0.207344946,Paid,2.765682261,2,1,NexGen Systems,Social Media,Women 25-34,30 days,Instagram,0.13,"$6,312.00",4.62,Chicago,Mandarin,208,8837,7,Foodies,05/11/2021,Loss
675,3,1.268852574,0.03313243,Paid,7.756455818,2,1,Alpha Innovations,Influencer,All Ages,60 days,Facebook,0.14,"$7,239.00",3.16,New York,English,640,3565,1,Health & Wellness,06/11/2021,Loss
676,3,0.106588881,0.185983828,Social,1.828669941,5,1,NexGen Systems,Email,Women 35-44,15 days,Email,0.03,"$19,021.00",4.19,Miami,Mandarin,371,9059,9,Outdoor Adventurers,07/11/2021,Loss
677,6,2.340311001,0.037686627,Organic,0.225583215,2,1,Innovate Industries,Influencer,Women 25-34,15 days,Email,0.05,"$10,549.00",5.73,New York,Spanish,106,7954,9,Tech Enthusiasts,08/11/2021,Profit
678,6,1.47230977,0.412960137,Direct,0.670125272,2,0.562878357,Innovate Industries,Social Media,Men 18-24,30 days,Email,0.02,"$6,813.00",3.63,Chicago,Mandarin,612,2006,6,Outdoor Adventurers,09/11/2021,Loss
679,4,0.319672003,0.675431309,Organic,2.458751806,2,1,TechCorp,Influencer,All Ages,30 days,Email,0.14,"$12,425.00",4.22,Los Angeles,Mandarin,782,6136,9,Health & Wellness,10/11/2021,Loss
680,9,4.857258809,0.293536966,Organic,0.566132477,3,1,NexGen Systems,Email,Women 25-34,30 days,Email,0.14,"$17,496.00",2.06,Chicago,Spanish,532,7955,10,Outdoor Adventurers,11/11/2021,Loss
681,6,7.398022654,0.393245576,Referral,1.758211481,2,1,NexGen Systems,Influencer,Women 25-34,30 days,Website,0.11,"$8,735.00",3.27,Miami,Mandarin,971,7554,5,Fashionistas,12/11/2021,Loss
682,5,4.239072531,0.179487636,Social,6.936113614,2,1,Innovate Industries,Social Media,Men 18-24,60 days,Facebook,0.07,"$8,857.00",5.67,Houston,Mandarin,311,8472,2,Tech Enthusiasts,13/11/2021,Profit
683,5,5.185041227,0.247643261,Organic,9.170584491,4,1,TechCorp,Social Media,Men 18-24,15 days,Google Ads,0.03,"$12,375.00",7.25,Miami,Mandarin,444,7130,9,Tech Enthusiasts,14/11/2021,Profit
684,4,0.731916534,0.186412969,Referral,0.787049884,2,1,NexGen Systems,Influencer,All Ages,45 days,Facebook,0.04,"$15,892.00",7.18,Los Angeles,Mandarin,729,3777,5,Tech Enthusiasts,15/11/2021,Profit
685,10,0.917835296,0.624656973,Social,2.980979881,1,1,NexGen Systems,Search,Women 25-34,60 days,Google Ads,0.02,"$8,066.00",6.61,Houston,Spanish,409,1883,3,Fashionistas,16/11/2021,Profit
686,6,0.701580586,0.337603563,Social,2.608252824,3,1,NexGen Systems,Display,Women 35-44,60 days,YouTube,0.1,"$11,101.00",4.88,New York,English,183,3224,6,Fashionistas,17/11/2021,Loss
687,2,4.345319166,0.028792968,Organic,5.790953605,1,1,DataTech Solutions,Social Media,Men 18-24,15 days,Google Ads,0.11,"$11,263.00",2.92,New York,Mandarin,932,5532,6,Tech Enthusiasts,18/11/2021,Loss
688,4,8.864754584,0.218521117,Social,2.014743292,2,1,NexGen Systems,Social Media,Women 35-44,15 days,Google Ads,0.13,"$17,126.00",5.83,Houston,Mandarin,549,6614,8,Foodies,19/11/2021,Profit
689,3,3.785199917,0.247622446,Social,5.702744842,1,1,DataTech Solutions,Social Media,Men 18-24,30 days,Google Ads,0.1,"$19,313.00",7.21,Los Angeles,French,280,6300,3,Foodies,20/11/2021,Profit
690,2,6.397685678,0.344513781,Referral,9.246031304,2,1,NexGen Systems,Search,Women 35-44,30 days,Email,0.07,"$14,499.00",5.59,Los Angeles,German,264,8994,6,Outdoor Adventurers,21/11/2021,Profit
691,5,3.054132407,0.267690645,Social,13.68943989,1,1,NexGen Systems,Search,Men 18-24,60 days,Instagram,0.14,"$12,109.00",4.46,Chicago,German,864,3535,6,Outdoor Adventurers,22/11/2021,Loss
692,6,1.471402298,0.24133426,Direct,0.474316042,3,1,TechCorp,Influencer,Men 25-34,45 days,Website,0.05,"$12,915.00",4.5,Miami,Mandarin,892,9877,9,Foodies,23/11/2021,Loss
693,5,1.664131992,0.33244561,Paid,3.912895492,2,1,NexGen Systems,Social Media,Men 18-24,45 days,Facebook,0.03,"$10,972.00",2.2,Miami,English,173,6960,2,Outdoor Adventurers,24/11/2021,Loss
694,10,0.234927288,0.349158024,Organic,3.507485288,2,0.884806882,TechCorp,Display,Men 18-24,60 days,Google Ads,0.04,"$17,146.00",4.22,Chicago,English,763,7841,5,Fashionistas,25/11/2021,Loss
695,5,0.0958878,0.343395616,Paid,6.925161644,2,1,Innovate Industries,Display,Women 25-34,15 days,YouTube,0.11,"$16,826.00",5.39,Los Angeles,English,984,1672,10,Foodies,26/11/2021,Profit
696,5,3.567012232,0.335968368,Organic,7.86257709,1,1,Innovate Industries,Email,All Ages,30 days,Instagram,0.02,"$19,876.00",2.41,Chicago,Mandarin,866,3988,5,Health & Wellness,27/11/2021,Loss
697,4,1.73105062,0.095194403,Organic,3.316048891,3,1,DataTech Solutions,Social Media,Women 25-34,30 days,Google Ads,0.11,"$10,029.00",7.96,New York,English,301,8024,5,Foodies,28/11/2021,Profit
698,4,2.410326673,0.40637359,Paid,9.927656398,2,1,DataTech Solutions,Influencer,Men 25-34,30 days,Instagram,0.14,"$11,064.00",3.24,Los Angeles,French,661,2351,10,Tech Enthusiasts,29/11/2021,Loss
699,3,2.447037847,0.247211303,Organic,2.967770557,2,1,Innovate Industries,Display,Men 18-24,15 days,Google Ads,0.15,"$6,504.00",6.7,Houston,English,123,9300,6,Tech Enthusiasts,30/11/2021,Profit
700,6,0.974597967,0.356865827,Referral,1.57368289,2,1,Alpha Innovations,Influencer,Men 18-24,60 days,YouTube,0.06,"$19,844.00",5.01,Los Angeles,Mandarin,693,1242,4,Foodies,01/12/2021,Profit
701,4,1.938175451,0.265851233,Social,5.735960729,0,1,Alpha Innovations,Influencer,All Ages,45 days,YouTube,0.04,"$12,443.00",3.05,New York,English,186,1782,6,Foodies,02/12/2021,Loss
702,2,1.908941048,0.325251855,Paid,1.157766066,2,1,NexGen Systems,Display,Women 35-44,30 days,Instagram,0.12,"$5,864.00",3.85,Chicago,Spanish,201,5840,8,Tech Enthusiasts,03/12/2021,Loss
703,9,1.475163942,0.393257032,Direct,5.517503514,3,1,Alpha Innovations,Social Media,All Ages,60 days,YouTube,0.01,"$14,556.00",4.97,Los Angeles,Mandarin,993,2146,8,Health & Wellness,04/12/2021,Loss
704,5,5.155672845,0.090979334,Organic,5.696601767,2,1,TechCorp,Social Media,Men 25-34,15 days,Google Ads,0.12,"$15,732.00",5.85,New York,German,591,4368,8,Outdoor Adventurers,05/12/2021,Profit
705,9,1.799866841,0.188928425,Social,6.916473761,4,1,TechCorp,Influencer,Men 25-34,30 days,Google Ads,0.1,"$7,257.00",4.42,Houston,Spanish,211,8406,10,Health & Wellness,06/12/2021,Loss
706,5,2.776331415,0.164286315,Social,2.973164095,2,1,TechCorp,Display,All Ages,60 days,Email,0.01,"$8,413.00",4.52,New York,Mandarin,618,8242,7,Health & Wellness,07/12/2021,Loss
707,5,6.776282297,0.051200119,Organic,6.479966111,2,1,Alpha Innovations,Email,Men 25-34,15 days,Instagram,0.13,"$15,437.00",5.3,New York,German,507,7161,10,Foodies,08/12/2021,Profit
708,1,6.034981364,0.319541662,Organic,0.38390755,4,1,Innovate Industries,Social Media,Women 35-44,15 days,YouTube,0.06,"$18,666.00",4.57,New York,English,945,7815,6,Health & Wellness,09/12/2021,Loss
709,5,6.633361543,0.083293612,Organic,4.716308439,1,1,Innovate Industries,Display,Men 25-34,15 days,Website,0.12,"$7,595.00",6.41,Miami,Spanish,369,2900,8,Tech Enthusiasts,10/12/2021,Profit
710,8,0.944152768,0.57947604,Social,3.824982869,2,1,TechCorp,Email,Men 25-34,30 days,YouTube,0.11,"$6,113.00",7.76,Chicago,English,652,6740,4,Foodies,11/12/2021,Profit
711,6,0.106827093,0.620899664,Social,7.575048449,1,1,DataTech Solutions,Email,Women 35-44,15 days,YouTube,0.12,"$11,708.00",2.19,Los Angeles,French,574,8846,7,Foodies,12/12/2021,Loss
712,2,0.907643263,0.112529264,Organic,13.61465526,2,1,DataTech Solutions,Display,Men 18-24,60 days,Instagram,0.14,"$14,993.00",7.12,Los Angeles,Spanish,858,3587,7,Foodies,13/12/2021,Profit
713,5,0.98013097,0.295527094,Paid,10.78251722,3,1,NexGen Systems,Influencer,Men 18-24,60 days,Email,0.09,"$8,801.00",7.14,Los Angeles,Mandarin,131,1992,7,Health & Wellness,14/12/2021,Profit
714,5,7.202589801,0.336163272,Organic,0.817514166,2,1,DataTech Solutions,Influencer,Men 18-24,15 days,Email,0.15,"$17,067.00",3.37,New York,English,629,2321,5,Tech Enthusiasts,15/12/2021,Loss
715,4,3.142982524,0.334977718,Paid,3.530392639,2,1,Alpha Innovations,Display,Men 18-24,15 days,Facebook,0.13,"$7,268.00",5.73,New York,English,856,7009,1,Outdoor Adventurers,16/12/2021,Profit
716,6,0.255706369,0.330713766,Direct,2.121120393,2,1,Innovate Industries,Display,Men 18-24,15 days,Email,0.04,"$6,091.00",3.53,Los Angeles,French,940,1128,4,Outdoor Adventurers,17/12/2021,Loss
717,5,0.436390653,0.60326461,Organic,1.428473711,2,0.799695709,TechCorp,Search,All Ages,45 days,YouTube,0.06,"$5,960.00",7.78,Houston,German,400,9553,7,Tech Enthusiasts,18/12/2021,Profit
718,6,0.507657361,0.343151558,Direct,4.634242626,2,1,DataTech Solutions,Influencer,Women 25-34,30 days,Instagram,0.13,"$7,382.00",2.28,Houston,German,678,6349,7,Tech Enthusiasts,19/12/2021,Loss
719,5,2.98617835,0.169097685,Social,1.841314495,0,1,NexGen Systems,Social Media,Men 25-34,30 days,Instagram,0.14,"$7,184.00",2.42,Chicago,French,525,7470,8,Fashionistas,20/12/2021,Loss
720,4,3.988767105,0.333913789,Direct,4.03998825,4,1,NexGen Systems,Influencer,Women 35-44,30 days,YouTube,0.14,"$15,462.00",4.38,Houston,German,722,9428,1,Outdoor Adventurers,21/12/2021,Loss
721,7,5.890717769,0.255854601,Organic,2.684361654,0,1,DataTech Solutions,Search,Men 25-34,45 days,Google Ads,0.03,"$19,773.00",4.28,Miami,English,243,6215,3,Fashionistas,22/12/2021,Loss
722,5,8.472229726,0.110411827,Organic,4.705387302,2,1,Innovate Industries,Display,Men 25-34,15 days,Website,0.13,"$11,738.00",5.92,Los Angeles,German,628,7525,9,Tech Enthusiasts,23/12/2021,Profit
723,7,0.675829564,0.109807925,Organic,2.084484108,1,0.985842256,DataTech Solutions,Influencer,Women 35-44,30 days,Email,0.1,"$13,594.00",6.62,Los Angeles,French,300,7244,6,Outdoor Adventurers,24/12/2021,Profit
724,6,1.11220201,0.252441044,Referral,6.742278267,0,1,TechCorp,Social Media,Men 18-24,45 days,Facebook,0.04,"$11,047.00",5.65,Houston,French,427,6252,7,Foodies,25/12/2021,Profit
725,4,0.824585337,0.409260398,Referral,2.853615687,1,1,TechCorp,Social Media,All Ages,60 days,Facebook,0.03,"$7,319.00",6.04,Houston,French,269,3575,2,Health & Wellness,26/12/2021,Profit
726,8,1.333061765,0.263678431,Organic,1.813395949,3,1,Alpha Innovations,Display,Women 25-34,45 days,Website,0.05,"$19,697.00",3.25,Los Angeles,French,398,5910,7,Health & Wellness,27/12/2021,Loss
727,4,7.383515553,0.53115808,Social,3.248230484,1,1,Innovate Industries,Email,Men 18-24,30 days,Instagram,0.05,"$10,227.00",4.06,Chicago,Spanish,477,9097,1,Outdoor Adventurers,28/12/2021,Loss
728,3,2.567793026,0.451491628,Organic,5.111094379,1,1,Alpha Innovations,Search,Women 25-34,45 days,Email,0.06,"$5,376.00",4.8,Miami,English,351,3864,7,Outdoor Adventurers,29/12/2021,Loss
729,5,4.020430428,0.302435962,Organic,2.032039463,4,1,TechCorp,Display,Men 18-24,15 days,Instagram,0.13,"$18,790.00",3.51,Houston,French,504,4228,1,Health & Wellness,30/12/2021,Loss
730,10,2.020735131,0.45616602,Paid,3.418235,1,1,NexGen Systems,Search,All Ages,45 days,Google Ads,0.14,"$11,628.00",6.56,Chicago,Mandarin,868,3838,9,Health & Wellness,31/12/2021,Profit
731,6,0.087847473,0.337951805,Organic,3.085623562,3,1,NexGen Systems,Email,Women 25-34,15 days,Google Ads,0.06,"$18,335.00",3.53,Los Angeles,German,448,9779,3,Tech Enthusiasts,01/01/2021,Loss
732,4,0.199046031,0.391168496,Organic,1.410347465,3,1,NexGen Systems,Influencer,Men 18-24,15 days,Facebook,0.12,"$14,594.00",6.78,Los Angeles,French,381,3706,7,Foodies,02/01/2021,Profit
733,3,2.316071408,0.017976743,Organic,6.540207333,3,1,NexGen Systems,Influencer,Women 25-34,60 days,Website,0.08,"$15,973.00",6.81,Chicago,English,556,2878,1,Outdoor Adventurers,03/01/2021,Profit
734,3,3.805950377,0.125009974,Social,7.754137658,3,1,TechCorp,Social Media,Women 35-44,15 days,Instagram,0.1,"$15,101.00",2.91,Los Angeles,English,497,4385,3,Health & Wellness,04/01/2021,Loss
735,5,0.727478112,0.344800151,Social,5.104160427,1,1,NexGen Systems,Email,Men 25-34,30 days,Website,0.08,"$10,122.00",6.02,Miami,French,418,3665,1,Fashionistas,05/01/2021,Profit
736,2,3.839426834,0.171431124,Paid,8.802778389,1,1,DataTech Solutions,Display,Women 25-34,60 days,Website,0.15,"$7,802.00",4.18,New York,French,621,7180,1,Foodies,06/01/2021,Loss
737,6,4.992724294,0.28272689,Referral,2.486164336,0,1,Alpha Innovations,Influencer,Women 35-44,45 days,Facebook,0.04,"$13,662.00",4.87,Miami,English,705,4721,10,Foodies,07/01/2021,Loss
738,2,1.592561969,0.348430237,Paid,2.660900463,1,1,NexGen Systems,Search,Men 18-24,60 days,Instagram,0.12,"$19,207.00",4.88,Houston,English,284,6664,8,Fashionistas,08/01/2021,Loss
739,5,4.116218696,0.426873042,Organic,5.001045592,1,1,Alpha Innovations,Influencer,Men 25-34,15 days,Email,0.04,"$9,328.00",5.67,Houston,Mandarin,241,1268,1,Foodies,09/01/2021,Profit
740,2,1.552694596,0.019799488,Referral,1.844890192,1,1,Alpha Innovations,Email,Men 25-34,15 days,Facebook,0.13,"$9,558.00",5.06,New York,Mandarin,360,4728,8,Fashionistas,10/01/2021,Profit
741,6,3.402879714,0.472950623,Referral,0.600382054,4,1,DataTech Solutions,Display,Men 18-24,30 days,Instagram,0.12,"$10,631.00",5.28,Houston,French,293,9534,10,Fashionistas,11/01/2021,Profit
742,3,4.331732913,0.2978066,Referral,7.516459464,0,1,Alpha Innovations,Email,Men 18-24,15 days,Google Ads,0.04,"$19,902.00",7.65,Chicago,German,464,9991,3,Outdoor Adventurers,12/01/2021,Profit
743,5,14.45754852,0.139911845,Referral,1.992582077,2,1,TechCorp,Search,All Ages,60 days,Facebook,0.06,"$7,086.00",6.02,Los Angeles,French,624,5869,9,Health & Wellness,13/01/2021,Profit
744,2,1.271177453,0.260668194,Referral,7.347503766,6,1,DataTech Solutions,Social Media,Women 35-44,60 days,Website,0.11,"$11,332.00",2.34,Chicago,Mandarin,968,9725,5,Fashionistas,14/01/2021,Loss
745,6,1.588195004,0.414656129,Organic,5.570132213,3,1,Alpha Innovations,Influencer,Men 25-34,30 days,Instagram,0.09,"$15,817.00",2.5,New York,Mandarin,617,5480,6,Foodies,15/01/2021,Loss
746,6,0.543199248,0.119070213,Social,4.969958642,0,0.98774666,TechCorp,Influencer,Men 25-34,60 days,Instagram,0.06,"$17,001.00",7.95,Miami,Spanish,377,1655,6,Tech Enthusiasts,16/01/2021,Profit
747,7,0.684743638,0.450683956,Organic,6.24121016,2,1,Innovate Industries,Influencer,Women 25-34,45 days,Facebook,0.05,"$13,659.00",4.55,Houston,French,328,6789,7,Outdoor Adventurers,17/01/2021,Loss
748,6,3.54658504,0.518347759,Social,2.394115272,2,1,Alpha Innovations,Influencer,Men 18-24,60 days,YouTube,0.13,"$18,557.00",6.85,Houston,French,194,9701,5,Tech Enthusiasts,18/01/2021,Profit
749,6,7.468392303,0.252761828,Organic,7.38967523,2,1,TechCorp,Display,Women 25-34,15 days,YouTube,0.05,"$5,875.00",5.01,Miami,German,776,9382,8,Fashionistas,19/01/2021,Profit
750,4,1.505622185,0.126211565,Organic,9.965892335,3,1,DataTech Solutions,Display,Men 18-24,45 days,Google Ads,0.15,"$10,556.00",3.51,Chicago,English,761,2186,7,Health & Wellness,20/01/2021,Loss
751,4,0.594783773,0.176153067,Referral,7.295669483,0,1,Innovate Industries,Search,All Ages,60 days,Instagram,0.09,"$11,526.00",6.19,Los Angeles,French,289,5038,7,Fashionistas,21/01/2021,Profit
752,7,1.006835718,0.325951288,Organic,1.464921589,5,1,Alpha Innovations,Display,Men 18-24,45 days,YouTube,0.05,"$13,264.00",5.73,Chicago,French,364,4288,3,Tech Enthusiasts,22/01/2021,Profit
753,5,1.82119308,0.275452224,Social,4.260066703,5,1,TechCorp,Influencer,Women 35-44,45 days,Facebook,0.02,"$18,963.00",6.72,Miami,French,452,6828,7,Tech Enthusiasts,23/01/2021,Profit
754,5,1.030220057,0.345600879,Paid,1.130111228,0,0.720768061,NexGen Systems,Social Media,Men 18-24,60 days,Email,0.05,"$12,159.00",5.39,Miami,French,344,7327,5,Tech Enthusiasts,24/01/2021,Profit
755,8,0.798071281,0.340203278,Referral,5.644779151,2,1,TechCorp,Influencer,Women 35-44,60 days,Email,0.09,"$15,039.00",3.66,New York,Spanish,679,6655,3,Tech Enthusiasts,25/01/2021,Loss
756,4,3.995242269,0.313481109,Organic,2.70520584,1,1,Alpha Innovations,Social Media,Women 35-44,45 days,YouTube,0.04,"$7,113.00",4.29,Los Angeles,Spanish,268,4346,4,Foodies,26/01/2021,Loss
757,2,0.023627564,0.379432403,Organic,0.602693928,5,0.702785434,DataTech Solutions,Display,Women 25-34,60 days,Email,0.12,"$13,504.00",2.01,New York,German,561,4474,7,Health & Wellness,27/01/2021,Loss
758,3,2.324572261,0.180148532,Organic,2.478843579,5,1,DataTech Solutions,Influencer,Women 35-44,15 days,YouTube,0.03,"$5,475.00",5.65,Chicago,German,265,7782,3,Health & Wellness,28/01/2021,Profit
759,4,4.736243237,0.598354833,Referral,3.603001744,3,1,Innovate Industries,Email,All Ages,45 days,Website,0.04,"$12,252.00",7.84,Chicago,French,816,4036,10,Outdoor Adventurers,29/01/2021,Profit
760,6,0.928671947,0.259386976,Referral,1.935114155,4,1,Innovate Industries,Display,Women 35-44,15 days,Email,0.14,"$5,708.00",6.73,Chicago,French,606,1545,10,Outdoor Adventurers,30/01/2021,Profit
761,9,2.773660655,0.496403221,Paid,7.460322506,1,1,Alpha Innovations,Email,Women 35-44,30 days,YouTube,0.12,"$11,148.00",3.2,Houston,French,602,1014,1,Foodies,31/01/2021,Loss
762,3,3.31600546,0.366931593,Direct,2.159173792,0,1,Innovate Industries,Display,All Ages,30 days,Google Ads,0.07,"$13,061.00",2.54,New York,French,452,3613,9,Foodies,01/02/2021,Loss
763,5,3.192847345,0.193603777,Referral,1.868697966,3,1,DataTech Solutions,Search,All Ages,45 days,YouTube,0.12,"$10,573.00",2.78,Miami,French,217,3794,8,Fashionistas,02/02/2021,Loss
764,3,1.770957632,0.321365075,Direct,0.531464657,4,1,Innovate Industries,Influencer,All Ages,15 days,Instagram,0.06,"$9,575.00",3.52,Miami,English,162,4208,2,Outdoor Adventurers,03/02/2021,Loss
765,2,1.276596275,0.300501816,Organic,6.371559823,1,1,NexGen Systems,Influencer,Men 25-34,45 days,Email,0.09,"$8,008.00",5.33,Miami,German,623,3711,8,Foodies,04/02/2021,Profit
766,4,5.422277967,0.263835058,Organic,3.890281483,2,1,DataTech Solutions,Email,All Ages,60 days,Facebook,0.03,"$16,287.00",6.86,Miami,English,372,9861,8,Fashionistas,05/02/2021,Profit
767,9,4.261986151,0.572960721,Organic,6.933823217,3,1,DataTech Solutions,Display,Men 18-24,30 days,Google Ads,0.13,"$11,570.00",5.99,Chicago,Mandarin,502,2301,7,Health & Wellness,06/02/2021,Profit
768,4,1.162530089,0.187329145,Organic,4.04899829,0,1,Innovate Industries,Influencer,All Ages,15 days,YouTube,0.03,"$8,166.00",4.48,Miami,English,300,9023,3,Tech Enthusiasts,07/02/2021,Loss
769,5,0.326162447,0.424285495,Paid,8.666665972,1,1,Innovate Industries,Influencer,Men 25-34,45 days,Email,0.06,"$13,683.00",4.27,New York,French,434,4834,1,Outdoor Adventurers,08/02/2021,Loss
770,8,0.223548544,0.410334999,Paid,5.410699554,1,1,NexGen Systems,Influencer,Men 18-24,30 days,YouTube,0.09,"$15,917.00",7.26,Houston,Spanish,502,1773,2,Foodies,09/02/2021,Profit
771,8,0.297061892,0.27148165,Paid,4.971894324,1,1,NexGen Systems,Search,Women 35-44,15 days,YouTube,0.08,"$8,459.00",3.25,New York,French,332,7047,2,Tech Enthusiasts,10/02/2021,Loss
772,5,2.623067471,0.079999061,Referral,3.530154628,3,1,Alpha Innovations,Email,Women 35-44,45 days,Instagram,0.06,"$16,990.00",7.18,Miami,Spanish,802,9908,5,Outdoor Adventurers,11/02/2021,Profit
773,3,0.159133457,0.383777966,Direct,0.44735529,4,1,Alpha Innovations,Social Media,All Ages,45 days,YouTube,0.1,"$19,156.00",5.65,Houston,English,236,3195,3,Foodies,12/02/2021,Profit
774,9,1.232610002,0.219805855,Social,2.05567889,2,1,NexGen Systems,Influencer,Women 25-34,15 days,YouTube,0.11,"$5,478.00",4.12,Miami,German,826,5368,6,Health & Wellness,13/02/2021,Loss
775,2,4.197527337,0.099227301,Organic,1.699841191,1,1,Alpha Innovations,Display,Women 35-44,60 days,YouTube,0.11,"$14,132.00",5.76,Chicago,German,146,2864,7,Health & Wellness,14/02/2021,Profit
776,8,1.045899951,0.334741924,Organic,3.471933997,4,1,DataTech Solutions,Search,Women 35-44,15 days,Instagram,0.1,"$5,217.00",6.34,Houston,French,398,7812,6,Foodies,15/02/2021,Profit
777,7,4.322987662,0.098664056,Organic,2.438211664,5,1,NexGen Systems,Social Media,All Ages,30 days,Website,0.11,"$11,990.00",2.63,Miami,German,382,5589,2,Foodies,16/02/2021,Loss
778,6,4.104974806,0.333670862,Organic,6.782206626,2,1,TechCorp,Social Media,Women 35-44,45 days,Instagram,0.04,"$5,156.00",3.19,Los Angeles,Mandarin,492,7687,4,Tech Enthusiasts,17/02/2021,Loss
779,9,0.846401011,0.408710051,Paid,6.241495328,1,1,DataTech Solutions,Email,Women 35-44,15 days,Website,0.05,"$14,399.00",3.59,Chicago,Spanish,619,8791,1,Foodies,18/02/2021,Loss
780,3,3.914941534,0.214574757,Paid,2.86749538,2,1,Innovate Industries,Display,Women 35-44,60 days,YouTube,0.06,"$6,232.00",3.09,Miami,English,660,5207,4,Health & Wellness,19/02/2021,Loss
781,6,4.132320684,0.521306515,Organic,3.89030056,1,1,NexGen Systems,Display,Women 25-34,15 days,YouTube,0.02,"$6,782.00",7.29,Houston,French,268,5821,3,Health & Wellness,20/02/2021,Profit
782,7,1.519773434,0.228091474,Referral,1.962339229,1,1,Alpha Innovations,Display,All Ages,15 days,Email,0.08,"$5,587.00",7.87,New York,Spanish,891,4082,7,Outdoor Adventurers,21/02/2021,Profit
783,7,0.708764199,0.640605795,Referral,5.442528618,0,1,Innovate Industries,Display,Women 25-34,60 days,YouTube,0.14,"$19,025.00",6.36,Miami,Mandarin,599,1174,7,Health & Wellness,22/02/2021,Profit
784,5,2.209860601,0.184004528,Organic,5.020236739,2,1,DataTech Solutions,Search,Women 25-34,30 days,Instagram,0.02,"$18,273.00",7.36,New York,English,630,8961,6,Tech Enthusiasts,23/02/2021,Profit
785,5,7.630058679,0.465734538,Organic,10.43653859,2,1,Alpha Innovations,Influencer,Women 35-44,45 days,Google Ads,0.12,"$6,966.00",2.33,New York,English,942,9262,5,Fashionistas,24/02/2021,Loss
786,1,3.061761545,0.342926716,Social,3.354205346,1,1,Innovate Industries,Influencer,Men 25-34,30 days,YouTube,0.14,"$18,318.00",6.26,Los Angeles,German,266,9860,8,Tech Enthusiasts,25/02/2021,Profit
787,7,0.56957062,0.16718495,Paid,8.308488578,2,1,TechCorp,Display,All Ages,60 days,Email,0.05,"$10,627.00",5.76,Houston,Mandarin,663,4217,2,Outdoor Adventurers,26/02/2021,Profit
788,4,3.444261,0.256940436,Organic,1.281164724,2,1,Innovate Industries,Social Media,Men 18-24,60 days,Instagram,0.07,"$7,471.00",4.19,Miami,German,423,5776,3,Health & Wellness,27/02/2021,Loss
789,7,1.671671845,0.026442031,Organic,3.842829036,4,1,Innovate Industries,Search,Women 25-34,45 days,Email,0.07,"$5,973.00",6.88,Houston,German,287,8737,9,Health & Wellness,28/02/2021,Profit
790,5,2.686001588,0.201002798,Organic,2.812136867,2,1,DataTech Solutions,Search,Men 25-34,45 days,YouTube,0.05,"$13,069.00",4.31,Los Angeles,Mandarin,675,4947,7,Health & Wellness,01/03/2021,Loss
791,5,3.973499197,0.282543435,Organic,4.080773263,6,1,Alpha Innovations,Social Media,Women 25-34,30 days,Website,0.1,"$17,626.00",7.38,Miami,English,302,6973,2,Health & Wellness,02/03/2021,Profit
792,3,2.170493521,0.192655962,Social,4.541662677,2,1,NexGen Systems,Email,Men 18-24,30 days,Google Ads,0.14,"$14,320.00",7.82,Houston,Spanish,129,2025,10,Health & Wellness,03/03/2021,Profit
793,5,5.045767352,0.091769111,Organic,0.933465059,0,0.910657201,NexGen Systems,Social Media,All Ages,15 days,Facebook,0.06,"$13,065.00",5.69,Houston,Mandarin,978,1617,5,Outdoor Adventurers,04/03/2021,Profit
794,5,3.842081879,0.297066887,Organic,6.793931683,1,1,Innovate Industries,Display,All Ages,60 days,Website,0.12,"$8,877.00",2.96,Chicago,Mandarin,389,3772,8,Foodies,05/03/2021,Loss
795,4,2.864107369,0.189142524,Organic,6.787871828,3,1,Alpha Innovations,Search,All Ages,60 days,Facebook,0.13,"$10,485.00",5.43,Houston,Mandarin,826,2286,6,Foodies,06/03/2021,Profit
796,3,0.490356268,0.29645337,Social,3.089149796,0,1,NexGen Systems,Display,All Ages,30 days,Facebook,0.13,"$8,079.00",6.95,Miami,Spanish,912,5938,7,Tech Enthusiasts,07/03/2021,Profit
797,3,5.4227358,0.286869761,Organic,3.217205729,0,1,DataTech Solutions,Influencer,Women 35-44,30 days,Website,0.12,"$10,897.00",4.15,Houston,French,717,7714,8,Health & Wellness,08/03/2021,Loss
798,5,8.24219416,0.631107278,Organic,4.532645125,2,1,DataTech Solutions,Email,Women 35-44,45 days,Website,0.1,"$15,050.00",2.64,Los Angeles,Spanish,760,3875,1,Fashionistas,09/03/2021,Loss
799,10,0.441900528,0.705635399,Paid,6.579452445,1,1,DataTech Solutions,Social Media,Women 25-34,60 days,Google Ads,0.06,"$15,805.00",4.41,Houston,Spanish,991,2560,8,Tech Enthusiasts,10/03/2021,Loss
800,2,2.009705162,0.471661893,Paid,4.451741074,2,1,TechCorp,Display,All Ages,30 days,YouTube,0.09,"$10,188.00",3.12,New York,Mandarin,424,5019,4,Health & Wellness,11/03/2021,Loss
801,5,0.898813558,0.475716253,Organic,6.165049455,3,1,DataTech Solutions,Search,Women 25-34,15 days,YouTube,0.03,"$5,525.00",4.49,New York,Spanish,721,5015,4,Foodies,12/03/2021,Loss
802,3,4.213659825,0.431743485,Organic,1.75726484,2,1,TechCorp,Influencer,Men 18-24,15 days,Facebook,0.13,"$7,717.00",3.45,Miami,Spanish,818,1522,8,Health & Wellness,13/03/2021,Loss
803,4,3.836408422,0.478032567,Social,8.524902479,0,1,TechCorp,Display,Women 35-44,30 days,Instagram,0.06,"$12,548.00",7.65,New York,English,505,6839,1,Fashionistas,14/03/2021,Profit
804,6,0.455557889,0.618646353,Direct,2.425418992,2,1,NexGen Systems,Display,Women 25-34,45 days,Instagram,0.07,"$15,640.00",5.01,Houston,French,525,6399,7,Outdoor Adventurers,15/03/2021,Profit
805,3,6.287377997,0.092606715,Organic,5.05502632,2,1,TechCorp,Social Media,Women 35-44,60 days,YouTube,0.04,"$10,245.00",7.82,Chicago,Spanish,252,9223,2,Tech Enthusiasts,16/03/2021,Profit
806,4,0.59891492,0.256741366,Organic,3.550120926,1,0.978562354,TechCorp,Display,Women 25-34,45 days,Google Ads,0.13,"$10,458.00",2.62,Houston,English,205,8675,7,Outdoor Adventurers,17/03/2021,Loss
807,4,4.787478309,0.333312467,Organic,3.920297832,0,1,DataTech Solutions,Email,Men 18-24,15 days,Website,0.05,"$17,431.00",4.14,Houston,German,719,2490,5,Tech Enthusiasts,18/03/2021,Loss
808,5,1.831829369,0.628110227,Social,3.671376656,1,1,Alpha Innovations,Search,All Ages,15 days,Instagram,0.06,"$18,644.00",5.54,Chicago,English,302,9918,7,Outdoor Adventurers,19/03/2021,Profit
809,8,1.193706658,0.267842702,Paid,2.999590101,1,1,NexGen Systems,Search,Women 25-34,15 days,Instagram,0.01,"$11,587.00",4.27,New York,Spanish,340,9548,9,Tech Enthusiasts,20/03/2021,Loss
810,5,0.516778395,0.079727782,Social,8.967515643,0,1,TechCorp,Influencer,Men 25-34,60 days,Facebook,0.05,"$13,552.00",7.52,Chicago,Mandarin,141,5741,4,Health & Wellness,21/03/2021,Profit
811,6,0.550377934,0.403704567,Referral,1.56167817,1,1,Alpha Innovations,Email,Men 25-34,15 days,Email,0.08,"$10,807.00",4.55,Los Angeles,German,556,9389,8,Tech Enthusiasts,22/03/2021,Loss
812,3,3.2531569,0.027417203,Direct,2.7670995,4,1,DataTech Solutions,Search,Women 35-44,15 days,Website,0.04,"$16,282.00",4.95,Miami,English,166,8707,6,Fashionistas,23/03/2021,Loss
813,4,2.398393715,0.085261951,Social,6.91278119,4,1,DataTech Solutions,Email,All Ages,45 days,Website,0.01,"$9,713.00",3.34,New York,English,192,3133,1,Tech Enthusiasts,24/03/2021,Loss
814,5,0.390617944,0.515838062,Social,6.87437441,2,1,Alpha Innovations,Email,Men 25-34,60 days,Facebook,0.02,"$13,065.00",2.79,Los Angeles,English,651,4440,7,Foodies,25/03/2021,Loss
815,6,0.358709171,0.207304517,Paid,4.210922156,5,1,DataTech Solutions,Search,All Ages,60 days,Email,0.09,"$19,999.00",2.65,Los Angeles,Mandarin,718,8349,3,Foodies,26/03/2021,Loss
816,7,0.22517482,0.194480042,Organic,1.796633145,1,0.954624504,Innovate Industries,Search,Men 25-34,15 days,Facebook,0.12,"$9,660.00",7.54,Miami,English,788,3668,10,Outdoor Adventurers,27/03/2021,Profit
817,5,4.085008344,0.38525511,Paid,4.202028417,3,1,Innovate Industries,Social Media,Women 25-34,30 days,Website,0.07,"$9,700.00",6.06,Los Angeles,English,450,9965,1,Health & Wellness,28/03/2021,Profit
818,2,3.733156369,0.210970935,Paid,1.841668395,3,1,TechCorp,Influencer,Men 25-34,45 days,Instagram,0.14,"$15,827.00",7.6,Los Angeles,French,900,1021,6,Foodies,29/03/2021,Profit
819,6,0.18062291,0.400155152,Referral,1.377693794,3,1,Alpha Innovations,Social Media,All Ages,45 days,YouTube,0.11,"$13,237.00",6.06,Houston,Mandarin,282,3918,5,Health & Wellness,30/03/2021,Profit
820,4,2.464783646,0.375500462,Organic,3.836196361,1,1,Innovate Industries,Search,Men 18-24,30 days,Instagram,0.09,"$15,538.00",7.74,Los Angeles,English,677,5175,5,Health & Wellness,31/03/2021,Profit
821,2,0.265432043,0.283159102,Referral,0.796357859,0,0.654653077,Alpha Innovations,Influencer,Women 35-44,30 days,Email,0.14,"$9,437.00",4.75,Los Angeles,German,268,8855,1,Fashionistas,01/04/2021,Loss
822,4,7.022287095,0.260663921,Paid,8.220105932,3,1,NexGen Systems,Display,Men 25-34,30 days,Google Ads,0.12,"$14,540.00",2.36,Houston,German,738,8562,2,Health & Wellness,02/04/2021,Loss
823,2,7.129257466,0.373090538,Referral,2.148944178,2,1,TechCorp,Influencer,Men 18-24,30 days,Facebook,0.08,"$13,142.00",2.79,Los Angeles,Spanish,768,3518,6,Foodies,03/04/2021,Loss
824,3,3.594300146,0.117814606,Organic,3.00687182,2,1,Alpha Innovations,Social Media,Women 35-44,15 days,Google Ads,0.14,"$9,497.00",4.26,Miami,French,492,1074,9,Tech Enthusiasts,04/04/2021,Loss
825,4,7.818739328,0.272193398,Paid,2.073955907,2,1,TechCorp,Influencer,All Ages,45 days,Website,0.08,"$7,355.00",5.06,Miami,French,432,9726,7,Fashionistas,05/04/2021,Profit
826,7,5.005224383,0.121313665,Organic,1.262660355,3,1,TechCorp,Social Media,Men 25-34,45 days,Google Ads,0.07,"$10,174.00",7.67,Los Angeles,German,901,2192,5,Outdoor Adventurers,06/04/2021,Profit
827,5,5.290190911,0.319155689,Social,0.190798473,0,1,Innovate Industries,Influencer,All Ages,45 days,Google Ads,0.12,"$9,860.00",4.67,Los Angeles,Spanish,259,9252,4,Health & Wellness,07/04/2021,Loss
828,5,2.529872651,0.161968035,Paid,1.553836821,2,1,TechCorp,Email,All Ages,45 days,Website,0.09,"$6,078.00",3.86,Miami,German,581,3091,7,Foodies,08/04/2021,Loss
829,7,1.096105866,0.366318824,Organic,8.503792481,2,1,Alpha Innovations,Influencer,Women 25-34,30 days,Email,0.12,"$17,577.00",7.7,Miami,English,326,7858,5,Foodies,09/04/2021,Profit
830,9,0.736931056,0.27422287,Organic,7.591828471,3,1,Alpha Innovations,Display,Women 35-44,30 days,YouTube,0.05,"$14,444.00",6.57,Chicago,German,490,1983,3,Outdoor Adventurers,10/04/2021,Profit
831,7,1.188921609,0.415024724,Referral,0.698398836,2,0.85586269,Alpha Innovations,Email,Women 25-34,30 days,Email,0.03,"$11,195.00",7.02,Chicago,Spanish,188,3931,10,Fashionistas,11/04/2021,Profit
832,6,2.970582341,0.089230768,Organic,8.213530972,3,1,NexGen Systems,Influencer,Men 18-24,30 days,Google Ads,0.08,"$11,898.00",3.24,Chicago,Mandarin,431,9379,2,Outdoor Adventurers,12/04/2021,Loss
833,6,0.56860607,0.61533604,Direct,4.082688253,0,1,Alpha Innovations,Search,Men 18-24,15 days,Instagram,0.08,"$7,071.00",7.7,Houston,German,633,8139,7,Tech Enthusiasts,13/04/2021,Profit
834,9,0.897807783,0.312452847,Paid,1.203954509,2,1,Innovate Industries,Influencer,Men 25-34,30 days,YouTube,0.03,"$13,411.00",7.44,Los Angeles,English,531,9941,5,Foodies,14/04/2021,Profit
835,2,1.8936786,0.142016526,Organic,5.414502455,3,1,NexGen Systems,Display,Men 25-34,60 days,Instagram,0.04,"$10,620.00",4.7,Houston,French,745,6527,4,Foodies,15/04/2021,Loss
836,3,0.796001392,0.205887482,Referral,3.181636304,3,1,DataTech Solutions,Email,Men 25-34,60 days,Email,0.03,"$6,633.00",6.05,Miami,German,876,2847,5,Fashionistas,16/04/2021,Profit
837,9,2.664886369,0.582373813,Organic,2.30930065,1,1,Alpha Innovations,Social Media,Men 25-34,60 days,Google Ads,0.15,"$16,501.00",5.58,Houston,German,294,2752,1,Foodies,17/04/2021,Profit
838,3,7.698715674,0.559903238,Social,2.46281022,2,1,Alpha Innovations,Display,Women 35-44,30 days,Google Ads,0.11,"$6,034.00",6.63,Miami,German,739,9752,6,Fashionistas,18/04/2021,Profit
839,8,4.136042641,0.452784925,Organic,5.27078863,1,1,Innovate Industries,Email,Men 18-24,15 days,Email,0.03,"$19,280.00",3.51,Miami,English,695,2349,3,Tech Enthusiasts,19/04/2021,Loss
840,5,3.293677171,0.093315764,Direct,5.743321678,2,1,Alpha Innovations,Social Media,Women 35-44,30 days,Website,0.12,"$8,545.00",2.02,Miami,French,183,1872,8,Foodies,20/04/2021,Loss
841,4,2.622004071,0.114286917,Referral,1.787608823,2,1,Innovate Industries,Influencer,Men 25-34,30 days,Email,0.06,"$12,901.00",5.44,New York,French,371,9404,1,Outdoor Adventurers,21/04/2021,Profit
842,9,2.007986758,0.137383337,Social,4.642438917,1,1,Alpha Innovations,Email,Women 25-34,15 days,Google Ads,0.03,"$5,594.00",2.96,Chicago,Mandarin,422,2749,2,Fashionistas,22/04/2021,Loss
843,2,0.619463566,0.332121828,Organic,4.319798431,0,1,Alpha Innovations,Influencer,Women 35-44,45 days,Facebook,0.1,"$17,730.00",2.46,Chicago,French,408,1024,5,Health & Wellness,23/04/2021,Loss
844,5,6.75312347,0.208949638,Organic,0.068515468,1,1,TechCorp,Search,Men 25-34,30 days,Instagram,0.03,"$9,168.00",2.89,Miami,Spanish,306,9997,10,Outdoor Adventurers,24/04/2021,Loss
845,10,0.857195933,0.201164375,Referral,5.988554334,3,1,Alpha Innovations,Email,Women 35-44,45 days,Email,0.09,"$14,492.00",6.68,Los Angeles,English,330,7555,9,Tech Enthusiasts,25/04/2021,Profit
846,5,0.287250126,0.3762792,Referral,1.823728578,2,1,Innovate Industries,Email,Men 25-34,15 days,Email,0.15,"$10,251.00",5.52,Chicago,Spanish,201,8342,6,Health & Wellness,26/04/2021,Profit
847,4,4.15906524,0.308509914,Organic,3.187003317,3,1,DataTech Solutions,Influencer,Women 25-34,45 days,Google Ads,0.07,"$6,043.00",2.8,Miami,French,241,8376,6,Tech Enthusiasts,27/04/2021,Loss
848,7,0.57935482,0.046695097,Organic,4.19306206,0,0.903537088,NexGen Systems,Search,Women 35-44,15 days,YouTube,0.01,"$5,765.00",2.7,Houston,Spanish,645,7700,8,Tech Enthusiasts,28/04/2021,Loss
849,3,1.395148561,0.088796552,Organic,5.889094003,3,1,Innovate Industries,Display,Women 35-44,60 days,Email,0.1,"$19,703.00",6.98,Miami,Mandarin,277,9363,10,Fashionistas,29/04/2021,Profit
850,6,0.086077961,0.391854824,Referral,7.70817215,2,1,DataTech Solutions,Search,Men 18-24,15 days,YouTube,0.03,"$10,639.00",3.12,Los Angeles,French,677,1818,10,Foodies,30/04/2021,Loss
851,3,0.442257958,0.561637592,Organic,5.615400561,2,1,Alpha Innovations,Display,Men 18-24,30 days,Facebook,0.04,"$11,290.00",7.62,Miami,Spanish,898,3077,4,Health & Wellness,01/05/2021,Profit
852,3,0.570590528,0.37903904,Organic,4.813500624,0,0.657731118,Innovate Industries,Social Media,Women 25-34,45 days,Google Ads,0.1,"$17,511.00",4.4,Houston,French,179,5460,2,Foodies,02/05/2021,Loss
853,4,0.167839028,0.516385478,Organic,3.869994369,0,0.887873979,DataTech Solutions,Social Media,Men 18-24,45 days,Google Ads,0.06,"$5,738.00",4.72,New York,German,277,2731,3,Outdoor Adventurers,03/05/2021,Loss
854,1,3.207075615,0.102481161,Paid,2.546246312,1,1,Innovate Industries,Influencer,Men 18-24,45 days,Facebook,0.07,"$10,498.00",7.65,Chicago,German,863,3783,6,Health & Wellness,04/05/2021,Profit
855,2,5.442158719,0.078697832,Organic,7.394133181,2,1,Innovate Industries,Search,Men 18-24,45 days,Google Ads,0.06,"$7,266.00",6.51,New York,French,689,5803,6,Outdoor Adventurers,05/05/2021,Profit
856,4,1.401935716,0.023435465,Direct,1.750777666,3,1,Innovate Industries,Influencer,Women 25-34,15 days,YouTube,0.14,"$6,405.00",2.67,Miami,Spanish,434,3524,3,Foodies,06/05/2021,Loss
857,5,6.228177247,0.515381923,Organic,5.663944993,2,1,Innovate Industries,Display,Men 25-34,45 days,Instagram,0.01,"$10,198.00",2.78,Miami,English,670,9938,2,Outdoor Adventurers,07/05/2021,Loss
858,8,0.719902506,0.426977456,Direct,5.29198492,0,1,TechCorp,Influencer,Women 25-34,15 days,YouTube,0.03,"$12,890.00",7.49,Los Angeles,English,600,5429,1,Foodies,08/05/2021,Profit
859,7,1.180863482,0.274349659,Paid,3.746355111,2,1,DataTech Solutions,Influencer,Women 35-44,15 days,Email,0.13,"$16,318.00",5.07,New York,English,153,1163,6,Fashionistas,09/05/2021,Profit
860,7,0.490159069,0.328271483,Organic,7.447491568,1,1,TechCorp,Influencer,Women 25-34,60 days,Facebook,0.09,"$11,025.00",4.51,Houston,German,407,1278,2,Foodies,10/05/2021,Loss
861,2,2.907170031,0.5692756,Organic,4.145950496,3,1,NexGen Systems,Influencer,Women 35-44,45 days,Instagram,0.03,"$6,244.00",6.57,New York,English,774,1864,4,Foodies,11/05/2021,Profit
862,6,1.633507072,0.139676984,Referral,3.911168612,1,1,TechCorp,Social Media,All Ages,60 days,Email,0.13,"$15,988.00",2.08,Miami,French,394,3239,7,Tech Enthusiasts,12/05/2021,Loss
863,8,2.850189049,0.030190802,Referral,4.690626846,4,1,NexGen Systems,Influencer,Women 25-34,60 days,Website,0.1,"$12,975.00",2.38,Chicago,Mandarin,227,9318,5,Fashionistas,13/05/2021,Loss
864,6,4.302358781,0.139937528,Paid,6.402000013,3,1,DataTech Solutions,Display,Men 25-34,60 days,Email,0.06,"$5,351.00",3.29,Houston,Mandarin,181,8462,1,Fashionistas,14/05/2021,Loss
865,4,2.367012435,0.059808707,Organic,0.328570691,2,1,TechCorp,Social Media,All Ages,15 days,Website,0.1,"$8,560.00",5.15,Chicago,Spanish,297,6484,2,Outdoor Adventurers,15/05/2021,Profit
866,4,2.963604745,0.725325431,Direct,11.07541224,1,1,Innovate Industries,Influencer,Men 18-24,15 days,Google Ads,0.13,"$17,338.00",5.68,Houston,Spanish,708,5378,2,Fashionistas,16/05/2021,Profit
867,4,8.211679302,0.392727918,Direct,5.907398497,0,1,TechCorp,Search,Women 35-44,45 days,Facebook,0.13,"$17,534.00",3.79,Los Angeles,French,375,4267,9,Fashionistas,17/05/2021,Loss
868,1,1.066017408,0.577319145,Paid,4.238077834,6,1,NexGen Systems,Display,All Ages,30 days,Google Ads,0.09,"$16,803.00",5.57,Los Angeles,French,371,1743,8,Outdoor Adventurers,18/05/2021,Profit
869,6,1.334944828,0.313740732,Referral,0.483464797,5,1,DataTech Solutions,Social Media,Men 25-34,60 days,YouTube,0.05,"$11,442.00",3.09,New York,German,740,9673,5,Health & Wellness,19/05/2021,Loss
870,8,3.794390556,0.34575977,Paid,8.43242324,1,1,TechCorp,Email,Men 18-24,30 days,Email,0.12,"$19,434.00",5.26,Los Angeles,English,446,3227,6,Foodies,20/05/2021,Profit
871,7,2.834884904,0.242038497,Organic,2.57983508,2,1,NexGen Systems,Social Media,Men 25-34,45 days,Facebook,0.08,"$9,447.00",4.75,Miami,English,430,1845,2,Health & Wellness,21/05/2021,Loss
872,7,0.58999019,0.52526878,Organic,1.273983664,3,1,Innovate Industries,Search,Men 25-34,60 days,Google Ads,0.1,"$10,746.00",3.67,Los Angeles,Mandarin,702,3192,6,Outdoor Adventurers,22/05/2021,Loss
873,6,1.415523037,0.294517799,Paid,5.844368735,3,1,Alpha Innovations,Display,Women 25-34,45 days,Website,0.02,"$8,306.00",2.56,Chicago,Spanish,189,2951,6,Outdoor Adventurers,23/05/2021,Loss
874,6,1.892422048,0.097843212,Social,2.026631355,8,1,Innovate Industries,Social Media,Women 35-44,45 days,Email,0.09,"$8,402.00",2.04,Los Angeles,French,191,7627,2,Foodies,24/05/2021,Loss
875,4,1.631027175,0.431631561,Organic,7.055173056,2,1,Innovate Industries,Social Media,Men 25-34,60 days,Facebook,0.1,"$19,203.00",5.51,Chicago,Mandarin,990,2832,6,Foodies,25/05/2021,Profit
876,3,0.58904777,0.293930873,Paid,0.820836498,3,0.950889965,Innovate Industries,Influencer,Women 35-44,60 days,Instagram,0.02,"$17,746.00",5.17,Miami,English,921,5396,7,Tech Enthusiasts,26/05/2021,Profit
877,6,7.748091344,0.2946134,Social,3.369811794,2,1,Alpha Innovations,Display,All Ages,45 days,Website,0.08,"$12,915.00",5.32,New York,German,102,9174,4,Fashionistas,27/05/2021,Profit
878,3,4.310474514,0.401361429,Organic,4.242693299,1,1,Innovate Industries,Social Media,Women 35-44,15 days,Email,0.1,"$18,979.00",7.73,New York,French,431,3150,4,Outdoor Adventurers,28/05/2021,Profit
879,10,1.969611726,0.646391883,Organic,3.681597153,2,1,Alpha Innovations,Display,Men 18-24,30 days,Facebook,0.12,"$13,999.00",6.39,Miami,Mandarin,283,4078,6,Health & Wellness,29/05/2021,Profit
880,5,3.418875045,0.69255316,Social,1.917699797,1,1,TechCorp,Email,Men 25-34,45 days,Google Ads,0.11,"$8,784.00",4.51,Los Angeles,Spanish,235,9709,4,Outdoor Adventurers,30/05/2021,Loss
881,6,6.827323359,0.619485238,Organic,3.641566684,0,1,TechCorp,Search,Men 25-34,15 days,Google Ads,0.01,"$7,866.00",5.42,Miami,English,576,5231,3,Fashionistas,31/05/2021,Profit
882,6,0.439152252,0.354451103,Organic,0.546002894,2,1,NexGen Systems,Social Media,Men 25-34,15 days,Email,0.04,"$15,526.00",4.89,Chicago,German,599,3563,6,Tech Enthusiasts,01/06/2021,Loss
883,4,0.864538791,0.4386649,Organic,4.215996772,4,1,Alpha Innovations,Email,Women 35-44,15 days,Instagram,0.02,"$15,335.00",5.32,New York,Mandarin,990,5409,2,Fashionistas,02/06/2021,Profit
884,6,2.347255127,0.198821806,Organic,2.609143553,1,1,Alpha Innovations,Influencer,Men 25-34,60 days,Google Ads,0.14,"$14,198.00",6.31,Miami,Mandarin,268,6734,3,Tech Enthusiasts,03/06/2021,Profit
885,5,4.813505913,0.388464049,Social,5.142598676,1,1,NexGen Systems,Email,All Ages,45 days,Email,0.14,"$15,559.00",3.48,Los Angeles,Spanish,374,9474,7,Outdoor Adventurers,04/06/2021,Loss
886,3,0.110785301,0.273912399,Referral,4.330010178,1,1,TechCorp,Social Media,Men 25-34,60 days,Facebook,0.07,"$19,309.00",7.29,Miami,English,281,3554,7,Fashionistas,05/06/2021,Profit
887,2,12.40890476,0.091961241,Paid,0.929537038,6,1,DataTech Solutions,Display,All Ages,60 days,Facebook,0.02,"$12,792.00",2.55,Los Angeles,French,202,9619,8,Outdoor Adventurers,06/06/2021,Loss
888,3,1.820394384,0.410663132,Paid,2.89379656,1,0.96824035,TechCorp,Email,Women 25-34,45 days,Website,0.09,"$5,392.00",3.05,New York,Mandarin,467,1290,9,Outdoor Adventurers,07/06/2021,Loss
889,2,1.335259443,0.129297671,Direct,1.286938454,1,1,DataTech Solutions,Influencer,Men 18-24,30 days,Website,0.11,"$10,164.00",6.5,Miami,Mandarin,764,3135,9,Foodies,08/06/2021,Profit
890,8,1.039004779,0.233362202,Organic,3.702190413,1,1,Alpha Innovations,Influencer,Women 25-34,45 days,YouTube,0.05,"$17,787.00",2.38,Los Angeles,French,879,7240,10,Fashionistas,09/06/2021,Loss
891,7,0.574777345,0.234760366,Organic,2.624259968,3,0.916388898,DataTech Solutions,Email,Men 25-34,15 days,Facebook,0.05,"$19,142.00",7.37,Chicago,Mandarin,907,2907,1,Health & Wellness,10/06/2021,Profit
892,4,4.70451234,0.515884885,Direct,5.568310756,3,1,NexGen Systems,Email,Men 25-34,45 days,Website,0.02,"$14,055.00",3.7,New York,French,771,9764,7,Fashionistas,11/06/2021,Loss
893,3,9.331017197,0.240826907,Direct,3.859289093,5,1,Alpha Innovations,Display,Men 18-24,60 days,Instagram,0.08,"$6,282.00",6.21,Chicago,Spanish,857,1077,9,Tech Enthusiasts,12/06/2021,Profit
894,3,1.601488358,0.46551132,Organic,2.630837546,2,1,Innovate Industries,Display,Men 18-24,60 days,Email,0.01,"$17,569.00",5.84,New York,German,367,3392,3,Tech Enthusiasts,13/06/2021,Profit
895,6,9.136072128,0.117722932,Organic,3.754019898,1,1,TechCorp,Display,Women 35-44,45 days,Google Ads,0.12,"$15,281.00",7.64,Miami,Spanish,337,9213,3,Outdoor Adventurers,14/06/2021,Profit
896,5,5.208366097,0.165858706,Paid,2.187169435,2,1,NexGen Systems,Search,Men 18-24,30 days,Instagram,0.03,"$13,728.00",2.43,New York,French,744,2855,3,Tech Enthusiasts,15/06/2021,Loss
897,1,1.967849737,0.528365459,Organic,4.5891749,5,1,TechCorp,Influencer,Men 18-24,30 days,Instagram,0.02,"$15,115.00",5.67,Houston,English,115,4917,2,Outdoor Adventurers,16/06/2021,Profit
898,8,3.362814615,0.174931589,Referral,3.864829791,5,1,NexGen Systems,Email,Men 18-24,60 days,Website,0.05,"$13,925.00",3.57,Houston,Spanish,853,4957,7,Outdoor Adventurers,17/06/2021,Loss
899,9,1.71270464,0.150244853,Organic,0.332826847,3,0.929452012,TechCorp,Display,Men 18-24,60 days,Google Ads,0.03,"$8,082.00",6.59,Houston,German,541,1736,3,Outdoor Adventurers,18/06/2021,Profit
900,4,2.454250224,0.449508679,Organic,13.88265279,2,1,TechCorp,Social Media,Men 18-24,45 days,Email,0.07,"$12,181.00",2.16,New York,Spanish,117,7472,2,Tech Enthusiasts,19/06/2021,Loss
901,7,0.179397587,0.332728359,Paid,3.310659587,6,1,Alpha Innovations,Display,Men 25-34,15 days,YouTube,0.03,"$17,247.00",5.48,Los Angeles,Spanish,930,2633,6,Fashionistas,20/06/2021,Profit
902,3,3.574783945,0.171888204,Direct,2.382783297,3,1,DataTech Solutions,Display,Men 25-34,15 days,Google Ads,0.07,"$15,413.00",4.33,Chicago,Spanish,890,8521,1,Foodies,21/06/2021,Loss
903,7,0.1628131,0.352745866,Paid,3.185406883,1,0.922174675,TechCorp,Influencer,Men 25-34,45 days,Facebook,0.06,"$8,993.00",3,Los Angeles,Mandarin,762,7552,3,Outdoor Adventurers,22/06/2021,Loss
904,5,5.096200274,0.292218055,Organic,5.185204653,3,1,Alpha Innovations,Display,All Ages,60 days,Instagram,0.04,"$10,172.00",3.3,Chicago,German,114,5009,4,Outdoor Adventurers,23/06/2021,Loss
905,6,5.227998272,0.344086868,Direct,2.964311074,1,1,NexGen Systems,Search,Men 18-24,60 days,YouTube,0.02,"$18,601.00",7.48,Houston,Spanish,383,2025,7,Foodies,24/06/2021,Profit
906,8,0.811795641,0.155863284,Paid,2.782074586,3,0.908468478,DataTech Solutions,Display,Women 25-34,15 days,Facebook,0.13,"$9,948.00",2.48,Chicago,English,428,7090,2,Tech Enthusiasts,25/06/2021,Loss
907,2,1.173190448,0.121921808,Organic,1.254665874,1,1,DataTech Solutions,Display,All Ages,15 days,Instagram,0.05,"$6,998.00",5.13,Chicago,German,254,9773,8,Fashionistas,26/06/2021,Profit
908,4,1.96934882,0.223826172,Organic,2.158186436,4,1,TechCorp,Influencer,Women 35-44,15 days,Website,0.12,"$19,086.00",4.75,Chicago,German,626,3124,9,Fashionistas,27/06/2021,Loss
909,9,2.723947822,0.068012834,Organic,3.981381641,1,1,NexGen Systems,Email,Men 25-34,45 days,Instagram,0.12,"$19,772.00",3.13,Los Angeles,French,390,6425,5,Fashionistas,28/06/2021,Loss
910,4,1.016310003,0.046692113,Paid,3.588964331,0,1,Alpha Innovations,Social Media,All Ages,15 days,Facebook,0.02,"$7,441.00",7.95,Los Angeles,English,115,6606,7,Foodies,29/06/2021,Profit
911,4,2.693042952,0.113980384,Paid,2.189102431,3,1,DataTech Solutions,Display,Men 25-34,15 days,Instagram,0.06,"$9,258.00",7.98,Chicago,English,774,8037,4,Health & Wellness,30/06/2021,Profit
912,3,1.060555819,0.183856534,Organic,4.280078157,1,0.962272681,NexGen Systems,Display,All Ages,60 days,Facebook,0.09,"$19,266.00",5.32,Chicago,French,249,6219,1,Health & Wellness,01/07/2021,Profit
913,4,0.171269304,0.108750227,Organic,2.169669397,0,0.629990763,NexGen Systems,Search,All Ages,45 days,Instagram,0.15,"$10,797.00",5.06,New York,German,423,2154,10,Tech Enthusiasts,02/07/2021,Profit
914,4,0.007592248,0.12882989,Organic,4.284501677,3,1,Alpha Innovations,Influencer,All Ages,30 days,YouTube,0.04,"$15,949.00",5.87,Chicago,German,607,2857,3,Foodies,03/07/2021,Profit
915,6,0.319920862,0.407093656,Paid,1.110684347,1,0.849981753,TechCorp,Social Media,All Ages,45 days,YouTube,0.14,"$11,429.00",6.9,Houston,German,976,8707,7,Fashionistas,04/07/2021,Profit
916,7,4.714269646,0.060121605,Organic,2.900586016,1,1,DataTech Solutions,Influencer,Men 25-34,60 days,Instagram,0.04,"$8,515.00",2.78,Los Angeles,French,152,6533,10,Health & Wellness,05/07/2021,Loss
917,3,9.7659436,0.259721323,Organic,2.365593358,2,1,Innovate Industries,Social Media,Men 25-34,30 days,YouTube,0.1,"$11,022.00",3.11,Los Angeles,Spanish,709,7382,8,Foodies,06/07/2021,Loss
918,6,1.670431725,0.039872862,Direct,7.623073995,2,1,DataTech Solutions,Email,Women 35-44,45 days,Website,0.02,"$17,373.00",5.9,New York,Spanish,406,9078,10,Health & Wellness,07/07/2021,Profit
919,8,2.1565272,0.245981825,Paid,2.377260386,3,1,TechCorp,Display,Men 25-34,60 days,Google Ads,0.13,"$13,444.00",4.77,Chicago,Mandarin,143,5198,2,Outdoor Adventurers,08/07/2021,Loss
920,7,0.476453253,0.087288848,Organic,6.496031161,1,1,Alpha Innovations,Social Media,Men 25-34,60 days,Email,0.11,"$18,267.00",2.71,Miami,Mandarin,713,2781,9,Fashionistas,09/07/2021,Loss
921,3,2.402406664,0.310411014,Referral,4.019969352,1,1,TechCorp,Influencer,Men 25-34,45 days,Email,0.05,"$17,185.00",5,New York,Mandarin,465,7105,9,Tech Enthusiasts,10/07/2021,Loss
922,4,0.468750804,0.168936682,Organic,1.426578081,3,1,Innovate Industries,Search,Men 18-24,45 days,Instagram,0.05,"$6,168.00",7.47,Miami,Mandarin,144,2171,1,Foodies,11/07/2021,Profit
923,6,2.834181201,0.231050907,Referral,6.500456486,3,1,Alpha Innovations,Display,All Ages,15 days,YouTube,0.13,"$5,415.00",4.65,New York,Mandarin,624,2430,2,Health & Wellness,12/07/2021,Loss
924,8,8.120792525,0.619717608,Referral,5.821393442,1,1,Innovate Industries,Email,Men 25-34,45 days,YouTube,0.04,"$13,580.00",5.41,Houston,Mandarin,614,5273,9,Foodies,13/07/2021,Profit
925,3,0.653343387,0.175148632,Referral,4.624260867,2,1,Innovate Industries,Social Media,All Ages,60 days,YouTube,0.09,"$6,258.00",4.01,Chicago,English,879,5281,9,Foodies,14/07/2021,Loss
926,4,4.338944901,0.581071397,Referral,4.575273264,2,1,DataTech Solutions,Influencer,All Ages,15 days,Website,0.13,"$17,604.00",5.25,Miami,Mandarin,278,9591,10,Health & Wellness,15/07/2021,Profit
927,3,0.071349029,0.264998653,Organic,3.690304511,0,1,DataTech Solutions,Social Media,Men 18-24,30 days,Website,0.03,"$18,699.00",4.33,Houston,Spanish,583,2856,8,Tech Enthusiasts,16/07/2021,Loss
928,8,1.412398596,0.269398985,Referral,4.995924668,1,1,NexGen Systems,Social Media,Men 25-34,60 days,YouTube,0.08,"$8,471.00",3.7,Chicago,English,347,2133,8,Foodies,17/07/2021,Loss
929,1,0.35212557,0.077148311,Organic,6.308064532,2,1,NexGen Systems,Social Media,Women 35-44,45 days,Instagram,0.03,"$16,294.00",5.41,New York,German,919,8709,2,Foodies,18/07/2021,Profit
930,3,1.303795674,0.197304694,Organic,1.026282058,2,1,Alpha Innovations,Display,All Ages,15 days,Website,0.13,"$16,986.00",2.55,New York,Mandarin,908,1968,9,Tech Enthusiasts,19/07/2021,Loss
931,7,0.571800098,0.425523885,Direct,7.040877469,1,1,Alpha Innovations,Search,Women 35-44,60 days,YouTube,0.08,"$10,197.00",6.36,Houston,Mandarin,292,6494,4,Outdoor Adventurers,20/07/2021,Profit
932,5,1.401885853,0.241474072,Paid,7.807379812,3,1,Alpha Innovations,Search,Men 25-34,15 days,Facebook,0.1,"$9,723.00",3.67,Chicago,German,655,4817,6,Health & Wellness,21/07/2021,Loss
933,9,1.621395739,0.140817994,Direct,1.317407544,4,1,Innovate Industries,Email,Women 25-34,60 days,Website,0.01,"$15,592.00",5.83,Chicago,Mandarin,262,2280,9,Health & Wellness,22/07/2021,Profit
934,5,1.072559285,0.08610856,Organic,2.432555247,0,0.817101927,NexGen Systems,Search,Women 35-44,30 days,Website,0.09,"$8,889.00",4.68,Los Angeles,French,733,5645,7,Foodies,23/07/2021,Loss
935,4,3.206769752,0.450803575,Paid,4.338799247,3,1,Alpha Innovations,Influencer,Men 18-24,30 days,Website,0.13,"$8,924.00",4.84,New York,French,831,6917,6,Outdoor Adventurers,24/07/2021,Loss
936,5,7.534443788,0.425274145,Organic,6.033240573,2,1,Innovate Industries,Display,Men 25-34,15 days,Google Ads,0.08,"$6,089.00",2.24,Miami,French,690,2976,3,Fashionistas,25/07/2021,Loss
937,7,1.53545522,0.61487293,Referral,3.515315029,2,0.994498435,Innovate Industries,Search,Men 18-24,45 days,Google Ads,0.15,"$18,187.00",7.57,Los Angeles,Spanish,240,7918,2,Foodies,26/07/2021,Profit
938,3,0.640854028,0.117149718,Organic,4.61220454,4,1,Alpha Innovations,Email,Men 18-24,45 days,Facebook,0.02,"$12,416.00",3.07,Chicago,German,547,3996,9,Outdoor Adventurers,27/07/2021,Loss
939,6,0.947103945,0.449655984,Organic,1.828706505,0,0.877770703,NexGen Systems,Influencer,Women 35-44,15 days,YouTube,0.11,"$6,795.00",5.44,Los Angeles,German,534,6614,1,Tech Enthusiasts,28/07/2021,Profit
940,7,5.772462893,0.078964049,Organic,4.117416666,3,1,TechCorp,Influencer,Men 25-34,60 days,Website,0.12,"$18,603.00",6.98,New York,French,740,1181,1,Foodies,29/07/2021,Profit
941,4,2.543372008,0.202479709,Referral,8.363161393,1,1,Innovate Industries,Social Media,Women 35-44,45 days,Instagram,0.05,"$12,988.00",6.89,New York,English,198,1415,2,Outdoor Adventurers,30/07/2021,Profit
942,4,1.820969182,0.304050772,Organic,3.866233219,1,1,Alpha Innovations,Display,Women 25-34,30 days,Website,0.02,"$8,505.00",5.77,Houston,German,545,9721,2,Tech Enthusiasts,31/07/2021,Profit
943,4,0.486274903,0.429118481,Social,5.506662868,2,1,Innovate Industries,Display,All Ages,15 days,Email,0.15,"$8,623.00",3.09,Los Angeles,Mandarin,397,4772,3,Outdoor Adventurers,01/08/2021,Loss
944,3,1.792023962,0.085671293,Organic,2.018504085,2,1,NexGen Systems,Display,Women 35-44,30 days,YouTube,0.11,"$5,699.00",6.41,New York,German,931,9604,9,Fashionistas,02/08/2021,Profit
945,4,0.979235452,0.612940349,Organic,1.730508748,1,1,DataTech Solutions,Display,Women 35-44,45 days,Facebook,0.15,"$5,121.00",3.87,Los Angeles,Spanish,702,6887,1,Fashionistas,03/08/2021,Loss
946,2,8.602710019,0.270199753,Organic,10.56437726,0,1,DataTech Solutions,Influencer,Women 25-34,45 days,YouTube,0.01,"$5,697.00",6,Houston,English,899,5163,2,Health & Wellness,04/08/2021,Profit
947,7,6.464308986,0.118168019,Direct,4.372778695,3,1,Innovate Industries,Influencer,Men 18-24,15 days,Website,0.01,"$11,178.00",5.39,Los Angeles,French,328,8632,5,Fashionistas,05/08/2021,Profit
948,6,0.262897574,0.34499304,Organic,5.856295955,5,1,Alpha Innovations,Search,Women 25-34,15 days,Instagram,0.06,"$7,000.00",5.9,Miami,German,868,8308,7,Fashionistas,06/08/2021,Profit
949,7,2.181064407,0.515801486,Organic,7.317968459,0,1,Innovate Industries,Influencer,Men 18-24,30 days,Email,0.03,"$16,025.00",6.71,Houston,German,398,6013,10,Health & Wellness,07/08/2021,Profit
950,5,0.764902611,0.209543499,Social,1.053341715,1,1,NexGen Systems,Social Media,Men 25-34,45 days,Email,0.05,"$9,139.00",2.13,Miami,German,193,8708,1,Fashionistas,08/08/2021,Loss
951,4,1.586852133,0.2562896,Organic,9.166247466,0,1,Innovate Industries,Search,All Ages,15 days,Email,0.04,"$16,839.00",4.72,Houston,Spanish,490,4451,2,Health & Wellness,09/08/2021,Loss
952,5,6.2830077,0.107965699,Referral,3.915379514,1,1,TechCorp,Search,All Ages,15 days,Google Ads,0.12,"$18,860.00",5.1,Los Angeles,French,562,7982,8,Fashionistas,10/08/2021,Profit
953,4,2.249244787,0.271048047,Organic,10.21838447,3,1,TechCorp,Social Media,Men 25-34,30 days,Email,0.03,"$14,402.00",3.47,Houston,Mandarin,649,6224,9,Fashionistas,11/08/2021,Loss
954,7,1.220366772,0.220007806,Paid,1.434935301,0,1,DataTech Solutions,Display,Women 35-44,15 days,Google Ads,0.06,"$17,894.00",4.08,Houston,Mandarin,984,8637,9,Outdoor Adventurers,12/08/2021,Loss
955,5,0.69915879,0.223617045,Organic,6.577595892,1,1,DataTech Solutions,Display,Women 35-44,30 days,Email,0.13,"$14,100.00",3.58,New York,Mandarin,436,3635,2,Outdoor Adventurers,13/08/2021,Loss
956,6,4.83319059,0.172517371,Paid,2.340681628,3,1,Alpha Innovations,Social Media,Men 18-24,30 days,Facebook,0.07,"$13,112.00",7.42,Los Angeles,Spanish,204,7184,3,Fashionistas,14/08/2021,Profit
957,5,2.938634358,0.047101883,Social,3.11098325,1,0.859004339,NexGen Systems,Display,Women 25-34,60 days,Email,0.13,"$15,918.00",5.29,New York,English,723,3125,10,Foodies,15/08/2021,Profit
958,2,1.893704529,0.181852341,Social,6.993846776,1,1,Innovate Industries,Influencer,Men 18-24,30 days,Email,0.01,"$17,455.00",6.33,Los Angeles,German,235,9746,7,Outdoor Adventurers,16/08/2021,Profit
959,4,0.735724085,0.256015757,Paid,2.498128981,3,0.855241692,Alpha Innovations,Display,Women 25-34,30 days,Instagram,0.01,"$5,106.00",3.27,Miami,Spanish,603,3439,10,Foodies,17/08/2021,Loss
960,4,1.220506824,0.161131777,Direct,3.682884111,1,1,Innovate Industries,Social Media,Women 35-44,60 days,Facebook,0.03,"$16,375.00",7.27,Los Angeles,English,351,1101,8,Tech Enthusiasts,18/08/2021,Profit
961,6,9.644907403,0.132499496,Organic,3.707890059,2,1,Alpha Innovations,Search,All Ages,60 days,Instagram,0.05,"$10,335.00",3.19,Miami,Spanish,396,7724,5,Tech Enthusiasts,19/08/2021,Loss
962,11,2.202469688,0.16866646,Organic,2.551275907,3,1,TechCorp,Influencer,All Ages,45 days,Instagram,0.05,"$19,515.00",2.39,New York,Spanish,128,3767,7,Outdoor Adventurers,20/08/2021,Loss
963,6,1.535975317,0.245271535,Referral,2.390425833,3,1,DataTech Solutions,Search,Women 35-44,30 days,Email,0.14,"$17,408.00",4.17,Chicago,Mandarin,665,3617,10,Tech Enthusiasts,21/08/2021,Loss
964,8,2.210808481,0.215159845,Referral,0.745119243,2,1,NexGen Systems,Email,Men 18-24,15 days,Google Ads,0.15,"$8,373.00",2.81,Chicago,Spanish,503,7287,5,Outdoor Adventurers,22/08/2021,Loss
965,5,4.528621708,0.355190535,Organic,2.947961126,4,1,DataTech Solutions,Email,Men 18-24,45 days,Instagram,0.15,"$18,524.00",2.39,New York,Mandarin,831,8015,10,Outdoor Adventurers,23/08/2021,Loss
966,3,1.247041539,0.129491249,Referral,4.342289833,1,1,Alpha Innovations,Influencer,Men 18-24,30 days,Instagram,0.02,"$13,978.00",2.99,Miami,Mandarin,607,3336,5,Outdoor Adventurers,24/08/2021,Loss
967,5,0.590622843,0.057675739,Organic,2.927794642,0,1,TechCorp,Influencer,Men 25-34,15 days,Email,0.06,"$5,741.00",4.79,New York,French,382,8295,1,Outdoor Adventurers,25/08/2021,Loss
968,1,2.637968517,0.208391632,Referral,4.557206982,3,1,NexGen Systems,Search,Women 35-44,15 days,Email,0.06,"$6,396.00",5.39,New York,Spanish,274,1979,3,Health & Wellness,26/08/2021,Profit
969,8,3.282702591,0.466357663,Social,15.48708465,2,1,TechCorp,Search,Women 35-44,45 days,Website,0.04,"$12,814.00",4.27,Chicago,English,331,2872,3,Tech Enthusiasts,27/08/2021,Loss
970,6,3.741872933,0.207871567,Paid,6.807915677,4,1,DataTech Solutions,Display,All Ages,30 days,Instagram,0.04,"$18,274.00",2.18,Miami,English,635,6238,2,Foodies,28/08/2021,Loss
971,4,6.410896491,0.497070744,Organic,3.637175185,1,1,Innovate Industries,Email,Men 25-34,45 days,Website,0.05,"$19,721.00",4.99,Los Angeles,English,433,2208,5,Fashionistas,29/08/2021,Loss
972,7,1.391702646,0.607896644,Referral,5.90731732,1,1,TechCorp,Email,All Ages,60 days,Google Ads,0.02,"$17,314.00",4.24,Miami,English,842,3939,5,Tech Enthusiasts,30/08/2021,Loss
973,1,0.23503586,0.070355622,Referral,5.936345778,2,1,Innovate Industries,Influencer,Women 35-44,45 days,Website,0.02,"$16,570.00",3.1,Houston,Spanish,622,8302,7,Outdoor Adventurers,31/08/2021,Loss
974,7,9.535259713,0.305274388,Organic,0.473155938,1,1,TechCorp,Social Media,Men 18-24,45 days,YouTube,0.02,"$18,208.00",4.82,Houston,German,936,5721,6,Tech Enthusiasts,01/09/2021,Loss
975,3,1.712851976,0.714578607,Paid,8.886040074,3,1,Alpha Innovations,Influencer,Men 25-34,60 days,Email,0.1,"$12,124.00",6.24,Los Angeles,Spanish,188,5099,9,Foodies,02/09/2021,Profit
976,9,2.928580123,0.448450628,Direct,3.662978097,2,1,Alpha Innovations,Email,Men 25-34,45 days,Instagram,0.11,"$10,237.00",7.71,Houston,Mandarin,436,9191,10,Fashionistas,03/09/2021,Profit
977,4,3.292586536,0.462540745,Organic,4.377659838,4,1,Innovate Industries,Search,Men 18-24,45 days,Email,0.04,"$17,993.00",5.93,Chicago,English,230,6367,6,Fashionistas,04/09/2021,Profit
978,2,2.372370716,0.172556496,Organic,0.408083359,1,1,Alpha Innovations,Influencer,Men 18-24,30 days,Facebook,0.08,"$11,835.00",4.1,Miami,German,275,2369,8,Fashionistas,05/09/2021,Loss
979,4,0.689211461,0.176691403,Organic,4.635829517,1,1,Innovate Industries,Display,Women 35-44,45 days,Instagram,0.09,"$12,406.00",4.42,Chicago,Spanish,508,9319,6,Tech Enthusiasts,06/09/2021,Loss
980,6,4.221243351,0.312672509,Paid,4.047280223,3,1,Innovate Industries,Influencer,All Ages,30 days,Facebook,0.05,"$7,650.00",7.29,Miami,German,417,7416,4,Fashionistas,07/09/2021,Profit
981,2,4.885127948,0.421541215,Direct,1.904083902,3,1,Innovate Industries,Influencer,Women 35-44,30 days,Facebook,0.13,"$12,966.00",5.72,New York,German,645,4626,9,Fashionistas,08/09/2021,Profit
982,1,2.415426205,0.273011869,Referral,2.690733089,0,1,DataTech Solutions,Social Media,Women 35-44,15 days,Facebook,0.08,"$8,540.00",7.02,Houston,Spanish,893,6718,9,Tech Enthusiasts,09/09/2021,Profit
983,7,2.011581815,0.467115344,Organic,2.126797139,2,1,DataTech Solutions,Display,Men 25-34,30 days,Google Ads,0.13,"$8,376.00",2.56,New York,Mandarin,667,2519,9,Foodies,10/09/2021,Loss
984,7,0.36290568,0.554512443,Referral,2.368896137,3,1,Alpha Innovations,Social Media,Women 35-44,45 days,Instagram,0.09,"$9,449.00",2.83,Houston,French,271,2500,9,Health & Wellness,11/09/2021,Loss
985,6,0.263058433,0.059051194,Referral,3.785767838,2,1,DataTech Solutions,Search,Men 25-34,30 days,Instagram,0.09,"$16,313.00",7.6,Houston,English,218,7104,5,Outdoor Adventurers,12/09/2021,Profit
986,8,1.244569009,0.515232083,Paid,5.291813218,0,1,DataTech Solutions,Social Media,All Ages,45 days,Email,0.06,"$5,879.00",2.08,Miami,English,744,9472,5,Tech Enthusiasts,13/09/2021,Loss
987,7,1.116872239,0.492501,Organic,7.590219658,2,1,Innovate Industries,Email,Men 25-34,30 days,Google Ads,0.14,"$19,480.00",4.3,Houston,English,346,2067,2,Outdoor Adventurers,14/09/2021,Loss
988,5,9.215019528,0.234195342,Referral,4.484768428,2,1,DataTech Solutions,Display,Men 18-24,30 days,Google Ads,0.12,"$7,057.00",6.29,Miami,Mandarin,423,3670,6,Tech Enthusiasts,15/09/2021,Profit
989,6,4.592195496,0.117580075,Paid,3.375498276,4,1,Alpha Innovations,Search,Men 18-24,45 days,Email,0.05,"$11,252.00",3.06,Miami,Spanish,254,7896,4,Health & Wellness,16/09/2021,Loss
990,6,3.235761075,0.434453176,Organic,6.064113247,1,1,NexGen Systems,Search,Men 25-34,45 days,Email,0.15,"$5,524.00",6.85,Chicago,German,769,2472,5,Foodies,17/09/2021,Profit
991,7,2.187243977,0.265270212,Paid,2.857985912,2,1,Alpha Innovations,Social Media,Women 35-44,60 days,Website,0.14,"$7,286.00",7.88,New York,Mandarin,813,6052,10,Tech Enthusiasts,18/09/2021,Profit
992,6,0.549488843,0.294651196,Direct,2.919372913,1,1,Alpha Innovations,Search,Women 35-44,45 days,Email,0.04,"$5,825.00",7.61,Los Angeles,Mandarin,270,7351,3,Outdoor Adventurers,19/09/2021,Profit
993,3,11.51306737,0.147058395,Organic,3.00868001,6,1,Innovate Industries,Email,Women 35-44,15 days,Instagram,0.06,"$18,805.00",2.96,Chicago,Mandarin,805,9184,4,Foodies,20/09/2021,Loss
994,3,1.410206246,0.159827469,Direct,1.326299233,0,0.782298482,TechCorp,Influencer,Men 25-34,15 days,YouTube,0.13,"$11,366.00",7.68,Chicago,English,348,9167,1,Foodies,21/09/2021,Profit
995,1,0.339256169,0.28560576,Organic,4.696597367,2,1,TechCorp,Email,Women 25-34,30 days,YouTube,0.12,"$13,546.00",2.66,Chicago,French,649,5014,4,Outdoor Adventurers,22/09/2021,Loss
996,5,2.042463748,0.399518844,Referral,3.899989317,3,1,TechCorp,Email,All Ages,15 days,Instagram,0.04,"$15,454.00",4.93,Miami,German,217,4205,1,Health & Wellness,23/09/2021,Loss
997,3,6.214372774,0.17932622,Organic,2.661398959,1,1,TechCorp,Influencer,Men 25-34,60 days,YouTube,0.06,"$7,306.00",5.07,Chicago,English,898,2677,6,Outdoor Adventurers,24/09/2021,Profit
998,9,6.548838057,0.508936338,Organic,2.056232296,3,1,Innovate Industries,Influencer,Men 18-24,60 days,YouTube,0.15,"$19,289.00",2.96,New York,Mandarin,584,8542,5,Foodies,25/09/2021,Loss
999,8,0.033079455,0.400606067,Paid,3.087430395,1,0.978950631,Innovate Industries,Display,Men 25-34,15 days,YouTube,0.15,"$14,377.00",7.86,Chicago,Spanish,327,8692,8,Health & Wellness,26/09/2021,Profit
1000,4,6.522463361,0.412827901,Paid,3.134729089,1,1,DataTech Solutions,Search,Women 35-44,30 days,Google Ads,0.04,"$5,256.00",5.38,Chicago,German,795,3850,8,Outdoor Adventurers,27/09/2021,Profit
1001,2,0.950237968,0.67494359,Social,6.768647664,2,1,TechCorp,Display,Men 18-24,30 days,YouTube,0.14,"$8,237.00",6.12,New York,Spanish,686,2889,4,Outdoor Adventurers,28/09/2021,Profit
1002,3,0.119256339,0.138482584,Referral,2.397866894,1,0.688961702,Alpha Innovations,Email,Women 35-44,15 days,YouTube,0.12,"$6,864.00",5.77,New York,French,522,5812,3,Outdoor Adventurers,29/09/2021,Profit
1003,2,5.647487727,0.414607726,Paid,1.905847307,3,1,DataTech Solutions,Search,Men 25-34,15 days,Facebook,0.14,"$11,053.00",3.44,Houston,German,989,4891,9,Fashionistas,30/09/2021,Loss
1004,4,5.982363412,0.581682769,Direct,9.596402788,2,1,DataTech Solutions,Search,Men 18-24,15 days,Google Ads,0.14,"$9,957.00",4.52,Miami,Mandarin,323,4469,10,Foodies,01/10/2021,Loss
1005,4,2.720737633,0.197094186,Paid,3.066190482,2,1,NexGen Systems,Influencer,Men 25-34,30 days,Website,0.03,"$6,049.00",6.34,Houston,Mandarin,189,3005,9,Health & Wellness,02/10/2021,Profit
1006,5,2.563003983,0.22978676,Organic,3.557578956,0,1,Innovate Industries,Influencer,Women 35-44,45 days,Google Ads,0.12,"$7,897.00",4.78,Houston,Spanish,598,5840,2,Tech Enthusiasts,03/10/2021,Loss
1007,8,5.031870114,0.439052017,Organic,7.62724937,2,1,NexGen Systems,Influencer,Men 18-24,30 days,Instagram,0.03,"$10,589.00",6.2,Chicago,Spanish,808,4524,5,Tech Enthusiasts,04/10/2021,Profit
1008,6,4.629680457,0.393227011,Organic,4.892272825,4,1,NexGen Systems,Email,Women 25-34,15 days,Email,0.06,"$19,957.00",6.6,Chicago,English,800,4302,3,Outdoor Adventurers,05/10/2021,Profit
1009,3,6.624702668,0.098973552,Referral,3.697820895,2,1,NexGen Systems,Email,All Ages,30 days,Facebook,0.14,"$14,623.00",7.11,Los Angeles,Mandarin,114,1591,5,Health & Wellness,06/10/2021,Profit
1010,5,2.413895549,0.323813737,Organic,8.494369459,2,1,Innovate Industries,Influencer,Women 35-44,45 days,YouTube,0.07,"$8,864.00",5.35,New York,English,218,7637,8,Outdoor Adventurers,07/10/2021,Profit
1011,6,10.29315418,0.045468841,Organic,2.584486542,2,1,Innovate Industries,Influencer,Women 25-34,30 days,Email,0.07,"$5,659.00",5.55,Los Angeles,French,577,7151,5,Health & Wellness,08/10/2021,Profit
1012,3,16.67657801,0.457113917,Organic,4.645258794,3,1,Alpha Innovations,Display,All Ages,45 days,YouTube,0.13,"$12,389.00",5.15,Miami,French,983,3271,5,Tech Enthusiasts,09/10/2021,Profit
1013,8,0.371743443,0.179978638,Paid,2.527273902,4,1,Innovate Industries,Search,Men 25-34,30 days,Facebook,0.08,"$10,481.00",3.17,Chicago,Spanish,158,2068,5,Tech Enthusiasts,10/10/2021,Loss
1014,8,5.682248995,0.424395433,Organic,7.652541275,4,1,Innovate Industries,Influencer,Men 18-24,15 days,Email,0.01,"$19,232.00",6.32,Los Angeles,Spanish,394,9182,9,Foodies,11/10/2021,Profit
1015,5,2.078375278,0.129775424,Organic,3.899837754,1,0.907258821,Alpha Innovations,Email,All Ages,45 days,YouTube,0.1,"$11,895.00",7.96,Chicago,German,452,7510,9,Foodies,12/10/2021,Profit
1016,4,1.47094395,0.267223947,Paid,0.162224197,2,0.920847556,DataTech Solutions,Social Media,Women 25-34,15 days,YouTube,0.14,"$7,821.00",2.47,Houston,Spanish,342,8441,2,Fashionistas,13/10/2021,Loss
1017,2,2.848552352,0.10468919,Social,2.320079986,6,1,DataTech Solutions,Email,Men 25-34,60 days,YouTube,0.12,"$11,738.00",2.57,Houston,English,495,8759,7,Fashionistas,14/10/2021,Loss
1018,6,0.172777883,0.129848532,Organic,7.274261675,6,1,TechCorp,Display,Men 18-24,60 days,Facebook,0.03,"$14,418.00",3.64,New York,Mandarin,234,5821,2,Fashionistas,15/10/2021,Loss
1019,5,2.11846091,0.121329561,Paid,0.62143938,2,1,DataTech Solutions,Display,Women 35-44,30 days,Instagram,0.06,"$17,788.00",2.52,Houston,Mandarin,729,4936,7,Tech Enthusiasts,16/10/2021,Loss
1020,6,6.14128482,0.148481362,Organic,2.429740119,4,1,Alpha Innovations,Influencer,Women 25-34,45 days,Google Ads,0.07,"$19,334.00",7.01,Miami,French,487,6873,1,Outdoor Adventurers,17/10/2021,Profit
1021,7,0.720340881,0.454620027,Direct,0.597210957,2,0.595445752,Alpha Innovations,Display,Women 35-44,15 days,Facebook,0.04,"$14,685.00",6.88,Miami,Mandarin,327,6024,10,Foodies,18/10/2021,Profit
1022,3,1.667416118,0.23346323,Organic,0.668727802,0,1,NexGen Systems,Social Media,All Ages,15 days,Facebook,0.13,"$16,040.00",6.74,Los Angeles,Spanish,837,7996,9,Tech Enthusiasts,19/10/2021,Profit
1023,9,8.414388175,0.286623622,Direct,1.490851817,0,1,Alpha Innovations,Search,Men 25-34,45 days,Email,0.1,"$12,268.00",4.55,Chicago,English,272,1605,5,Fashionistas,20/10/2021,Loss
1024,2,1.678807513,0.228474902,Direct,4.355336486,5,1,Innovate Industries,Social Media,Men 25-34,30 days,Email,0.08,"$8,309.00",5.88,Houston,German,772,4733,10,Health & Wellness,21/10/2021,Profit
1025,0,1.331219326,0.055464583,Social,1.303676063,1,0.923644091,NexGen Systems,Influencer,Men 25-34,45 days,Website,0.09,"$11,797.00",5.71,Miami,German,611,7630,4,Outdoor Adventurers,22/10/2021,Profit
1026,6,1.742331765,0.380569005,Organic,11.52798876,2,1,Alpha Innovations,Email,Men 18-24,15 days,Google Ads,0.1,"$7,479.00",3.24,Los Angeles,Mandarin,725,2489,4,Fashionistas,23/10/2021,Loss
1027,4,2.198489264,0.531260839,Paid,4.847626989,0,1,Innovate Industries,Search,Men 25-34,15 days,YouTube,0.13,"$17,003.00",7.58,New York,Spanish,755,8216,3,Health & Wellness,24/10/2021,Profit
1028,6,2.998946459,0.178112534,Organic,3.646858763,1,1,TechCorp,Display,Men 18-24,45 days,YouTube,0.07,"$10,731.00",7.32,Chicago,English,857,2466,10,Outdoor Adventurers,25/10/2021,Profit
1029,4,4.838723792,0.060373568,Social,1.063168625,2,1,Innovate Industries,Search,Women 35-44,45 days,Email,0.04,"$9,273.00",5.02,Houston,English,911,8189,4,Foodies,26/10/2021,Profit
1030,5,1.804999549,0.165094418,Social,0.742665651,0,0.506747141,Alpha Innovations,Search,Men 25-34,45 days,Email,0.07,"$15,180.00",4.08,Houston,Spanish,449,8299,10,Foodies,27/10/2021,Loss
1031,2,5.102701938,0.304235349,Direct,2.919532227,4,1,Alpha Innovations,Display,All Ages,30 days,Instagram,0.13,"$7,471.00",7.43,Chicago,English,517,8909,1,Health & Wellness,28/10/2021,Profit
1032,5,2.288911156,0.085170052,Referral,10.48324902,1,1,TechCorp,Influencer,All Ages,15 days,Google Ads,0.02,"$16,533.00",3.66,Los Angeles,Mandarin,443,8182,6,Outdoor Adventurers,29/10/2021,Loss
1033,4,1.239647499,0.46809269,Paid,1.314910238,2,0.791080888,DataTech Solutions,Influencer,All Ages,15 days,Google Ads,0.06,"$10,500.00",2.03,Chicago,English,432,8910,5,Fashionistas,30/10/2021,Loss
1034,3,3.218402324,0.159236284,Paid,0.963395622,1,1,TechCorp,Email,Men 25-34,45 days,Website,0.13,"$13,760.00",5.04,Los Angeles,French,914,3650,6,Fashionistas,31/10/2021,Profit
1035,5,3.794591341,0.065399361,Organic,6.725761862,2,1,Alpha Innovations,Influencer,Women 35-44,30 days,Facebook,0.02,"$7,578.00",2.71,Los Angeles,German,952,6371,6,Outdoor Adventurers,01/11/2021,Loss
1036,3,2.449668623,0.073266407,Paid,6.588457264,2,1,DataTech Solutions,Social Media,Women 25-34,45 days,Facebook,0.13,"$19,947.00",2.99,New York,Spanish,792,1952,10,Fashionistas,02/11/2021,Loss
1037,3,0.174842339,0.303130607,Referral,4.141750496,3,1,NexGen Systems,Display,Men 18-24,30 days,Email,0.06,"$15,339.00",4.61,Los Angeles,Mandarin,998,8871,4,Health & Wellness,03/11/2021,Loss
1038,4,0.558565422,0.225593421,Direct,2.194438192,1,1,TechCorp,Search,Men 18-24,45 days,Instagram,0.13,"$18,421.00",7.95,Los Angeles,Spanish,343,1181,4,Health & Wellness,04/11/2021,Profit
1039,8,1.007667648,0.197266927,Paid,4.98031512,2,1,NexGen Systems,Email,All Ages,60 days,Facebook,0.11,"$6,121.00",5.58,Chicago,Mandarin,913,6420,7,Foodies,05/11/2021,Profit
1040,5,0.996472222,0.397300726,Social,0.957864633,0,1,Innovate Industries,Social Media,Women 35-44,45 days,Email,0.12,"$5,650.00",5.47,Los Angeles,French,500,4548,8,Fashionistas,06/11/2021,Profit
1041,4,3.357248363,0.345073138,Social,3.685738843,1,1,TechCorp,Search,Women 25-34,45 days,Facebook,0.04,"$19,324.00",7.98,Houston,French,886,2683,7,Outdoor Adventurers,07/11/2021,Profit
1042,4,0.055557259,0.324531679,Paid,0.589715782,0,0.705691295,DataTech Solutions,Influencer,Women 25-34,45 days,Website,0.01,"$5,402.00",3.93,Houston,French,169,2894,5,Health & Wellness,08/11/2021,Loss
1043,4,4.227851133,0.246449058,Organic,3.506291891,4,1,DataTech Solutions,Display,Men 18-24,45 days,Instagram,0.07,"$14,266.00",5.45,Houston,Spanish,115,3055,4,Foodies,09/11/2021,Profit
1044,4,0.925052521,0.447420536,Referral,6.881434054,2,1,TechCorp,Display,Women 25-34,60 days,Instagram,0.06,"$11,083.00",6.26,Los Angeles,German,708,6009,1,Fashionistas,10/11/2021,Profit
1045,7,1.113286029,0.1402389,Paid,10.6893614,1,1,Alpha Innovations,Influencer,Men 25-34,60 days,Website,0.11,"$9,871.00",5.16,Chicago,French,738,1895,8,Foodies,11/11/2021,Profit
1046,8,2.251755807,0.18231298,Organic,2.283395573,5,1,DataTech Solutions,Influencer,Women 35-44,30 days,Google Ads,0.13,"$5,661.00",3.42,Los Angeles,Mandarin,913,6158,1,Foodies,12/11/2021,Loss
1047,7,0.729754099,0.606814964,Organic,4.327456845,1,1,DataTech Solutions,Social Media,Men 25-34,60 days,Google Ads,0.03,"$6,384.00",5.66,New York,French,605,3563,6,Fashionistas,13/11/2021,Profit
1048,3,6.474709238,0.175748559,Direct,1.998757121,3,1,Alpha Innovations,Display,Women 25-34,15 days,Website,0.13,"$17,513.00",7.32,Los Angeles,German,958,5905,1,Outdoor Adventurers,14/11/2021,Profit
1049,6,0.267702997,0.606744106,Organic,5.051853566,2,1,DataTech Solutions,Display,All Ages,60 days,Google Ads,0.08,"$14,596.00",2.05,Houston,English,637,4212,9,Fashionistas,15/11/2021,Loss
1050,6,1.76302477,0.067290678,Referral,6.356847003,1,1,NexGen Systems,Social Media,Women 25-34,60 days,Email,0.14,"$16,057.00",6.59,Houston,German,338,5101,5,Fashionistas,16/11/2021,Profit
1051,4,5.679827538,0.216059399,Social,4.999269263,1,1,TechCorp,Search,All Ages,60 days,Google Ads,0.06,"$16,052.00",4.28,Houston,Mandarin,832,6482,3,Foodies,17/11/2021,Loss
1052,6,2.870118852,0.544501818,Referral,2.070945354,3,1,Innovate Industries,Display,Men 25-34,60 days,Facebook,0.05,"$6,649.00",3.08,Los Angeles,German,771,1937,1,Foodies,18/11/2021,Loss
1053,9,1.037330134,0.210745877,Paid,1.471940842,2,1,Innovate Industries,Social Media,All Ages,60 days,YouTube,0.06,"$16,334.00",2.84,Chicago,French,653,4183,8,Fashionistas,19/11/2021,Loss
1054,6,1.638116215,0.428389534,Referral,1.682743856,0,1,NexGen Systems,Social Media,Women 25-34,60 days,Website,0.13,"$12,462.00",6.2,Los Angeles,French,987,8465,2,Fashionistas,20/11/2021,Profit
1055,4,3.679620429,0.404587801,Paid,3.501575004,1,1,Alpha Innovations,Email,Men 25-34,30 days,Website,0.08,"$13,326.00",3.45,Miami,German,756,9149,5,Outdoor Adventurers,21/11/2021,Loss
1056,6,10.86486752,0.143225202,Organic,0.876334148,0,1,Innovate Industries,Display,Men 25-34,15 days,Instagram,0.12,"$8,902.00",7.37,Miami,French,273,3784,9,Tech Enthusiasts,22/11/2021,Profit
1057,7,6.708671157,0.042960852,Direct,2.245409438,2,1,Alpha Innovations,Social Media,All Ages,45 days,Instagram,0.03,"$9,125.00",4.68,Miami,Spanish,558,5336,1,Health & Wellness,23/11/2021,Loss
1058,4,1.257624983,0.21968507,Paid,4.916652443,2,1,Alpha Innovations,Search,Women 35-44,30 days,YouTube,0.15,"$11,408.00",2.74,Houston,Mandarin,170,7670,3,Foodies,24/11/2021,Loss
1059,3,18.9563734,0.364267266,Referral,4.051324811,2,1,Innovate Industries,Search,Men 25-34,30 days,Google Ads,0.14,"$5,199.00",7,Miami,Mandarin,719,3907,6,Fashionistas,25/11/2021,Profit
1060,4,0.010532458,0.238233781,Paid,1.241465082,3,1,Innovate Industries,Email,Men 25-34,30 days,Facebook,0.07,"$18,797.00",4.23,Miami,French,326,7544,2,Health & Wellness,26/11/2021,Loss
1061,5,0.084055912,0.217926522,Organic,6.437025125,4,1,TechCorp,Email,Men 25-34,15 days,Facebook,0.06,"$16,926.00",3.6,New York,Spanish,340,8754,3,Fashionistas,27/11/2021,Loss
1062,3,5.209096591,0.0399059,Direct,2.907952992,2,1,Innovate Industries,Influencer,Women 25-34,45 days,Email,0.03,"$14,649.00",7.68,New York,Mandarin,814,6084,8,Tech Enthusiasts,28/11/2021,Profit
1063,5,0.667416406,0.303579615,Social,7.602310792,2,1,NexGen Systems,Display,Men 18-24,60 days,Website,0.14,"$18,902.00",5.06,Houston,English,921,7989,8,Fashionistas,29/11/2021,Profit
1064,3,0.188082328,0.309265827,Organic,2.017986756,3,1,TechCorp,Influencer,Men 18-24,60 days,YouTube,0.07,"$5,751.00",2.84,New York,Spanish,468,3069,3,Foodies,30/11/2021,Loss
1065,5,0.812074001,0.717651271,Direct,2.110078024,3,1,Innovate Industries,Influencer,Men 18-24,60 days,YouTube,0.05,"$18,325.00",6.35,Chicago,Mandarin,596,1902,8,Outdoor Adventurers,01/12/2021,Profit
1066,5,1.665901147,0.439637126,Referral,6.297714088,1,1,TechCorp,Display,Women 35-44,30 days,Website,0.14,"$5,475.00",7.69,Houston,English,188,8909,3,Health & Wellness,02/12/2021,Profit
1067,5,3.934298461,0.229546098,Paid,0.972428017,0,1,Innovate Industries,Display,Men 25-34,30 days,Facebook,0.08,"$19,191.00",3.63,Chicago,Spanish,431,1465,3,Outdoor Adventurers,03/12/2021,Loss
1068,6,2.937176675,0.08890919,Referral,4.99103744,2,1,NexGen Systems,Social Media,All Ages,45 days,YouTube,0.09,"$7,993.00",5.03,Chicago,Spanish,155,6114,4,Outdoor Adventurers,04/12/2021,Profit
1069,6,0.813935271,0.231333935,Organic,0.584795041,3,1,Innovate Industries,Social Media,All Ages,45 days,Instagram,0.07,"$8,980.00",6.94,Los Angeles,French,965,4505,7,Outdoor Adventurers,05/12/2021,Profit
1070,6,2.099128686,0.342005756,Paid,1.833863739,1,1,Alpha Innovations,Email,Women 35-44,60 days,Email,0.14,"$15,534.00",3.85,Miami,English,405,8649,2,Tech Enthusiasts,06/12/2021,Loss
1071,5,7.819763087,0.253387907,Organic,2.326844514,2,1,DataTech Solutions,Social Media,Men 25-34,60 days,Website,0.11,"$7,980.00",7.49,Miami,English,754,5957,1,Health & Wellness,07/12/2021,Profit
1072,7,5.062324478,0.386018709,Paid,4.807228534,5,1,Innovate Industries,Influencer,Men 18-24,60 days,YouTube,0.08,"$5,161.00",7.17,Houston,Mandarin,786,1961,5,Health & Wellness,08/12/2021,Profit
1073,3,1.171093132,0.395937865,Paid,0.227176218,5,0.902268799,DataTech Solutions,Email,Women 35-44,60 days,Instagram,0.11,"$16,999.00",6,Miami,French,346,3558,5,Foodies,09/12/2021,Profit
1074,5,12.09657137,0.355651532,Social,5.320568409,3,1,Innovate Industries,Display,Men 18-24,60 days,Instagram,0.02,"$8,684.00",3.29,New York,English,536,5612,7,Health & Wellness,10/12/2021,Loss
1075,7,3.699385188,0.200005657,Referral,2.18355994,4,1,TechCorp,Display,All Ages,60 days,Instagram,0.14,"$6,548.00",5.41,New York,Spanish,583,1081,1,Health & Wellness,11/12/2021,Profit
1076,2,0.193453506,0.363850728,Organic,8.151208132,3,1,NexGen Systems,Email,Men 25-34,60 days,Website,0.08,"$19,584.00",5.86,New York,English,895,2941,9,Outdoor Adventurers,12/12/2021,Profit
1077,8,0.107381201,0.457315909,Social,1.911817525,4,1,TechCorp,Influencer,Women 35-44,30 days,YouTube,0.02,"$8,779.00",2.68,Los Angeles,German,202,6358,2,Outdoor Adventurers,13/12/2021,Loss
1078,4,0.553239845,0.270866911,Paid,1.891102758,4,1,DataTech Solutions,Influencer,Men 18-24,30 days,Instagram,0.07,"$19,568.00",7.09,Miami,Mandarin,140,4789,5,Foodies,14/12/2021,Profit
1079,2,3.904270368,0.045726325,Referral,0.831353816,7,1,TechCorp,Email,Men 18-24,60 days,Google Ads,0.15,"$13,953.00",7.49,Chicago,Mandarin,981,7707,3,Foodies,15/12/2021,Profit
1080,5,0.609063094,0.079738208,Organic,3.592434486,1,1,Alpha Innovations,Search,Men 18-24,60 days,Google Ads,0.06,"$5,852.00",6.99,Miami,Mandarin,130,4084,3,Foodies,16/12/2021,Profit
1081,5,2.14916617,0.405458405,Social,9.977815436,2,1,TechCorp,Influencer,Women 35-44,60 days,Website,0.05,"$19,102.00",2.25,Miami,Mandarin,644,6303,7,Health & Wellness,17/12/2021,Loss
1082,4,0.293698985,0.21009253,Direct,2.678701799,3,1,Alpha Innovations,Social Media,Women 25-34,15 days,YouTube,0.01,"$13,496.00",4.16,Los Angeles,English,323,9354,5,Fashionistas,18/12/2021,Loss
1083,6,7.610602271,0.673249728,Social,3.676773623,0,1,NexGen Systems,Display,Women 35-44,30 days,Google Ads,0.09,"$19,387.00",7.31,Houston,Mandarin,962,5420,8,Health & Wellness,19/12/2021,Profit
1084,8,1.264603355,0.084013315,Direct,0.624590105,3,0.686504577,Innovate Industries,Search,Women 35-44,30 days,Facebook,0.03,"$16,204.00",2.29,Miami,Mandarin,531,7986,10,Foodies,20/12/2021,Loss
1085,4,7.162209392,0.274822478,Organic,5.251746095,2,1,Alpha Innovations,Search,Men 18-24,60 days,Instagram,0.09,"$7,916.00",7.26,Houston,German,458,5532,5,Foodies,21/12/2021,Profit
1086,3,8.69449077,0.040707759,Social,2.468613054,2,1,Alpha Innovations,Search,Women 35-44,30 days,Facebook,0.13,"$16,357.00",5.83,Miami,Spanish,497,3236,7,Tech Enthusiasts,22/12/2021,Profit
1087,6,0.018442514,0.122493243,Paid,2.16964159,1,0.635766499,DataTech Solutions,Email,Women 35-44,30 days,YouTube,0.05,"$14,641.00",6.17,Los Angeles,Spanish,826,6562,5,Health & Wellness,23/12/2021,Profit
1088,4,1.871620094,0.391021776,Organic,1.559381049,0,1,NexGen Systems,Influencer,Men 18-24,30 days,YouTube,0.07,"$19,269.00",5.64,New York,English,606,3427,1,Fashionistas,24/12/2021,Profit
1089,2,0.07489532,0.48604336,Referral,1.876248348,2,0.821474784,TechCorp,Influencer,Men 18-24,30 days,Email,0.02,"$6,072.00",6.56,Chicago,Mandarin,637,6409,10,Outdoor Adventurers,25/12/2021,Profit
1090,3,7.180575794,0.143488225,Referral,4.958674508,2,1,DataTech Solutions,Search,Men 18-24,45 days,Website,0.06,"$17,093.00",5.93,Chicago,English,748,5909,6,Outdoor Adventurers,26/12/2021,Profit
1091,1,2.191971153,0.420501916,Organic,5.958808885,2,1,Alpha Innovations,Social Media,Men 18-24,60 days,YouTube,0.04,"$9,762.00",7.48,Chicago,Mandarin,691,9981,10,Foodies,27/12/2021,Profit
1092,9,0.233703049,0.447290757,Organic,0.508047259,2,0.82959073,NexGen Systems,Email,All Ages,30 days,Website,0.01,"$11,964.00",3.32,Houston,Mandarin,469,3793,9,Health & Wellness,28/12/2021,Loss
1093,5,0.350534386,0.123285922,Organic,1.082672114,2,0.879241664,TechCorp,Social Media,Men 18-24,60 days,Instagram,0.08,"$18,902.00",6.58,New York,Mandarin,204,3753,1,Foodies,29/12/2021,Profit
1094,3,1.451134784,0.264553873,Organic,3.414649987,4,1,Alpha Innovations,Email,Men 25-34,15 days,Instagram,0.14,"$13,681.00",2.02,Houston,Mandarin,460,1936,10,Fashionistas,30/12/2021,Loss
1095,4,8.451964706,0.640308947,Organic,1.106803014,2,1,NexGen Systems,Email,Women 35-44,30 days,Website,0.07,"$9,320.00",2.55,Miami,French,951,3500,5,Tech Enthusiasts,31/12/2021,Loss
1096,3,3.541834956,0.214737314,Organic,1.36244456,3,1,NexGen Systems,Search,Men 25-34,45 days,Email,0.02,"$16,024.00",2.95,Chicago,Mandarin,929,5720,3,Foodies,01/01/2021,Loss
1097,4,6.066210419,0.189744329,Organic,1.635208725,2,1,Innovate Industries,Display,Women 25-34,15 days,Website,0.11,"$15,793.00",5.84,New York,Mandarin,681,1586,3,Fashionistas,02/01/2021,Profit
1098,6,1.369280539,0.3047467,Direct,4.297486206,3,1,DataTech Solutions,Search,Women 35-44,60 days,Google Ads,0.03,"$7,867.00",5.67,Los Angeles,Spanish,344,4687,3,Outdoor Adventurers,03/01/2021,Profit
1099,4,0.132525642,0.083217898,Social,7.666113086,1,1,NexGen Systems,Display,Men 25-34,30 days,YouTube,0.05,"$16,413.00",6.12,Los Angeles,German,433,1151,7,Foodies,04/01/2021,Profit
1100,2,10.98585239,0.131467261,Organic,2.77066242,5,1,TechCorp,Social Media,Men 18-24,15 days,Website,0.07,"$16,805.00",5.29,New York,Mandarin,965,6252,3,Foodies,05/01/2021,Profit
1101,6,0.05196647,0.429830093,Direct,3.510940806,2,1,Innovate Industries,Influencer,All Ages,45 days,Website,0.14,"$18,698.00",7.99,Los Angeles,Mandarin,994,8016,4,Foodies,06/01/2021,Profit
1102,3,8.849504759,0.469400323,Referral,4.926439722,1,1,Alpha Innovations,Search,Men 25-34,60 days,Website,0.05,"$19,242.00",3.42,Chicago,Spanish,721,3441,4,Tech Enthusiasts,07/01/2021,Loss
1103,6,1.379814999,0.525014418,Paid,1.658031888,5,1,NexGen Systems,Search,All Ages,60 days,Facebook,0.11,"$8,254.00",3.66,Chicago,German,414,1726,2,Outdoor Adventurers,08/01/2021,Loss
1104,2,0.030424975,0.238696863,Paid,4.59964403,3,1,DataTech Solutions,Search,Men 25-34,60 days,YouTube,0.02,"$16,525.00",4.98,New York,Mandarin,107,3068,10,Health & Wellness,09/01/2021,Loss
1105,8,3.505404189,0.23290231,Paid,10.70124688,2,1,Alpha Innovations,Social Media,Men 25-34,15 days,Email,0.1,"$17,111.00",6.79,Chicago,English,445,6826,7,Tech Enthusiasts,10/01/2021,Profit
1106,3,11.81822948,0.361720557,Organic,1.394191278,2,1,TechCorp,Email,Women 35-44,45 days,Website,0.05,"$14,379.00",2.46,New York,Mandarin,865,5147,1,Outdoor Adventurers,11/01/2021,Loss
1107,6,10.11134025,0.309246656,Organic,4.384028095,2,1,Alpha Innovations,Display,Women 25-34,15 days,YouTube,0.13,"$19,873.00",6.12,New York,Spanish,846,7513,1,Tech Enthusiasts,12/01/2021,Profit
1108,4,0.526408498,0.432939062,Paid,3.5299285,2,1,Alpha Innovations,Social Media,Men 25-34,30 days,YouTube,0.1,"$12,913.00",3.41,Miami,English,196,3515,6,Tech Enthusiasts,13/01/2021,Loss
1109,5,0.599921437,0.298685852,Paid,1.33220588,3,1,Alpha Innovations,Email,Women 35-44,15 days,Instagram,0.01,"$7,847.00",3.62,Los Angeles,French,470,1494,4,Fashionistas,14/01/2021,Loss
1110,6,2.5009467,0.297354214,Social,6.189268016,1,1,Alpha Innovations,Email,Women 35-44,60 days,Website,0.13,"$5,815.00",6.66,Los Angeles,French,442,9213,1,Outdoor Adventurers,15/01/2021,Profit
1111,1,3.042577619,0.128606296,Organic,2.000294139,1,1,DataTech Solutions,Social Media,All Ages,30 days,Google Ads,0.1,"$17,787.00",3.05,Chicago,English,519,2919,1,Fashionistas,16/01/2021,Loss
1112,5,4.03451207,0.088984618,Referral,1.189835119,2,1,DataTech Solutions,Social Media,All Ages,60 days,Instagram,0.15,"$17,972.00",4.43,Miami,English,736,4806,4,Tech Enthusiasts,17/01/2021,Loss
1113,7,0.599198062,0.348789968,Paid,2.122893732,2,1,Innovate Industries,Display,Women 35-44,30 days,Facebook,0.02,"$6,403.00",3.78,Los Angeles,Mandarin,295,5038,3,Tech Enthusiasts,18/01/2021,Loss
1114,6,9.583068225,0.218959125,Direct,4.680731114,0,1,Innovate Industries,Display,Men 18-24,15 days,Email,0.06,"$16,146.00",4.04,Miami,Spanish,559,7335,9,Tech Enthusiasts,19/01/2021,Loss
1115,6,3.054465899,0.095085623,Organic,2.090078409,3,1,TechCorp,Email,Men 18-24,60 days,Instagram,0.07,"$15,607.00",3.48,Miami,German,632,8634,6,Tech Enthusiasts,20/01/2021,Loss
1116,7,5.632872192,0.369939547,Direct,0.303633978,0,1,DataTech Solutions,Social Media,Men 18-24,15 days,YouTube,0.05,"$14,985.00",5.6,New York,Mandarin,229,5185,3,Tech Enthusiasts,21/01/2021,Profit
1117,4,2.330014977,0.59447252,Social,10.39256813,0,1,Innovate Industries,Search,Women 25-34,60 days,Google Ads,0.06,"$17,359.00",4.91,Chicago,English,422,9092,7,Foodies,22/01/2021,Loss
1118,3,1.604724112,0.158088964,Referral,6.630967651,2,1,Alpha Innovations,Display,Women 25-34,30 days,Google Ads,0.11,"$9,925.00",5.25,Chicago,Spanish,183,6148,4,Outdoor Adventurers,23/01/2021,Profit
1119,8,11.34073594,0.249430605,Referral,3.827702722,3,1,DataTech Solutions,Social Media,Women 25-34,60 days,Facebook,0.04,"$9,441.00",5.24,Miami,English,783,2998,3,Outdoor Adventurers,24/01/2021,Profit
1120,4,2.617692748,0.172679185,Organic,2.309530554,0,1,NexGen Systems,Influencer,All Ages,15 days,Email,0.02,"$16,223.00",5.87,Houston,English,271,4829,10,Outdoor Adventurers,25/01/2021,Profit
1121,5,6.049368291,0.205385241,Direct,2.470715458,1,1,TechCorp,Social Media,Women 25-34,45 days,Instagram,0.15,"$17,378.00",7.61,Miami,English,599,1933,2,Fashionistas,26/01/2021,Profit
1122,5,9.191544927,0.236180577,Organic,1.419464755,3,1,NexGen Systems,Influencer,All Ages,15 days,Google Ads,0.1,"$8,972.00",6.26,Los Angeles,Mandarin,441,6555,5,Fashionistas,27/01/2021,Profit
1123,3,3.375065557,0.180280099,Paid,3.511426392,1,1,Alpha Innovations,Display,Men 25-34,30 days,YouTube,0.03,"$11,862.00",3.96,Los Angeles,Mandarin,224,7841,6,Health & Wellness,28/01/2021,Loss
1124,9,2.388455943,0.337747101,Organic,13.1017075,3,1,NexGen Systems,Display,All Ages,30 days,Facebook,0.05,"$7,215.00",5.84,Miami,Mandarin,718,6491,1,Foodies,29/01/2021,Profit
1125,8,0.010551085,0.055157793,Paid,2.999242421,1,1,Alpha Innovations,Influencer,Men 25-34,45 days,YouTube,0.07,"$14,858.00",6.56,Los Angeles,German,608,7267,6,Fashionistas,30/01/2021,Profit
1126,6,0.122527361,0.328100166,Referral,5.499781595,1,1,TechCorp,Display,Women 35-44,15 days,Instagram,0.08,"$11,918.00",7.52,Houston,French,490,9394,9,Foodies,31/01/2021,Profit
1127,3,0.672624414,0.180182245,Direct,1.79433705,2,1,Alpha Innovations,Influencer,All Ages,15 days,Instagram,0.01,"$17,380.00",4.86,Miami,French,303,4035,1,Outdoor Adventurers,01/02/2021,Loss
1128,5,0.617415815,0.135115826,Paid,3.791222908,3,1,NexGen Systems,Influencer,Men 18-24,30 days,YouTube,0.04,"$9,649.00",5.63,Los Angeles,French,624,3250,7,Fashionistas,02/02/2021,Profit
1129,5,0.882142045,0.183999644,Direct,2.00950028,0,0.918515776,Alpha Innovations,Influencer,Women 25-34,45 days,Email,0.09,"$19,192.00",6.02,Chicago,English,930,8704,7,Foodies,03/02/2021,Profit
1130,5,1.091248174,0.549698113,Paid,3.373469032,1,1,NexGen Systems,Search,Men 25-34,15 days,Website,0.09,"$12,752.00",7.14,Chicago,English,599,5013,6,Outdoor Adventurers,04/02/2021,Profit
1131,3,1.339168325,0.332013727,Organic,7.946062333,3,1,TechCorp,Email,Women 25-34,45 days,Instagram,0.01,"$13,448.00",4.85,Miami,Spanish,645,4981,6,Fashionistas,05/02/2021,Loss
1132,7,1.636963972,0.419609466,Organic,4.165342444,1,1,TechCorp,Social Media,Men 25-34,15 days,Instagram,0.11,"$14,134.00",4.82,Los Angeles,Mandarin,964,9933,8,Tech Enthusiasts,06/02/2021,Loss
1133,3,0.312305053,0.12459563,Referral,7.74144437,5,1,NexGen Systems,Search,Men 25-34,15 days,Instagram,0.02,"$11,417.00",5.89,New York,German,755,8314,4,Health & Wellness,07/02/2021,Profit
1134,0,0.129856116,0.135796635,Organic,7.932359789,1,1,Innovate Industries,Influencer,Men 25-34,15 days,Facebook,0.15,"$8,905.00",6.33,Houston,Mandarin,378,5518,2,Health & Wellness,08/02/2021,Profit
1135,6,3.362062532,0.452676352,Paid,2.590288205,1,1,Alpha Innovations,Social Media,All Ages,45 days,Instagram,0.13,"$9,545.00",3.23,Los Angeles,German,263,2369,1,Health & Wellness,09/02/2021,Loss
1136,6,2.312254951,0.353594686,Organic,9.217724025,5,1,DataTech Solutions,Email,Men 18-24,15 days,Email,0.05,"$10,596.00",2.03,Chicago,German,768,9505,2,Health & Wellness,10/02/2021,Loss
1137,4,1.761739125,0.17543121,Paid,4.379389438,2,1,NexGen Systems,Search,Men 18-24,15 days,Instagram,0.1,"$13,263.00",7.51,Miami,English,515,2644,7,Foodies,11/02/2021,Profit
1138,5,3.018974081,0.053563872,Referral,4.150223524,1,1,TechCorp,Influencer,Women 25-34,45 days,Facebook,0.02,"$8,683.00",5.49,Los Angeles,Spanish,290,9970,9,Foodies,12/02/2021,Profit
1139,9,5.275195876,0.299723516,Paid,1.977556563,2,1,DataTech Solutions,Email,All Ages,60 days,YouTube,0.14,"$14,398.00",5.18,New York,French,473,7580,9,Foodies,13/02/2021,Profit
1140,5,1.674238678,0.250898313,Organic,6.827932458,1,1,TechCorp,Search,Women 25-34,15 days,YouTube,0.15,"$19,584.00",2.09,New York,German,997,2857,8,Fashionistas,14/02/2021,Loss
1141,4,3.074297153,0.205747343,Organic,4.617831932,1,1,NexGen Systems,Search,All Ages,15 days,Email,0.08,"$19,509.00",7.83,Los Angeles,French,563,4062,2,Outdoor Adventurers,15/02/2021,Profit
1142,3,9.209572124,0.213445624,Organic,1.881230254,3,1,Alpha Innovations,Social Media,All Ages,30 days,Instagram,0.1,"$14,209.00",7.65,New York,English,504,6662,8,Health & Wellness,16/02/2021,Profit
1143,6,5.490711938,0.522812175,Organic,4.962936051,3,1,TechCorp,Influencer,All Ages,45 days,YouTube,0.05,"$11,127.00",5.66,New York,French,409,4617,5,Health & Wellness,17/02/2021,Profit
1144,2,1.665381884,0.326730382,Paid,1.184025979,3,1,Alpha Innovations,Social Media,Women 25-34,30 days,Website,0.12,"$19,765.00",3.9,New York,Spanish,986,6331,7,Outdoor Adventurers,18/02/2021,Loss
1145,6,3.104520502,0.182866969,Referral,1.126836188,1,1,TechCorp,Display,Men 18-24,45 days,Email,0.09,"$5,735.00",4.31,New York,English,806,2542,4,Fashionistas,19/02/2021,Loss
1146,6,0.584655771,0.205405196,Organic,3.276582855,2,1,Alpha Innovations,Display,Men 25-34,60 days,Website,0.11,"$11,503.00",5.51,New York,French,101,8500,2,Tech Enthusiasts,20/02/2021,Profit
1147,6,2.466504122,0.637414976,Paid,2.420250184,3,1,TechCorp,Email,Women 25-34,15 days,Google Ads,0.13,"$17,283.00",3.48,Los Angeles,French,120,7828,7,Foodies,21/02/2021,Loss
1148,5,11.94223739,0.436523696,Paid,2.56502266,2,1,Innovate Industries,Influencer,Men 25-34,15 days,Facebook,0.13,"$19,438.00",4.46,Los Angeles,English,661,4671,2,Tech Enthusiasts,22/02/2021,Loss
1149,3,2.191395434,0.304550668,Organic,7.679903233,0,1,NexGen Systems,Email,All Ages,45 days,Google Ads,0.04,"$15,887.00",2.99,Houston,Mandarin,796,2663,7,Fashionistas,23/02/2021,Loss
1150,4,7.878234342,0.341995915,Paid,3.753003661,1,1,Innovate Industries,Influencer,All Ages,30 days,Facebook,0.04,"$5,161.00",5.67,Chicago,German,893,4422,1,Outdoor Adventurers,24/02/2021,Profit
1151,4,1.569377489,0.546451649,Organic,2.415192106,1,0.807179877,Alpha Innovations,Search,All Ages,60 days,Website,0.06,"$5,477.00",3.24,Houston,French,728,4607,4,Outdoor Adventurers,25/02/2021,Loss
1152,5,20.29051597,0.599826511,Paid,1.256012526,1,1,Innovate Industries,Social Media,Women 25-34,15 days,Google Ads,0.02,"$16,392.00",7.86,Houston,English,892,4104,7,Fashionistas,26/02/2021,Profit
1153,4,2.596935693,0.439566658,Social,4.364215257,3,1,NexGen Systems,Email,Men 18-24,45 days,Google Ads,0.1,"$15,726.00",2.25,Miami,German,167,9628,4,Tech Enthusiasts,27/02/2021,Loss
1154,4,0.129564983,0.235495826,Organic,5.084662936,1,1,Alpha Innovations,Influencer,Women 25-34,30 days,YouTube,0.14,"$9,693.00",7.07,Houston,French,809,6847,8,Health & Wellness,28/02/2021,Profit
1155,5,2.651142449,0.260372473,Referral,5.333400328,0,1,DataTech Solutions,Search,Men 25-34,15 days,Facebook,0.13,"$17,301.00",2.63,Chicago,French,493,1143,9,Health & Wellness,01/03/2021,Loss
1156,5,0.962983237,0.649049815,Paid,2.723776333,3,1,NexGen Systems,Email,Men 18-24,45 days,Facebook,0.07,"$10,528.00",7.86,Houston,French,519,2375,5,Fashionistas,02/03/2021,Profit
1157,5,0.099061647,0.408519172,Organic,0.674956946,2,1,Innovate Industries,Display,Women 25-34,15 days,Google Ads,0.01,"$6,939.00",5.87,New York,German,868,9416,8,Foodies,03/03/2021,Profit
1158,7,5.158650846,0.092141603,Referral,7.881332997,3,1,DataTech Solutions,Email,Men 18-24,45 days,Email,0.1,"$12,367.00",3.35,New York,German,299,1863,2,Fashionistas,04/03/2021,Loss
1159,3,0.96777158,0.459311323,Paid,1.198254921,2,0.798351528,TechCorp,Search,Men 18-24,30 days,Website,0.12,"$7,910.00",3.27,Houston,English,786,9483,9,Fashionistas,05/03/2021,Loss
1160,2,4.776983692,0.251689063,Paid,2.754811376,2,1,TechCorp,Social Media,Women 35-44,45 days,Facebook,0.12,"$6,708.00",2.26,Houston,German,268,6272,8,Foodies,06/03/2021,Loss
1161,4,1.019949025,0.400943368,Referral,5.406629208,2,1,DataTech Solutions,Display,Women 35-44,15 days,Instagram,0.1,"$7,666.00",5.44,Los Angeles,Spanish,284,7676,7,Foodies,07/03/2021,Profit
1162,4,0.648229572,0.114521688,Social,4.687511271,5,1,Alpha Innovations,Display,Men 18-24,30 days,Facebook,0.01,"$5,252.00",5.28,New York,Mandarin,190,7902,3,Tech Enthusiasts,08/03/2021,Profit
1163,6,10.94155166,0.322771454,Direct,1.705017876,0,1,TechCorp,Social Media,Men 18-24,45 days,Instagram,0.11,"$19,256.00",2.32,Los Angeles,Spanish,937,1215,1,Health & Wellness,09/03/2021,Loss
1164,3,1.346583712,0.266277713,Referral,11.77041037,2,1,NexGen Systems,Display,Men 25-34,60 days,Website,0.09,"$18,364.00",2,Los Angeles,Spanish,704,5626,5,Tech Enthusiasts,10/03/2021,Loss
1165,5,2.759211578,0.319642542,Social,2.701509939,2,1,Alpha Innovations,Email,Men 18-24,45 days,Facebook,0.14,"$10,702.00",6.18,Los Angeles,German,254,8482,7,Foodies,11/03/2021,Profit
1166,5,2.82468326,0.174692955,Organic,3.851562972,2,1,Innovate Industries,Email,Men 25-34,30 days,Google Ads,0.1,"$5,520.00",7.9,New York,German,257,4779,10,Health & Wellness,12/03/2021,Profit
1167,5,2.466171682,0.239871776,Paid,4.027801339,2,1,Alpha Innovations,Display,Men 18-24,60 days,Website,0.09,"$19,294.00",5.68,New York,Spanish,825,8314,9,Fashionistas,13/03/2021,Profit
1168,5,7.384592777,0.247697358,Organic,4.754937769,0,1,Innovate Industries,Search,Women 35-44,45 days,Website,0.12,"$15,356.00",4.64,Houston,Mandarin,905,3116,5,Foodies,14/03/2021,Loss
1169,3,3.36663538,0.315357438,Organic,4.844595689,3,1,DataTech Solutions,Email,Women 25-34,60 days,Instagram,0.03,"$6,684.00",6.5,Chicago,Spanish,824,3850,7,Tech Enthusiasts,15/03/2021,Profit
1170,10,1.551200198,0.396161573,Paid,2.250475284,1,0.963958394,TechCorp,Social Media,Men 25-34,45 days,Email,0.03,"$6,440.00",5.21,Houston,French,883,5190,4,Foodies,16/03/2021,Profit
1171,5,5.949785428,0.278134049,Referral,0.102496747,0,1,Alpha Innovations,Influencer,Women 25-34,30 days,Email,0.06,"$10,205.00",5.33,Houston,German,823,3836,9,Fashionistas,17/03/2021,Profit
1172,4,0.599243994,0.508117442,Paid,4.24509886,3,1,TechCorp,Influencer,Women 35-44,30 days,Facebook,0.09,"$12,273.00",6.41,Chicago,English,656,5109,3,Tech Enthusiasts,18/03/2021,Profit
1173,4,2.357345429,0.406161969,Referral,1.008315856,1,1,Alpha Innovations,Influencer,Men 25-34,15 days,Instagram,0.04,"$18,230.00",5.25,Miami,Mandarin,972,7060,6,Tech Enthusiasts,19/03/2021,Profit
1174,7,9.020402228,0.223846466,Paid,3.474143419,1,1,NexGen Systems,Display,Women 25-34,30 days,Facebook,0.03,"$6,437.00",5.29,Houston,French,426,2249,4,Tech Enthusiasts,20/03/2021,Profit
1175,3,2.945670486,0.247897109,Paid,5.012865629,4,1,NexGen Systems,Email,Men 25-34,15 days,Google Ads,0.12,"$17,550.00",7.01,Miami,Mandarin,163,4992,4,Outdoor Adventurers,21/03/2021,Profit
1176,6,5.094290218,0.147544979,Organic,3.808265526,1,1,NexGen Systems,Search,Women 35-44,15 days,Facebook,0.1,"$15,111.00",3.62,Miami,English,979,7222,9,Outdoor Adventurers,22/03/2021,Loss
1177,2,3.180143189,0.217055477,Organic,2.404854039,4,1,NexGen Systems,Search,Women 35-44,60 days,Website,0.06,"$5,111.00",5.31,Houston,German,918,5611,9,Tech Enthusiasts,23/03/2021,Profit
1178,4,5.485971214,0.224550397,Organic,2.870268267,2,1,TechCorp,Influencer,Women 25-34,60 days,Email,0.09,"$9,373.00",2.77,Chicago,Spanish,395,5952,9,Fashionistas,24/03/2021,Loss
1179,4,8.673461703,0.453154378,Referral,10.87521453,2,1,Alpha Innovations,Social Media,Women 25-34,15 days,Facebook,0.09,"$7,834.00",2.36,Miami,Mandarin,601,3533,8,Health & Wellness,25/03/2021,Loss
1180,4,0.956163427,0.142945443,Organic,3.320565537,1,1,NexGen Systems,Influencer,Women 25-34,30 days,Instagram,0.06,"$18,131.00",5.7,Los Angeles,German,812,8953,4,Fashionistas,26/03/2021,Profit
1181,8,0.557763977,0.276850163,Organic,1.012378307,2,1,DataTech Solutions,Search,Men 18-24,15 days,Email,0.08,"$9,160.00",6.21,Chicago,German,640,3840,10,Outdoor Adventurers,27/03/2021,Profit
1182,5,1.984891764,0.232690971,Referral,1.419355488,0,1,DataTech Solutions,Influencer,All Ages,60 days,Facebook,0.06,"$8,411.00",2.66,Houston,English,161,7493,8,Foodies,28/03/2021,Loss
1183,8,3.630600732,0.32184011,Paid,6.43571968,1,1,TechCorp,Search,All Ages,60 days,Google Ads,0.02,"$10,862.00",4.34,Los Angeles,Spanish,515,7070,6,Health & Wellness,29/03/2021,Loss
1184,5,0.773171033,0.323819472,Paid,0.850059169,7,1,NexGen Systems,Email,Women 35-44,45 days,YouTube,0.08,"$8,422.00",3.42,New York,English,758,1455,7,Tech Enthusiasts,30/03/2021,Loss
1185,7,0.012329653,0.253749422,Organic,1.956763313,4,1,DataTech Solutions,Search,Men 25-34,60 days,Email,0.06,"$18,330.00",4.57,Los Angeles,German,156,5696,3,Foodies,31/03/2021,Loss
1186,8,1.259917521,0.186107184,Paid,4.600349271,2,1,Alpha Innovations,Social Media,All Ages,60 days,Google Ads,0.05,"$19,233.00",3.65,New York,Spanish,122,8862,5,Health & Wellness,01/04/2021,Loss
1187,3,10.40772232,0.637170994,Social,3.230278394,0,1,Innovate Industries,Display,Women 25-34,45 days,Google Ads,0.15,"$7,237.00",7.02,Los Angeles,French,357,2674,10,Tech Enthusiasts,02/04/2021,Profit
1188,4,3.562010465,0.260869096,Social,3.252520683,4,1,TechCorp,Social Media,All Ages,30 days,Instagram,0.02,"$10,286.00",3.72,New York,Spanish,440,1835,3,Fashionistas,03/04/2021,Loss
1189,6,1.539111422,0.657824952,Referral,7.505771372,2,1,Alpha Innovations,Influencer,All Ages,60 days,Email,0.04,"$18,227.00",4.86,Miami,Mandarin,962,5137,5,Foodies,04/04/2021,Loss
1190,4,0.6417194,0.339417148,Organic,0.442690359,2,0.72809745,Innovate Industries,Social Media,All Ages,45 days,Website,0.03,"$14,614.00",2.41,Chicago,German,468,6010,9,Foodies,05/04/2021,Loss
1191,4,1.320587423,0.20149683,Referral,4.71029678,1,1,Alpha Innovations,Display,Women 25-34,60 days,Email,0.11,"$15,690.00",3.72,Los Angeles,French,510,1815,6,Outdoor Adventurers,06/04/2021,Loss
1192,6,0.558408429,0.215797836,Organic,9.481496265,3,1,NexGen Systems,Social Media,Women 35-44,30 days,Website,0.04,"$15,047.00",6.73,Miami,French,419,8498,1,Tech Enthusiasts,07/04/2021,Profit
1193,2,0.337174933,0.105208317,Organic,2.629227638,3,1,DataTech Solutions,Social Media,Women 25-34,45 days,Google Ads,0.15,"$19,216.00",6.52,New York,French,503,2413,9,Fashionistas,08/04/2021,Profit
1194,4,7.117168285,0.367161074,Organic,2.48602448,1,1,TechCorp,Display,Women 35-44,60 days,Google Ads,0.12,"$18,954.00",6.71,Los Angeles,French,103,5640,9,Fashionistas,09/04/2021,Profit
1195,2,18.16045185,0.046768183,Social,4.172996058,2,1,TechCorp,Display,Men 18-24,30 days,Website,0.13,"$15,225.00",4.89,Miami,Spanish,273,3357,9,Fashionistas,10/04/2021,Loss
1196,8,0.537790694,0.329165577,Referral,3.18845116,1,1,Innovate Industries,Social Media,Men 25-34,45 days,Email,0.07,"$9,135.00",4.22,Miami,German,384,4130,8,Health & Wellness,11/04/2021,Loss
1197,7,0.168195751,0.146456612,Referral,5.28639563,0,1,TechCorp,Search,Women 25-34,60 days,Facebook,0.09,"$5,725.00",2.12,Chicago,Spanish,783,2198,4,Foodies,12/04/2021,Loss
1198,2,1.200228943,0.29849452,Referral,2.885891879,4,1,NexGen Systems,Influencer,Men 25-34,15 days,Website,0.15,"$13,571.00",3.98,Los Angeles,French,884,9638,2,Health & Wellness,13/04/2021,Loss
1199,5,1.857790279,0.297902311,Organic,3.578461975,1,1,Alpha Innovations,Email,All Ages,30 days,Instagram,0.06,"$19,735.00",7.58,Houston,Spanish,186,2223,6,Health & Wellness,14/04/2021,Profit
1200,6,0.687565029,0.155292964,Paid,0.906900992,4,1,Alpha Innovations,Display,Women 35-44,45 days,Website,0.06,"$6,397.00",5.91,Miami,French,655,4663,4,Foodies,15/04/2021,Profit
1201,7,1.076137821,0.19845493,Referral,3.499397754,3,1,NexGen Systems,Influencer,Women 35-44,45 days,Instagram,0.12,"$17,670.00",7.12,Los Angeles,Mandarin,759,7663,3,Health & Wellness,16/04/2021,Profit
1202,7,0.672697691,0.482317615,Referral,3.068580119,1,0.673259701,DataTech Solutions,Display,Women 35-44,15 days,Facebook,0.04,"$9,212.00",6.3,Houston,German,118,8405,4,Outdoor Adventurers,17/04/2021,Profit
1203,7,4.465121708,0.504348112,Social,9.330936061,3,1,TechCorp,Search,All Ages,30 days,Facebook,0.01,"$16,546.00",4.02,Los Angeles,German,757,2053,7,Foodies,18/04/2021,Loss
1204,6,3.740410687,0.279626004,Organic,5.779129043,1,1,Alpha Innovations,Search,Men 25-34,60 days,Email,0.14,"$8,200.00",3.58,Houston,Mandarin,775,6975,10,Outdoor Adventurers,19/04/2021,Loss
1205,5,3.023175302,0.388317071,Social,4.013596729,0,1,Innovate Industries,Email,All Ages,45 days,Instagram,0.12,"$10,159.00",3.45,New York,Spanish,349,8179,7,Tech Enthusiasts,20/04/2021,Loss
1206,5,1.469237403,0.582059611,Paid,4.597228195,2,1,Alpha Innovations,Social Media,Women 35-44,60 days,Instagram,0.05,"$5,712.00",4.41,Houston,French,573,8646,2,Outdoor Adventurers,21/04/2021,Loss
1207,8,7.192037335,0.269988203,Referral,3.252713018,0,1,Alpha Innovations,Search,Men 18-24,60 days,Website,0.14,"$10,229.00",3.91,Los Angeles,German,831,5825,8,Tech Enthusiasts,22/04/2021,Loss
1208,7,10.4732883,0.11467969,Paid,3.10018259,3,1,TechCorp,Search,Women 35-44,60 days,Google Ads,0.15,"$10,358.00",3.87,Miami,German,985,6974,10,Foodies,23/04/2021,Loss
1209,4,0.5721718,0.51298022,Direct,5.281506723,2,1,DataTech Solutions,Search,Men 25-34,30 days,Google Ads,0.1,"$10,783.00",5.24,New York,Mandarin,715,3450,9,Fashionistas,24/04/2021,Profit
1210,5,0.756993595,0.122374954,Organic,1.872851029,2,1,Alpha Innovations,Social Media,Women 25-34,60 days,Facebook,0.11,"$11,096.00",4.51,Houston,French,806,4353,7,Fashionistas,25/04/2021,Loss
1211,8,2.237309514,0.131937928,Referral,2.138449864,2,1,NexGen Systems,Search,Women 25-34,60 days,Instagram,0.05,"$11,780.00",5.45,Miami,German,376,6635,5,Fashionistas,26/04/2021,Profit
1212,5,0.28705763,0.39011813,Paid,0.650606255,4,0.545714998,DataTech Solutions,Email,Women 25-34,45 days,Email,0.04,"$12,054.00",6.48,Los Angeles,Spanish,140,4599,8,Fashionistas,27/04/2021,Profit
1213,2,1.720489131,0.134576452,Organic,2.645881105,0,0.811921478,TechCorp,Email,Women 35-44,60 days,Email,0.06,"$15,947.00",5.73,Miami,Spanish,198,1820,1,Foodies,28/04/2021,Profit
1214,3,2.615323814,0.067174133,Organic,3.220668961,0,1,Alpha Innovations,Influencer,Men 25-34,45 days,Facebook,0.09,"$13,432.00",2.81,Houston,Mandarin,868,2221,9,Foodies,29/04/2021,Loss
1215,7,2.214895419,0.220278768,Social,4.28050596,2,1,Innovate Industries,Search,Men 18-24,15 days,Website,0.06,"$12,031.00",7.41,Los Angeles,German,513,9586,5,Foodies,30/04/2021,Profit
1216,3,1.205503743,0.110886639,Organic,1.030438066,3,1,DataTech Solutions,Social Media,Women 25-34,30 days,Facebook,0.06,"$8,340.00",5.18,Houston,English,463,7047,2,Fashionistas,01/05/2021,Profit
1217,8,2.345579834,0.424903516,Organic,3.436886404,3,1,TechCorp,Email,Women 35-44,30 days,Email,0.12,"$9,014.00",2.19,New York,French,481,8990,5,Outdoor Adventurers,02/05/2021,Loss
1218,1,9.568020554,0.342495518,Direct,5.221372647,1,1,Innovate Industries,Influencer,All Ages,45 days,Google Ads,0.07,"$11,977.00",5.08,Chicago,Spanish,216,8693,5,Outdoor Adventurers,03/05/2021,Profit
1219,5,0.692081213,0.560271624,Referral,1.481409148,1,0.94993339,Alpha Innovations,Email,Men 25-34,15 days,Facebook,0.02,"$12,675.00",4.86,Chicago,German,611,1114,5,Outdoor Adventurers,04/05/2021,Loss
1220,3,3.191166495,0.34862905,Organic,7.746799378,0,1,NexGen Systems,Email,Men 18-24,45 days,Facebook,0.14,"$11,215.00",3.34,Miami,Mandarin,688,5640,4,Fashionistas,05/05/2021,Loss
1221,5,0.133099476,0.274059665,Paid,2.174493291,2,1,TechCorp,Influencer,Men 25-34,30 days,Email,0.04,"$5,685.00",5.74,Los Angeles,French,435,2918,4,Foodies,06/05/2021,Profit
1222,5,0.206174308,0.660417396,Paid,13.23233754,2,1,NexGen Systems,Influencer,Women 25-34,15 days,Facebook,0.01,"$13,989.00",2.88,New York,French,837,7303,3,Tech Enthusiasts,07/05/2021,Loss
1223,2,2.407736076,0.248938603,Social,8.902093019,4,1,TechCorp,Email,Men 18-24,45 days,YouTube,0.11,"$12,484.00",5.77,Miami,Mandarin,222,1622,9,Health & Wellness,08/05/2021,Profit
1224,7,0.332590824,0.08077609,Referral,2.062910999,3,0.854331291,Alpha Innovations,Social Media,Men 25-34,45 days,Facebook,0.08,"$9,270.00",3.27,Chicago,German,987,9060,10,Foodies,09/05/2021,Loss
1225,2,0.067800784,0.401971046,Social,6.455193015,0,1,Alpha Innovations,Email,Women 35-44,45 days,Instagram,0.1,"$10,539.00",3.27,Houston,Spanish,908,2673,2,Tech Enthusiasts,10/05/2021,Loss
1226,4,0.564462391,0.241075599,Organic,6.719267261,2,1,NexGen Systems,Display,All Ages,15 days,Facebook,0.01,"$7,599.00",3.31,Los Angeles,English,506,8733,9,Foodies,11/05/2021,Loss
1227,5,2.496187724,0.290916967,Referral,2.559096259,2,1,TechCorp,Display,Women 25-34,15 days,Instagram,0.07,"$18,233.00",5.85,Chicago,Mandarin,317,1822,6,Outdoor Adventurers,12/05/2021,Profit
1228,4,3.645515384,0.148753123,Organic,4.180110233,1,1,Alpha Innovations,Search,Men 25-34,45 days,Website,0.11,"$16,358.00",3.74,New York,French,144,6270,5,Fashionistas,13/05/2021,Loss
1229,4,0.678739698,0.183684199,Organic,2.238174383,5,1,Alpha Innovations,Display,Women 35-44,15 days,YouTube,0.14,"$14,642.00",7.4,Miami,Spanish,822,2687,9,Foodies,14/05/2021,Profit
1230,5,3.310206159,0.244735387,Referral,1.339127131,0,1,TechCorp,Email,All Ages,15 days,Instagram,0.12,"$14,796.00",4.07,Los Angeles,Mandarin,337,2216,8,Tech Enthusiasts,15/05/2021,Loss
1231,4,0.604426272,0.098124012,Organic,7.968969534,0,1,DataTech Solutions,Email,All Ages,15 days,Email,0.05,"$6,747.00",7.67,Los Angeles,Mandarin,387,5694,10,Health & Wellness,16/05/2021,Profit
1232,4,2.851539798,0.197219986,Paid,2.979776998,3,1,NexGen Systems,Social Media,All Ages,30 days,Instagram,0.02,"$19,111.00",4.06,Chicago,English,670,3982,3,Health & Wellness,17/05/2021,Loss
1233,5,1.592879285,0.267493859,Social,4.330395962,2,1,NexGen Systems,Display,Women 35-44,15 days,Instagram,0.14,"$16,051.00",3.7,Los Angeles,Spanish,777,1596,3,Foodies,18/05/2021,Loss
1234,7,3.182211657,0.412172583,Organic,7.607891075,3,1,NexGen Systems,Search,Women 35-44,60 days,Facebook,0.06,"$5,214.00",7.03,Chicago,French,869,5462,1,Foodies,19/05/2021,Profit
1235,6,15.92677174,0.10703913,Organic,6.85944309,3,1,TechCorp,Email,Women 35-44,15 days,YouTube,0.15,"$11,348.00",6.21,Chicago,German,414,3758,7,Fashionistas,20/05/2021,Profit
1236,6,8.333019208,0.185198739,Referral,2.44678762,1,1,NexGen Systems,Social Media,Women 35-44,60 days,Email,0.14,"$18,357.00",2.74,New York,German,395,3038,1,Outdoor Adventurers,21/05/2021,Loss
1237,8,0.012872852,0.123834445,Direct,1.890609247,4,0.772729202,Alpha Innovations,Influencer,All Ages,60 days,Google Ads,0.06,"$17,071.00",6.77,Houston,French,772,1724,10,Outdoor Adventurers,22/05/2021,Profit
1238,5,6.49993737,0.274438934,Referral,0.404793497,4,1,NexGen Systems,Email,Men 25-34,60 days,Email,0.09,"$18,435.00",7.91,New York,English,366,5170,2,Foodies,23/05/2021,Profit
1239,2,0.206413366,0.181982105,Paid,6.306514257,0,1,DataTech Solutions,Influencer,All Ages,30 days,Instagram,0.14,"$10,240.00",5.97,Houston,Mandarin,868,3410,8,Outdoor Adventurers,24/05/2021,Profit
1240,4,9.175798091,0.115333911,Organic,3.220545764,3,1,DataTech Solutions,Email,Women 35-44,45 days,YouTube,0.13,"$12,126.00",7.53,Houston,German,605,8048,6,Tech Enthusiasts,25/05/2021,Profit
1241,6,0.993128858,0.355234981,Organic,1.175106603,5,1,NexGen Systems,Display,Women 35-44,45 days,Facebook,0.11,"$16,198.00",6.34,Houston,English,667,7095,10,Outdoor Adventurers,26/05/2021,Profit
1242,3,1.443969549,0.392437567,Referral,3.11010656,2,1,TechCorp,Display,Women 35-44,45 days,YouTube,0.09,"$16,123.00",7.78,Chicago,English,282,5001,7,Tech Enthusiasts,27/05/2021,Profit
1243,3,0.288337582,0.265405765,Organic,9.132775394,0,1,DataTech Solutions,Display,Women 35-44,45 days,Google Ads,0.06,"$13,308.00",7.56,Miami,English,571,3118,10,Tech Enthusiasts,28/05/2021,Profit
1244,5,0.35727223,0.837278967,Social,9.323700648,1,1,DataTech Solutions,Social Media,Women 35-44,60 days,Instagram,0.11,"$5,665.00",4.22,Chicago,English,241,3266,2,Health & Wellness,29/05/2021,Loss
1245,5,3.892000874,0.322082428,Paid,0.957236746,1,0.933345432,DataTech Solutions,Influencer,Men 18-24,60 days,YouTube,0.15,"$13,060.00",6.6,Chicago,German,334,4892,6,Foodies,30/05/2021,Profit
1246,6,8.665062115,0.121396678,Paid,1.853071683,3,1,DataTech Solutions,Social Media,All Ages,15 days,YouTube,0.07,"$16,729.00",5.65,New York,English,906,1004,10,Outdoor Adventurers,31/05/2021,Profit
1247,2,2.830588805,0.379562401,Social,9.508342455,1,1,Innovate Industries,Email,Women 35-44,45 days,Google Ads,0.06,"$6,095.00",2.58,Chicago,Spanish,330,8440,7,Tech Enthusiasts,01/06/2021,Loss
1248,6,3.774759198,0.265678649,Social,2.30957814,0,1,NexGen Systems,Display,All Ages,30 days,Instagram,0.02,"$16,296.00",3.13,New York,Spanish,790,9439,1,Outdoor Adventurers,02/06/2021,Loss
1249,4,4.30607247,0.28508782,Referral,2.369930585,2,1,DataTech Solutions,Search,Men 18-24,45 days,Website,0.08,"$6,267.00",5.5,New York,Mandarin,300,9784,1,Fashionistas,03/06/2021,Profit
1250,3,0.91474625,0.488563882,Direct,0.641850389,2,0.81232306,TechCorp,Display,Men 18-24,60 days,Instagram,0.11,"$15,307.00",3.03,New York,Spanish,560,8180,7,Health & Wellness,04/06/2021,Loss
1251,4,0.138853256,0.162970953,Direct,2.928984665,0,1,DataTech Solutions,Social Media,Women 25-34,15 days,YouTube,0.04,"$14,116.00",6.28,Los Angeles,English,244,3565,5,Tech Enthusiasts,05/06/2021,Profit
1252,2,0.005623499,0.065051363,Direct,6.650157151,2,1,TechCorp,Email,Women 35-44,30 days,Google Ads,0.03,"$16,101.00",6.12,Chicago,Mandarin,851,5365,9,Foodies,06/06/2021,Profit
1253,6,1.295346937,0.17143415,Social,0.63538309,3,1,NexGen Systems,Search,Women 35-44,30 days,Website,0.06,"$14,863.00",2.34,New York,Mandarin,566,7998,7,Tech Enthusiasts,07/06/2021,Loss
1254,8,0.82909596,0.286896594,Referral,1.369057709,0,0.912763812,DataTech Solutions,Influencer,Men 25-34,15 days,Google Ads,0.08,"$9,277.00",4.27,New York,French,965,6798,3,Fashionistas,08/06/2021,Loss
1255,5,0.19303234,0.132425454,Referral,7.420902775,1,1,TechCorp,Search,Women 25-34,60 days,Facebook,0.07,"$12,535.00",5.91,Miami,French,415,1824,9,Foodies,09/06/2021,Profit
1256,6,0.593627553,0.390357058,Organic,5.22632968,2,1,DataTech Solutions,Email,Men 18-24,15 days,Facebook,0.03,"$18,550.00",5.99,Los Angeles,German,428,7371,9,Health & Wellness,10/06/2021,Profit
1257,5,0.398876607,0.361142007,Organic,2.136764719,1,1,TechCorp,Search,Women 35-44,15 days,YouTube,0.03,"$8,149.00",2.75,Los Angeles,English,487,6102,2,Health & Wellness,11/06/2021,Loss
1258,5,7.391022687,0.139091445,Organic,15.11562814,0,1,NexGen Systems,Display,Women 25-34,30 days,Email,0.06,"$13,310.00",3.16,Chicago,English,334,3350,8,Tech Enthusiasts,12/06/2021,Loss
1259,6,0.453400954,0.262474245,Organic,5.131584712,1,1,NexGen Systems,Email,Men 18-24,45 days,YouTube,0.09,"$16,130.00",6.96,Miami,French,912,8343,6,Tech Enthusiasts,13/06/2021,Profit
1260,4,2.31428933,0.669489073,Paid,9.482551429,1,1,TechCorp,Email,Women 35-44,15 days,Email,0.08,"$11,288.00",2.29,Los Angeles,Mandarin,577,5936,8,Fashionistas,14/06/2021,Loss
1261,4,2.697607378,0.420652684,Organic,3.317982821,2,1,NexGen Systems,Search,Women 25-34,30 days,YouTube,0.1,"$18,218.00",3.86,New York,Spanish,452,4033,5,Fashionistas,15/06/2021,Loss
1262,5,2.352430456,0.233271993,Direct,1.98824141,1,1,DataTech Solutions,Influencer,Women 35-44,30 days,Website,0.02,"$5,708.00",3.72,Chicago,Mandarin,345,7102,6,Fashionistas,16/06/2021,Loss
1263,5,0.312937975,0.334995213,Social,2.709862453,5,1,Innovate Industries,Email,Men 25-34,30 days,Google Ads,0.12,"$11,855.00",2.66,Chicago,Spanish,105,2234,8,Fashionistas,17/06/2021,Loss
1264,4,1.151690776,0.176551289,Organic,0.879569273,3,1,NexGen Systems,Display,All Ages,60 days,Google Ads,0.12,"$18,287.00",6.53,Miami,German,157,5905,5,Foodies,18/06/2021,Profit
1265,4,0.157894144,0.198601688,Organic,6.142262985,1,1,TechCorp,Social Media,Men 25-34,45 days,Email,0.02,"$11,618.00",6.73,Chicago,Spanish,746,4190,8,Health & Wellness,19/06/2021,Profit
1266,7,1.510904191,0.802257273,Social,2.608187884,2,1,DataTech Solutions,Search,Women 25-34,15 days,YouTube,0.11,"$6,238.00",4.9,Los Angeles,Spanish,989,5228,6,Fashionistas,20/06/2021,Loss
1267,5,0.626978433,0.068404014,Social,3.942621233,3,1,DataTech Solutions,Email,All Ages,45 days,Email,0.12,"$15,848.00",7.26,New York,German,877,3471,1,Tech Enthusiasts,21/06/2021,Profit
1268,4,2.474093266,0.349861956,Direct,2.251743353,2,1,Innovate Industries,Influencer,All Ages,60 days,Website,0.04,"$5,928.00",7.53,Los Angeles,English,795,7633,7,Health & Wellness,22/06/2021,Profit
1269,3,3.540850805,0.326500254,Direct,3.866064636,3,1,NexGen Systems,Email,All Ages,60 days,Email,0.1,"$6,252.00",6.28,Los Angeles,French,629,4581,2,Foodies,23/06/2021,Profit
1270,9,2.278629382,0.307208102,Direct,0.565035293,3,1,NexGen Systems,Email,Women 35-44,30 days,Instagram,0.1,"$6,796.00",6.65,Los Angeles,English,238,3730,10,Tech Enthusiasts,24/06/2021,Profit
1271,6,1.70873844,0.301468501,Paid,4.281419173,3,1,NexGen Systems,Email,Men 25-34,15 days,Facebook,0.1,"$9,895.00",4.56,Los Angeles,French,272,7435,5,Health & Wellness,25/06/2021,Loss
1272,6,1.469803223,0.540633083,Organic,1.387694051,2,0.829870487,Alpha Innovations,Influencer,All Ages,30 days,Google Ads,0.12,"$18,104.00",5.45,Chicago,English,368,5530,5,Fashionistas,26/06/2021,Profit
1273,4,5.529633935,0.212494942,Social,2.513552505,1,1,TechCorp,Social Media,Women 25-34,30 days,Website,0.03,"$8,859.00",7,New York,Spanish,992,7574,9,Health & Wellness,27/06/2021,Profit
1274,7,0.742954543,0.335191785,Organic,2.223829331,2,1,DataTech Solutions,Social Media,Men 25-34,60 days,Facebook,0.09,"$14,503.00",6.64,Chicago,French,221,3567,5,Foodies,28/06/2021,Profit
1275,6,3.975240398,0.015749648,Social,4.135313164,0,1,NexGen Systems,Display,Men 18-24,30 days,Email,0.07,"$10,743.00",5.03,New York,Mandarin,752,1807,6,Fashionistas,29/06/2021,Profit
1276,6,4.250042051,0.141649006,Paid,0.846277006,2,1,Alpha Innovations,Email,Men 18-24,15 days,Google Ads,0.04,"$17,569.00",4.26,New York,French,895,2185,5,Tech Enthusiasts,30/06/2021,Loss
1277,2,1.630046484,0.302186941,Social,2.204824031,2,1,Alpha Innovations,Email,Men 18-24,45 days,Instagram,0.07,"$11,926.00",2.39,Los Angeles,Spanish,631,1485,3,Outdoor Adventurers,01/07/2021,Loss
1278,6,1.058478221,0.124643593,Organic,7.486810212,1,1,NexGen Systems,Display,Women 25-34,60 days,Instagram,0.03,"$14,374.00",4.14,New York,Spanish,865,8480,7,Foodies,02/07/2021,Loss
1279,4,1.907701399,0.350442089,Paid,1.159194907,2,1,Innovate Industries,Email,Men 25-34,60 days,Email,0.01,"$9,887.00",4.68,Houston,German,501,8783,8,Tech Enthusiasts,03/07/2021,Loss
1280,7,0.293546153,0.357799994,Paid,0.760446461,2,1,NexGen Systems,Search,Women 35-44,45 days,Website,0.12,"$8,325.00",6.76,Chicago,Mandarin,852,3570,6,Tech Enthusiasts,04/07/2021,Profit
1281,8,0.141054806,0.340355542,Direct,1.88778593,2,1,NexGen Systems,Email,Women 25-34,30 days,Email,0.07,"$13,432.00",3.34,Los Angeles,Spanish,197,5963,7,Fashionistas,05/07/2021,Loss
1282,6,0.355010365,0.242236038,Organic,1.629048659,4,1,DataTech Solutions,Email,Men 25-34,60 days,Facebook,0.03,"$12,460.00",4.89,Miami,English,548,2500,9,Tech Enthusiasts,06/07/2021,Loss
1283,3,0.621607727,0.227468283,Direct,10.70188101,2,1,Alpha Innovations,Search,All Ages,45 days,Email,0.11,"$8,952.00",2.27,Chicago,English,536,7119,4,Tech Enthusiasts,07/07/2021,Loss
1284,4,2.104607725,0.055135268,Social,5.552082709,3,1,DataTech Solutions,Email,Men 25-34,15 days,Website,0.02,"$10,898.00",5.21,Los Angeles,French,821,4209,3,Health & Wellness,08/07/2021,Profit
1285,5,5.674142181,0.293834158,Referral,0.706960271,1,1,Alpha Innovations,Email,Women 25-34,30 days,Google Ads,0.14,"$10,707.00",7.04,Los Angeles,French,254,7406,6,Tech Enthusiasts,09/07/2021,Profit
1286,3,0.806158343,0.367243392,Social,2.718768739,3,1,Innovate Industries,Social Media,Women 35-44,15 days,Google Ads,0.14,"$8,395.00",5.18,Miami,German,478,7786,4,Foodies,10/07/2021,Profit
1287,5,8.20759078,0.300506093,Referral,3.898192482,1,1,DataTech Solutions,Email,Women 35-44,30 days,YouTube,0.01,"$10,584.00",6.12,Houston,English,557,2592,3,Health & Wellness,11/07/2021,Profit
1288,8,9.297145237,0.338642694,Organic,2.609908538,2,1,Innovate Industries,Email,All Ages,15 days,Website,0.15,"$7,380.00",2.06,Chicago,French,167,1664,1,Tech Enthusiasts,12/07/2021,Loss
1289,8,9.575577611,0.057250197,Organic,0.311181881,0,1,NexGen Systems,Display,All Ages,60 days,Website,0.1,"$15,133.00",5.77,Houston,English,942,4659,5,Health & Wellness,13/07/2021,Profit
1290,5,5.452390234,0.41965355,Social,4.547310043,2,1,Alpha Innovations,Email,Women 25-34,30 days,Facebook,0.08,"$5,915.00",5.93,Houston,English,497,5947,3,Foodies,14/07/2021,Profit
1291,5,1.356844981,0.16102056,Referral,1.119087296,2,1,TechCorp,Influencer,Women 35-44,60 days,Email,0.04,"$10,986.00",4.15,New York,Mandarin,341,9594,5,Fashionistas,15/07/2021,Loss
1292,8,0.226382373,0.21739406,Organic,0.477716969,0,0.964732246,DataTech Solutions,Social Media,Men 25-34,45 days,Email,0.03,"$10,887.00",5.23,Houston,Mandarin,804,8062,8,Health & Wellness,16/07/2021,Profit
1293,5,2.523680104,0.50423086,Referral,0.561243423,2,1,Alpha Innovations,Email,All Ages,60 days,Instagram,0.15,"$5,790.00",7.21,New York,Mandarin,573,6648,9,Health & Wellness,17/07/2021,Profit
1294,4,2.453964945,0.321009301,Paid,2.418289637,0,0.913663595,Innovate Industries,Email,Men 25-34,45 days,Email,0.09,"$11,754.00",4.44,Chicago,French,810,4274,3,Tech Enthusiasts,18/07/2021,Loss
1295,3,5.690875336,0.608011778,Organic,3.52496899,2,1,TechCorp,Email,Women 25-34,60 days,Facebook,0.03,"$5,547.00",6.94,Miami,English,418,2397,6,Foodies,19/07/2021,Profit
1296,7,16.55767846,0.20701756,Paid,0.542662289,5,1,Innovate Industries,Email,Women 25-34,30 days,Instagram,0.11,"$7,649.00",7.6,Los Angeles,French,601,5735,6,Tech Enthusiasts,20/07/2021,Profit
1297,4,2.128789027,0.295688418,Organic,2.387569745,1,1,DataTech Solutions,Influencer,Men 25-34,30 days,Instagram,0.15,"$17,171.00",2.69,Chicago,English,888,9348,4,Foodies,21/07/2021,Loss
1298,4,1.270294769,0.316809094,Organic,1.477053291,2,0.810643694,NexGen Systems,Social Media,Men 25-34,30 days,Instagram,0.11,"$12,348.00",3.54,Los Angeles,German,608,7469,2,Fashionistas,22/07/2021,Loss
1299,5,0.617022518,0.22200468,Paid,5.813268149,3,1,DataTech Solutions,Social Media,Men 25-34,15 days,Instagram,0.08,"$11,913.00",7.14,Miami,German,789,7249,8,Tech Enthusiasts,23/07/2021,Profit
1300,3,0.014434143,0.100999896,Paid,1.951613603,2,0.809897714,NexGen Systems,Email,Women 35-44,30 days,Website,0.14,"$6,667.00",6.29,Los Angeles,English,762,5469,9,Health & Wellness,24/07/2021,Profit
1301,5,2.134628193,0.161462748,Organic,6.107592918,1,1,Innovate Industries,Email,All Ages,30 days,Website,0.14,"$14,660.00",4.06,Miami,English,273,4775,7,Tech Enthusiasts,25/07/2021,Loss
1302,4,2.432541659,0.068501334,Paid,4.301921279,1,1,Innovate Industries,Social Media,All Ages,60 days,Email,0.12,"$8,139.00",2.04,Miami,Mandarin,899,6510,5,Outdoor Adventurers,26/07/2021,Loss
1303,6,5.227853469,0.178419988,Organic,1.308718174,1,1,NexGen Systems,Search,Women 35-44,45 days,Instagram,0.12,"$14,458.00",6.2,Miami,English,747,3517,9,Outdoor Adventurers,27/07/2021,Profit
1304,5,2.107029813,0.179698878,Organic,2.897928437,0,1,TechCorp,Influencer,All Ages,60 days,Email,0.08,"$12,913.00",6.38,Miami,Mandarin,270,7095,6,Outdoor Adventurers,28/07/2021,Profit
1305,5,7.447588983,0.36170222,Organic,2.342613179,3,1,TechCorp,Email,Women 25-34,30 days,Email,0.03,"$5,381.00",5.48,New York,Mandarin,321,2376,8,Foodies,29/07/2021,Profit
1306,2,2.967257548,0.661555873,Organic,6.364394922,0,1,Innovate Industries,Display,Women 35-44,30 days,Facebook,0.12,"$8,149.00",7.58,New York,Mandarin,843,2541,6,Tech Enthusiasts,30/07/2021,Profit
1307,5,5.504055492,0.335286894,Organic,4.676892312,1,1,TechCorp,Search,Women 25-34,45 days,Email,0.14,"$19,289.00",3.07,Houston,Mandarin,934,1129,7,Outdoor Adventurers,31/07/2021,Loss
1308,3,0.481568891,0.111833377,Social,3.258887872,0,1,NexGen Systems,Influencer,Men 25-34,30 days,Instagram,0.11,"$8,735.00",5.2,Miami,Spanish,447,9463,2,Fashionistas,01/08/2021,Profit
1309,3,5.800027103,0.510026391,Paid,2.93399408,2,1,Innovate Industries,Search,Women 25-34,45 days,Instagram,0.05,"$13,284.00",6.35,Houston,Mandarin,925,5345,5,Tech Enthusiasts,02/08/2021,Profit
1310,5,3.373118471,0.311839631,Organic,2.66244256,2,1,Innovate Industries,Display,Men 18-24,15 days,Instagram,0.14,"$17,183.00",5.8,New York,English,917,6758,7,Tech Enthusiasts,03/08/2021,Profit
1311,4,0.559831139,0.047635299,Organic,2.504670041,1,1,TechCorp,Social Media,Women 25-34,45 days,Google Ads,0.07,"$7,586.00",7.9,Houston,French,670,9138,1,Fashionistas,04/08/2021,Profit
1312,3,0.631287511,0.835646341,Organic,4.169422852,2,1,DataTech Solutions,Social Media,Men 25-34,60 days,Instagram,0.14,"$15,513.00",6.15,Miami,German,315,8368,6,Fashionistas,05/08/2021,Profit
1313,4,7.831434886,0.328178248,Social,14.31739623,1,1,NexGen Systems,Influencer,Men 25-34,45 days,Website,0.06,"$16,345.00",2.97,New York,Spanish,341,9981,10,Health & Wellness,06/08/2021,Loss
1314,2,0.098237089,0.35085397,Organic,4.005218876,4,1,Innovate Industries,Search,Men 18-24,15 days,Facebook,0.07,"$18,485.00",5.16,Miami,French,867,4034,7,Foodies,07/08/2021,Profit
1315,6,1.862674596,0.119451854,Organic,3.304762886,1,1,TechCorp,Social Media,Women 35-44,15 days,Facebook,0.11,"$8,617.00",3.34,Houston,English,665,5374,2,Health & Wellness,08/08/2021,Loss
1316,7,1.12833918,0.312139405,Paid,4.348363048,1,1,DataTech Solutions,Search,Women 25-34,60 days,Instagram,0.13,"$19,022.00",2.07,Miami,German,590,1976,8,Fashionistas,09/08/2021,Loss
1317,3,3.281567814,0.402376644,Paid,0.48407649,3,1,DataTech Solutions,Social Media,Women 25-34,60 days,YouTube,0.07,"$5,969.00",7.96,Los Angeles,English,631,3370,8,Health & Wellness,10/08/2021,Profit
1318,5,5.490803444,0.374759785,Organic,2.553475185,3,1,TechCorp,Email,Men 18-24,45 days,Instagram,0.02,"$10,776.00",7.22,Miami,German,734,9643,3,Foodies,11/08/2021,Profit
1319,4,1.340634276,0.156211989,Referral,6.853153621,4,1,NexGen Systems,Influencer,Women 25-34,15 days,Instagram,0.11,"$15,607.00",7.84,Houston,German,934,5880,2,Health & Wellness,12/08/2021,Profit
1320,6,1.670096099,0.262044123,Organic,1.866165169,2,1,DataTech Solutions,Influencer,Women 25-34,30 days,YouTube,0.01,"$15,219.00",4.62,Houston,French,271,6601,1,Health & Wellness,13/08/2021,Loss
1321,6,12.03847918,0.391937345,Organic,5.929602842,1,1,Alpha Innovations,Email,Men 18-24,15 days,Email,0.14,"$10,080.00",6.22,New York,English,697,3221,4,Fashionistas,14/08/2021,Profit
1322,2,4.59627125,0.269100705,Referral,3.225950979,2,1,Alpha Innovations,Influencer,Women 35-44,60 days,Email,0.05,"$18,114.00",7.46,Chicago,Spanish,670,1439,4,Foodies,15/08/2021,Profit
1323,2,6.825030333,0.312257702,Referral,3.289001604,4,1,DataTech Solutions,Display,Women 35-44,15 days,Facebook,0.14,"$9,058.00",5.67,Miami,French,514,1551,6,Foodies,16/08/2021,Profit
1324,5,1.732831842,0.064204525,Referral,1.163764784,0,0.776896219,NexGen Systems,Social Media,Women 35-44,60 days,Website,0.03,"$13,314.00",3.59,Los Angeles,Mandarin,682,4634,3,Outdoor Adventurers,17/08/2021,Loss
1325,2,0.800017792,0.103470026,Organic,3.494912156,1,1,DataTech Solutions,Display,Men 18-24,15 days,Email,0.08,"$11,203.00",2.93,Houston,Mandarin,730,5815,5,Foodies,18/08/2021,Loss
1326,7,1.592388469,0.268906319,Paid,2.968230717,1,1,Innovate Industries,Display,Women 25-34,30 days,Instagram,0.04,"$7,388.00",3.19,Los Angeles,English,560,4839,2,Fashionistas,19/08/2021,Loss
1327,4,3.777314243,0.092792446,Organic,1.946997505,2,0.939656775,Innovate Industries,Influencer,Men 25-34,45 days,Instagram,0.14,"$19,150.00",6.92,Houston,German,951,2497,10,Fashionistas,20/08/2021,Profit
1328,5,0.347682079,0.45825385,Referral,8.755762238,2,1,Innovate Industries,Email,All Ages,30 days,Google Ads,0.07,"$5,950.00",2.07,New York,Spanish,850,6686,6,Tech Enthusiasts,21/08/2021,Loss
1329,7,0.946060686,0.16629287,Paid,10.12761527,4,1,DataTech Solutions,Display,Men 25-34,60 days,YouTube,0.11,"$8,052.00",5.49,Miami,French,927,9865,1,Health & Wellness,22/08/2021,Profit
1330,5,0.143275176,0.197911238,Organic,1.479002586,2,1,NexGen Systems,Search,Women 35-44,60 days,Email,0.06,"$8,357.00",3.99,Miami,German,144,1721,2,Tech Enthusiasts,23/08/2021,Loss
1331,7,1.698738789,0.284713986,Referral,1.870749495,1,1,TechCorp,Social Media,Men 18-24,60 days,Facebook,0.05,"$19,386.00",6.17,Chicago,German,425,1212,6,Fashionistas,24/08/2021,Profit
1332,1,5.271130554,0.206891944,Referral,7.049401948,1,1,Innovate Industries,Display,Men 25-34,60 days,Website,0.12,"$7,636.00",4.9,Miami,English,335,7053,1,Outdoor Adventurers,25/08/2021,Loss
1333,3,0.074918797,0.168900055,Organic,1.917938762,2,0.691845923,NexGen Systems,Search,All Ages,45 days,Facebook,0.1,"$18,242.00",5.7,Miami,German,717,7812,1,Tech Enthusiasts,26/08/2021,Profit
1334,4,3.374778179,0.466055489,Social,4.124200192,1,1,TechCorp,Email,All Ages,15 days,Instagram,0.01,"$11,335.00",4.77,Houston,Mandarin,319,1557,2,Foodies,27/08/2021,Loss
1335,9,8.086699694,0.346316452,Social,2.403570357,5,1,TechCorp,Influencer,Women 25-34,30 days,Website,0.12,"$14,893.00",2.31,Miami,French,811,5812,7,Tech Enthusiasts,28/08/2021,Loss
1336,4,0.811208119,0.571460517,Organic,2.855294839,2,0.917607751,Alpha Innovations,Social Media,Men 25-34,30 days,Instagram,0.08,"$13,044.00",6.85,New York,German,259,2521,10,Tech Enthusiasts,29/08/2021,Profit
1337,5,3.548932673,0.747843314,Direct,1.899478667,2,1,NexGen Systems,Social Media,Women 35-44,30 days,Instagram,0.08,"$12,661.00",5.46,New York,French,647,9407,7,Fashionistas,30/08/2021,Profit
1338,6,11.07889148,0.324060701,Paid,5.148339257,1,1,DataTech Solutions,Display,Men 25-34,60 days,Website,0.07,"$7,115.00",5.17,Houston,French,219,3032,3,Fashionistas,31/08/2021,Profit
1339,6,9.832540185,0.423648758,Referral,12.91064307,3,1,TechCorp,Influencer,Men 25-34,60 days,YouTube,0.01,"$16,084.00",7.75,Houston,English,994,3271,1,Tech Enthusiasts,01/09/2021,Profit
1340,3,0.803360674,0.239530066,Social,3.268841044,1,1,NexGen Systems,Influencer,Men 25-34,15 days,YouTube,0.1,"$7,942.00",2.94,Chicago,French,949,7626,2,Health & Wellness,02/09/2021,Loss
1341,3,0.317185261,0.377297019,Paid,4.051340115,2,0.858743633,DataTech Solutions,Influencer,Women 25-34,15 days,Instagram,0.06,"$5,826.00",4.04,Miami,German,908,2991,5,Health & Wellness,03/09/2021,Loss
1342,5,0.481501273,0.443087152,Organic,3.550982153,0,0.754410753,NexGen Systems,Social Media,Women 25-34,30 days,YouTube,0.03,"$10,650.00",2.63,Houston,French,649,9998,3,Foodies,04/09/2021,Loss
1343,7,3.632344478,0.154717118,Direct,0.54818312,0,1,NexGen Systems,Influencer,Men 25-34,15 days,Facebook,0.02,"$16,998.00",6.25,New York,Mandarin,391,6662,5,Tech Enthusiasts,05/09/2021,Profit
1344,6,3.881242629,0.147564156,Organic,2.216215706,4,1,NexGen Systems,Display,Men 25-34,60 days,YouTube,0.1,"$17,838.00",5.42,Houston,German,888,2758,6,Fashionistas,06/09/2021,Profit
1345,6,3.364751431,0.082389091,Organic,1.435476746,0,1,Innovate Industries,Influencer,Women 25-34,45 days,Facebook,0.14,"$8,670.00",5.14,Chicago,French,538,2979,4,Fashionistas,07/09/2021,Profit
1346,4,1.228773571,0.295047782,Organic,5.228405558,0,1,Alpha Innovations,Display,Women 25-34,30 days,Website,0.04,"$19,326.00",5.11,Chicago,Spanish,155,5811,3,Tech Enthusiasts,08/09/2021,Profit
1347,7,0.558182601,0.183374857,Social,1.772575521,1,1,Innovate Industries,Influencer,Men 25-34,60 days,Facebook,0.04,"$19,781.00",3.77,Miami,Spanish,579,8550,9,Tech Enthusiasts,09/09/2021,Loss
1348,4,2.607943006,0.420645197,Direct,6.731328389,2,1,TechCorp,Influencer,Men 18-24,45 days,Website,0.06,"$7,424.00",7.02,Chicago,English,192,4746,4,Health & Wellness,10/09/2021,Profit
1349,8,1.983088242,0.683515867,Organic,1.241532296,3,0.614752609,DataTech Solutions,Social Media,Women 25-34,60 days,Instagram,0.02,"$15,420.00",6.11,New York,Spanish,578,8279,3,Health & Wellness,11/09/2021,Profit
1350,5,3.915073926,0.273651291,Social,5.786985519,1,1,TechCorp,Influencer,Men 25-34,60 days,Email,0.08,"$16,255.00",6.69,Chicago,French,169,7752,4,Health & Wellness,12/09/2021,Profit
1351,5,1.746750484,0.058656546,Organic,1.209192087,2,1,TechCorp,Search,All Ages,45 days,Google Ads,0.15,"$12,875.00",4.2,Los Angeles,French,363,7896,3,Tech Enthusiasts,13/09/2021,Loss
1352,4,1.240369489,0.452184212,Direct,3.969853287,4,1,TechCorp,Influencer,Men 25-34,30 days,Instagram,0.11,"$6,358.00",6.06,Miami,Mandarin,454,2163,2,Fashionistas,14/09/2021,Profit
1353,5,1.042205265,0.244598051,Paid,1.690752647,2,0.817898198,NexGen Systems,Email,Women 35-44,30 days,YouTube,0.12,"$5,515.00",3.24,New York,Spanish,831,6260,5,Fashionistas,15/09/2021,Loss
1354,2,0.712755697,0.197055793,Organic,1.792477551,1,1,Innovate Industries,Social Media,Men 25-34,45 days,Facebook,0.14,"$15,676.00",3.46,Miami,German,384,6068,1,Foodies,16/09/2021,Loss
1355,3,0.926702321,0.176214393,Organic,11.73366226,1,1,NexGen Systems,Social Media,Women 25-34,60 days,Facebook,0.02,"$15,373.00",7.22,Houston,French,408,5251,10,Fashionistas,17/09/2021,Profit
1356,7,0.298898977,0.070533628,Organic,1.509452968,1,1,TechCorp,Social Media,Men 25-34,15 days,Google Ads,0.14,"$12,131.00",5.82,Chicago,Spanish,577,8997,6,Tech Enthusiasts,18/09/2021,Profit
1357,5,1.277877603,0.450930794,Organic,3.288657566,2,1,Innovate Industries,Email,Men 25-34,60 days,Instagram,0.09,"$7,151.00",7.13,Miami,Mandarin,834,9304,5,Outdoor Adventurers,19/09/2021,Profit
1358,6,0.111765752,0.558490025,Social,6.284192002,2,1,DataTech Solutions,Email,Women 35-44,30 days,YouTube,0.14,"$9,826.00",6.46,New York,English,203,6759,3,Outdoor Adventurers,20/09/2021,Profit
1359,7,0.618910362,0.344392302,Organic,0.612689575,1,0.910942166,TechCorp,Influencer,Women 35-44,15 days,Google Ads,0.14,"$12,732.00",6.26,Los Angeles,German,429,8299,10,Tech Enthusiasts,21/09/2021,Profit
1360,2,4.120376604,0.359097568,Direct,4.481664644,0,1,NexGen Systems,Email,Women 35-44,30 days,Facebook,0.01,"$5,066.00",4.93,Miami,English,151,3567,7,Health & Wellness,22/09/2021,Loss
1361,7,1.181212883,0.067709288,Referral,10.04452973,2,1,NexGen Systems,Social Media,Women 25-34,15 days,YouTube,0.01,"$12,095.00",5.85,Miami,French,613,6300,2,Fashionistas,23/09/2021,Profit
1362,5,3.310003415,0.095129281,Referral,1.326423896,2,1,DataTech Solutions,Email,Men 18-24,30 days,Instagram,0.02,"$15,577.00",2.23,Chicago,Mandarin,906,8752,5,Tech Enthusiasts,24/09/2021,Loss
1363,5,3.785697575,0.378185433,Organic,2.534594122,2,1,Innovate Industries,Display,Men 18-24,30 days,YouTube,0.05,"$8,134.00",4.97,Miami,French,628,1668,6,Foodies,25/09/2021,Loss
1364,7,2.610980407,0.099563689,Social,2.214089108,2,1,DataTech Solutions,Search,Women 35-44,30 days,Instagram,0.11,"$14,489.00",7.44,Houston,Spanish,404,1442,4,Outdoor Adventurers,26/09/2021,Profit
1365,6,9.560514276,0.43236043,Referral,6.540693358,2,1,NexGen Systems,Search,Women 35-44,60 days,Website,0.1,"$15,059.00",2.91,Chicago,Spanish,993,4021,10,Outdoor Adventurers,27/09/2021,Loss
1366,5,0.065019118,0.505158035,Social,2.817861373,1,0.924239965,NexGen Systems,Social Media,Men 25-34,30 days,Email,0.03,"$6,360.00",3.7,New York,English,654,3251,9,Outdoor Adventurers,28/09/2021,Loss
1367,0,4.025714747,0.490202043,Direct,6.301324712,1,1,Alpha Innovations,Influencer,Men 25-34,15 days,Email,0.12,"$7,266.00",3.16,Los Angeles,English,497,5273,2,Outdoor Adventurers,29/09/2021,Loss
1368,7,9.566978697,0.23078334,Organic,9.312487542,3,1,NexGen Systems,Search,Men 25-34,15 days,Instagram,0.03,"$18,544.00",2.93,Miami,German,134,2194,10,Health & Wellness,30/09/2021,Loss
1369,5,5.947417765,0.472242245,Organic,9.936690386,1,1,Alpha Innovations,Social Media,Women 35-44,45 days,Instagram,0.12,"$14,239.00",5.08,Chicago,English,221,2675,2,Health & Wellness,01/10/2021,Profit
1370,5,0.551381611,0.515677686,Social,10.57907056,2,1,TechCorp,Social Media,Men 25-34,60 days,Email,0.09,"$10,370.00",6.64,Houston,English,748,9165,5,Foodies,02/10/2021,Profit
1371,6,1.187228943,0.230143492,Social,1.766376396,2,1,DataTech Solutions,Influencer,Women 35-44,45 days,Instagram,0.1,"$17,493.00",7.64,Houston,English,369,1706,3,Foodies,03/10/2021,Profit
1372,8,0.567863922,0.095398127,Paid,8.782301276,2,1,Alpha Innovations,Display,Women 25-34,60 days,Email,0.04,"$17,133.00",2.16,New York,French,936,5644,7,Outdoor Adventurers,04/10/2021,Loss
1373,4,2.758701008,0.47213032,Organic,5.35717259,5,1,TechCorp,Display,All Ages,30 days,Instagram,0.08,"$10,896.00",6.67,Los Angeles,Spanish,799,7233,4,Health & Wellness,05/10/2021,Profit
1374,6,3.736343181,0.186563321,Referral,4.904714282,0,1,Alpha Innovations,Display,Women 35-44,60 days,Google Ads,0.03,"$17,088.00",7.09,Houston,French,241,9598,7,Tech Enthusiasts,06/10/2021,Profit
1375,4,1.144105299,0.227060424,Organic,3.729052233,2,1,NexGen Systems,Display,Men 25-34,30 days,Website,0.12,"$10,683.00",2.37,New York,English,150,2376,2,Outdoor Adventurers,07/10/2021,Loss
1376,1,2.326370097,0.43698338,Organic,3.631839261,4,1,TechCorp,Email,Women 25-34,30 days,Email,0.14,"$13,654.00",4.82,Miami,German,614,3705,4,Foodies,08/10/2021,Loss
1377,3,3.522470941,0.486673998,Paid,3.026816281,1,1,DataTech Solutions,Search,Men 25-34,60 days,YouTube,0.06,"$17,232.00",3.27,New York,Mandarin,640,4872,9,Tech Enthusiasts,09/10/2021,Loss
1378,4,1.641119629,0.158334669,Organic,2.733947022,2,1,DataTech Solutions,Social Media,Women 35-44,60 days,Instagram,0.03,"$17,598.00",2.5,New York,Spanish,674,4116,3,Foodies,10/10/2021,Loss
1379,5,5.772765108,0.448395947,Paid,2.824302909,1,1,NexGen Systems,Email,Men 25-34,15 days,Facebook,0.01,"$18,795.00",2.43,Houston,English,949,7338,4,Tech Enthusiasts,11/10/2021,Loss
1380,4,4.429312883,0.402563596,Direct,1.234200065,1,1,DataTech Solutions,Email,Women 25-34,30 days,Website,0.04,"$10,826.00",3.37,Houston,French,855,5149,9,Outdoor Adventurers,12/10/2021,Loss
1381,5,0.20055332,0.278151383,Social,7.022030425,1,1,Alpha Innovations,Display,Women 25-34,45 days,Instagram,0.04,"$5,615.00",2,New York,English,359,3159,10,Tech Enthusiasts,13/10/2021,Loss
1382,2,2.911649199,0.195602574,Direct,0.963559676,0,1,Innovate Industries,Search,Women 35-44,15 days,Instagram,0.11,"$16,604.00",5.39,Los Angeles,English,895,8738,3,Outdoor Adventurers,14/10/2021,Profit
1383,2,0.804915278,0.238171971,Social,10.92763109,0,1,TechCorp,Search,Men 18-24,30 days,Website,0.03,"$15,809.00",5.7,Los Angeles,German,478,8731,10,Foodies,15/10/2021,Profit
1384,5,2.446068274,0.348012979,Organic,0.76784038,2,1,NexGen Systems,Search,Women 35-44,45 days,Email,0.06,"$6,171.00",2.68,New York,Mandarin,322,9977,8,Health & Wellness,16/10/2021,Loss
1385,5,9.431892496,0.17655112,Social,1.934807412,0,1,TechCorp,Search,Men 18-24,30 days,Email,0.08,"$18,563.00",4.88,Houston,Spanish,153,9046,9,Health & Wellness,17/10/2021,Loss
1386,5,6.337431897,0.430379853,Direct,4.515793753,2,1,Alpha Innovations,Influencer,All Ages,30 days,Email,0.06,"$9,613.00",3.61,New York,French,999,5612,8,Foodies,18/10/2021,Loss
1387,6,1.555144307,0.57833758,Direct,2.93472721,1,1,DataTech Solutions,Influencer,Women 35-44,60 days,Google Ads,0.06,"$15,992.00",6.24,Houston,German,108,5590,5,Fashionistas,19/10/2021,Profit
1388,4,1.03387434,0.085898303,Referral,4.813367891,0,1,Alpha Innovations,Influencer,All Ages,15 days,Email,0.12,"$11,824.00",2.54,Miami,Spanish,515,4375,7,Tech Enthusiasts,20/10/2021,Loss
1389,9,0.801308826,0.136124741,Organic,2.303741676,6,1,Innovate Industries,Search,All Ages,30 days,Email,0.09,"$17,415.00",4.31,Houston,French,440,4515,2,Outdoor Adventurers,21/10/2021,Loss
1390,7,2.281163213,0.204975956,Organic,2.346601285,0,1,DataTech Solutions,Email,Women 35-44,30 days,Google Ads,0.12,"$12,019.00",6.34,Los Angeles,Spanish,638,6482,2,Foodies,22/10/2021,Profit
1391,2,0.363956367,0.138219809,Organic,2.433803069,2,1,Alpha Innovations,Search,All Ages,60 days,Google Ads,0.04,"$7,612.00",4.86,New York,English,332,5567,2,Fashionistas,23/10/2021,Loss
1392,3,2.390693699,0.332192092,Direct,4.588821762,2,1,Alpha Innovations,Influencer,Women 25-34,45 days,Website,0.07,"$10,094.00",4.49,Houston,Spanish,680,9806,6,Foodies,24/10/2021,Loss
1393,4,0.004003589,0.343951072,Paid,3.686212337,2,0.996212267,TechCorp,Influencer,Women 35-44,45 days,YouTube,0.04,"$19,546.00",2.71,Los Angeles,German,838,7910,3,Foodies,25/10/2021,Loss
1394,6,1.174019364,0.240964295,Social,3.880186137,1,1,Alpha Innovations,Social Media,Women 25-34,45 days,YouTube,0.11,"$14,465.00",7.16,Chicago,French,556,2045,8,Foodies,26/10/2021,Profit
1395,7,0.745131449,0.181135335,Paid,15.10229463,2,1,Innovate Industries,Search,Men 18-24,60 days,Email,0.07,"$6,464.00",7.26,Houston,English,170,1129,4,Fashionistas,27/10/2021,Profit
1396,4,10.6440976,0.227152274,Referral,0.522096592,1,1,NexGen Systems,Social Media,Men 18-24,60 days,Instagram,0.13,"$14,567.00",4.12,Chicago,Mandarin,822,4933,3,Health & Wellness,28/10/2021,Loss
1397,5,3.897514486,0.153853622,Organic,2.439181853,2,0.760936201,Innovate Industries,Display,Men 25-34,45 days,YouTube,0.09,"$10,954.00",4.87,Chicago,Mandarin,990,8909,8,Foodies,29/10/2021,Loss
1398,5,1.290749392,0.67739512,Organic,1.113399547,2,0.995001474,NexGen Systems,Social Media,Women 35-44,15 days,YouTube,0.08,"$6,003.00",7.36,Houston,Spanish,726,8605,9,Tech Enthusiasts,30/10/2021,Profit
1399,3,0.292326137,0.241810402,Paid,3.659212315,3,1,NexGen Systems,Search,All Ages,60 days,Google Ads,0.04,"$10,336.00",2.98,Houston,German,561,3756,5,Fashionistas,31/10/2021,Loss
1400,3,2.181977589,0.316591502,Referral,5.524352505,1,1,TechCorp,Search,Men 25-34,60 days,Facebook,0.11,"$11,471.00",7.97,Houston,Spanish,990,3294,4,Outdoor Adventurers,01/11/2021,Profit
1401,7,0.720288876,0.58390051,Organic,1.711738111,2,0.78694414,Alpha Innovations,Search,Women 35-44,45 days,YouTube,0.1,"$16,800.00",6.76,Los Angeles,Spanish,629,6501,4,Foodies,02/11/2021,Profit
1402,3,2.306390703,0.112443484,Social,0.360481586,1,1,DataTech Solutions,Social Media,Men 25-34,60 days,YouTube,0.04,"$7,487.00",4.02,Houston,Mandarin,233,9875,10,Fashionistas,03/11/2021,Loss
1403,8,5.412024918,0.167925577,Organic,5.39305339,2,1,NexGen Systems,Search,Women 35-44,60 days,Google Ads,0.12,"$15,710.00",7.32,Chicago,English,381,4714,9,Outdoor Adventurers,04/11/2021,Profit
1404,8,2.86971793,0.100725548,Social,1.330639294,3,1,Alpha Innovations,Display,Men 18-24,45 days,Email,0.01,"$14,924.00",4.62,Houston,French,819,9709,9,Foodies,05/11/2021,Loss
1405,5,3.013632072,0.451785329,Organic,1.765709674,3,1,TechCorp,Social Media,All Ages,30 days,Instagram,0.02,"$10,609.00",7.82,Houston,German,706,9926,3,Outdoor Adventurers,06/11/2021,Profit
1406,5,2.336313181,0.324227987,Referral,1.681716632,0,0.956887611,TechCorp,Influencer,Women 35-44,30 days,Instagram,0.08,"$14,939.00",6.05,New York,Mandarin,138,5878,7,Outdoor Adventurers,07/11/2021,Profit
1407,3,7.862823833,0.055544611,Organic,2.182729277,5,1,TechCorp,Influencer,Women 25-34,45 days,Facebook,0.09,"$5,793.00",6.11,New York,English,726,3946,9,Tech Enthusiasts,08/11/2021,Profit
1408,3,8.060452456,0.395741965,Social,2.72536132,4,1,Alpha Innovations,Social Media,Women 25-34,60 days,YouTube,0.1,"$8,037.00",4.03,Los Angeles,English,676,1157,10,Health & Wellness,09/11/2021,Loss
1409,6,2.156768825,0.148014161,Paid,2.985395295,0,0.837490254,DataTech Solutions,Search,Men 25-34,60 days,YouTube,0.13,"$15,512.00",5.49,Miami,Mandarin,352,7412,1,Fashionistas,10/11/2021,Profit
1410,5,1.094810455,0.44894299,Referral,1.497354759,2,0.99000403,DataTech Solutions,Email,Men 25-34,60 days,YouTube,0.15,"$17,266.00",7.55,New York,Mandarin,977,9567,4,Fashionistas,11/11/2021,Profit
1411,4,1.846264883,0.343812559,Direct,1.898146624,3,1,TechCorp,Display,Women 35-44,30 days,Facebook,0.13,"$9,700.00",6.61,Miami,Spanish,294,3352,6,Foodies,12/11/2021,Profit
1412,6,0.619441631,0.28964225,Organic,0.562234198,1,0.655658909,TechCorp,Display,Men 25-34,15 days,Email,0.03,"$10,387.00",6.77,Los Angeles,Spanish,722,6216,9,Outdoor Adventurers,13/11/2021,Profit
1413,3,3.034643341,0.421692837,Organic,4.644506566,5,1,Innovate Industries,Email,Men 18-24,30 days,Google Ads,0.13,"$8,201.00",4.66,New York,German,250,5862,5,Foodies,14/11/2021,Loss
1414,12,2.079995608,0.24909422,Social,4.534433228,3,1,Alpha Innovations,Email,Women 35-44,45 days,Email,0.03,"$8,674.00",5.85,Chicago,English,731,4675,9,Tech Enthusiasts,15/11/2021,Profit
1415,1,0.327103362,0.043808841,Referral,1.230934324,1,0.940200379,Innovate Industries,Social Media,Men 18-24,45 days,Website,0.12,"$18,358.00",4.29,Chicago,German,221,5357,4,Fashionistas,16/11/2021,Loss
1416,6,0.660622776,0.365672082,Organic,6.359250967,1,1,Alpha Innovations,Display,All Ages,15 days,Email,0.12,"$7,188.00",4.16,Chicago,English,182,4644,3,Foodies,17/11/2021,Loss
1417,1,1.959656824,0.040705753,Paid,2.274324332,2,1,DataTech Solutions,Search,Women 25-34,30 days,Facebook,0.04,"$10,426.00",7.48,Houston,German,428,4413,10,Tech Enthusiasts,18/11/2021,Profit
1418,6,6.556780197,0.503357737,Organic,1.70333842,4,1,NexGen Systems,Email,Women 35-44,30 days,Email,0.05,"$14,363.00",6.68,New York,German,797,4606,10,Outdoor Adventurers,19/11/2021,Profit
1419,1,2.506834285,0.167771109,Organic,0.859242995,2,1,Alpha Innovations,Search,Women 35-44,60 days,Website,0.01,"$11,244.00",3.72,New York,German,691,5877,1,Tech Enthusiasts,20/11/2021,Loss
1420,4,3.432728102,0.296787514,Paid,1.019603097,1,0.819756125,TechCorp,Influencer,All Ages,30 days,Google Ads,0.07,"$11,182.00",4.41,Los Angeles,Spanish,959,1218,7,Outdoor Adventurers,21/11/2021,Loss
1421,3,1.242133895,0.416302695,Social,1.671462391,2,1,Innovate Industries,Display,Men 25-34,30 days,Facebook,0.05,"$10,740.00",5.16,New York,English,594,1206,3,Fashionistas,22/11/2021,Profit
1422,3,2.541773335,0.225150048,Paid,7.29962766,3,1,Alpha Innovations,Display,Women 25-34,30 days,Website,0.01,"$5,597.00",3.83,Miami,Mandarin,672,6608,4,Tech Enthusiasts,23/11/2021,Loss
1423,5,1.779253061,0.012382384,Paid,1.668511626,1,1,NexGen Systems,Email,Women 35-44,60 days,Website,0.02,"$15,088.00",4.9,Chicago,English,248,9279,1,Tech Enthusiasts,24/11/2021,Loss
1424,5,3.228761549,0.208967482,Social,4.847360579,2,1,DataTech Solutions,Social Media,Women 25-34,60 days,Instagram,0.06,"$8,336.00",3.4,Miami,English,426,3081,1,Tech Enthusiasts,25/11/2021,Loss
1425,5,0.155698011,0.133286961,Organic,3.815694545,5,1,NexGen Systems,Search,Men 25-34,15 days,Email,0.14,"$13,825.00",2.55,Miami,Mandarin,783,8810,5,Fashionistas,26/11/2021,Loss
1426,9,2.03950978,0.287699397,Referral,6.428263833,0,1,DataTech Solutions,Social Media,Men 18-24,60 days,Facebook,0.04,"$9,370.00",6.5,New York,German,116,8835,6,Tech Enthusiasts,27/11/2021,Profit
1427,3,1.052899342,0.2262997,Social,0.203324897,2,0.896291195,NexGen Systems,Display,Women 25-34,30 days,Email,0.13,"$19,027.00",7.02,Los Angeles,Mandarin,347,5440,2,Tech Enthusiasts,28/11/2021,Profit
1428,3,1.184399332,0.194686587,Organic,1.151136562,0,1,Innovate Industries,Email,Men 18-24,45 days,YouTube,0.13,"$7,363.00",5.3,Chicago,English,314,5134,6,Outdoor Adventurers,29/11/2021,Profit
1429,6,9.726236194,0.234235823,Organic,4.680635891,0,1,NexGen Systems,Email,Men 18-24,60 days,YouTube,0.06,"$13,275.00",7.95,Chicago,Spanish,193,8429,7,Foodies,30/11/2021,Profit
1430,6,0.605228123,0.35809214,Direct,6.360849381,0,1,TechCorp,Display,Men 18-24,30 days,Website,0.08,"$12,364.00",6.17,Los Angeles,Spanish,628,3512,10,Fashionistas,01/12/2021,Profit
1431,3,1.118610077,0.282092575,Direct,7.1254918,2,1,TechCorp,Social Media,Men 25-34,15 days,Email,0.1,"$17,078.00",4.26,Chicago,French,156,5376,8,Foodies,02/12/2021,Loss
1432,7,2.139392036,0.191027522,Organic,2.424129648,1,0.912393477,DataTech Solutions,Search,All Ages,60 days,Instagram,0.04,"$7,839.00",4.18,Miami,Mandarin,637,7973,5,Health & Wellness,03/12/2021,Loss
1433,4,5.963913223,0.554017501,Organic,1.722790675,3,1,TechCorp,Search,Men 25-34,60 days,YouTube,0.11,"$9,959.00",6.33,Chicago,German,514,2561,6,Foodies,04/12/2021,Profit
1434,1,1.617007073,0.12090911,Organic,8.531933773,2,1,TechCorp,Influencer,Women 35-44,60 days,Email,0.06,"$6,595.00",4.72,New York,French,637,1106,5,Outdoor Adventurers,05/12/2021,Loss
1435,7,4.086155179,0.739011976,Organic,2.858066016,2,1,NexGen Systems,Social Media,Men 18-24,45 days,YouTube,0.11,"$13,531.00",2.58,New York,English,615,5131,7,Foodies,06/12/2021,Loss
1436,7,5.821629792,0.20682367,Paid,0.882820176,2,1,NexGen Systems,Influencer,All Ages,15 days,Facebook,0.06,"$19,057.00",7.48,New York,English,115,1861,8,Foodies,07/12/2021,Profit
1437,2,1.113262157,0.561995917,Referral,3.560070817,5,1,TechCorp,Search,All Ages,15 days,YouTube,0.14,"$12,633.00",2.11,Houston,Mandarin,533,4332,5,Fashionistas,08/12/2021,Loss
1438,5,1.49644504,0.293022963,Social,2.447807476,4,1,NexGen Systems,Email,Men 18-24,30 days,Facebook,0.1,"$6,163.00",7.96,Los Angeles,English,432,9291,8,Fashionistas,09/12/2021,Profit
1439,6,1.322761882,0.065585197,Organic,1.678432497,4,1,TechCorp,Social Media,Women 35-44,15 days,Website,0.1,"$8,749.00",7.53,Los Angeles,Spanish,356,5948,9,Health & Wellness,10/12/2021,Profit
1440,9,5.366695253,0.452605812,Social,2.888433112,1,1,Innovate Industries,Search,Women 35-44,45 days,Instagram,0.02,"$6,786.00",7.81,New York,German,799,3481,8,Outdoor Adventurers,11/12/2021,Profit
1441,3,0.136080774,0.205132421,Organic,2.46213375,0,1,TechCorp,Email,Women 25-34,60 days,YouTube,0.09,"$17,055.00",5.58,Miami,French,255,2479,2,Tech Enthusiasts,12/12/2021,Profit
1442,4,1.106334055,0.661316684,Organic,0.84672808,2,1,Alpha Innovations,Influencer,Women 25-34,30 days,Google Ads,0.09,"$15,834.00",6.37,New York,Mandarin,706,7573,7,Tech Enthusiasts,13/12/2021,Profit
1443,10,3.412763195,0.552452183,Paid,3.388930482,7,1,NexGen Systems,Influencer,All Ages,30 days,Google Ads,0.03,"$10,993.00",2.8,Chicago,French,999,5600,3,Health & Wellness,14/12/2021,Loss
1444,4,2.500287922,0.303763975,Organic,1.381290583,1,0.992346003,NexGen Systems,Influencer,Men 18-24,60 days,Email,0.01,"$6,960.00",5.66,Houston,German,587,3895,8,Tech Enthusiasts,15/12/2021,Profit
1445,4,1.719642623,0.093807305,Organic,2.712644298,1,1,Innovate Industries,Email,Women 25-34,60 days,Email,0.04,"$13,319.00",5.14,New York,French,565,5694,10,Health & Wellness,16/12/2021,Profit
1446,4,2.329248739,0.271110181,Social,9.283642653,2,1,Innovate Industries,Search,Men 18-24,60 days,Instagram,0.11,"$5,970.00",3.75,New York,Mandarin,440,3088,8,Fashionistas,17/12/2021,Loss
1447,7,0.660386497,0.100182511,Organic,7.425619511,1,1,NexGen Systems,Search,Women 25-34,45 days,Email,0.06,"$13,419.00",4.25,Miami,Spanish,405,8967,2,Foodies,18/12/2021,Loss
1448,8,1.69013082,0.286297489,Referral,9.479162631,1,1,TechCorp,Search,All Ages,15 days,Instagram,0.04,"$14,075.00",5.11,New York,English,268,4817,2,Health & Wellness,19/12/2021,Profit
1449,6,2.089676887,0.642082021,Organic,6.617410058,0,1,Alpha Innovations,Display,Women 35-44,45 days,Facebook,0.09,"$13,506.00",3.83,New York,Mandarin,515,8550,7,Health & Wellness,20/12/2021,Loss
1450,6,6.943642736,0.126757439,Organic,1.724489138,1,1,Innovate Industries,Social Media,Men 18-24,60 days,Email,0.06,"$6,134.00",7.21,Los Angeles,Mandarin,847,9467,1,Tech Enthusiasts,21/12/2021,Profit
1451,3,0.906702986,0.169856564,Paid,14.68715848,0,1,DataTech Solutions,Email,Men 25-34,30 days,Instagram,0.06,"$10,084.00",4.55,Los Angeles,Mandarin,341,6547,9,Tech Enthusiasts,22/12/2021,Loss
1452,5,6.070964921,0.526018052,Social,1.124477642,2,1,Innovate Industries,Search,Women 35-44,45 days,Google Ads,0.11,"$18,988.00",6.12,Chicago,Mandarin,474,9227,5,Fashionistas,23/12/2021,Profit
1453,6,3.100508611,0.254250988,Paid,6.413697236,6,1,Innovate Industries,Display,Men 25-34,60 days,Facebook,0.1,"$8,660.00",4.72,Houston,English,724,3369,7,Tech Enthusiasts,24/12/2021,Loss
1454,2,0.061651664,0.256233422,Referral,1.023664456,1,1,TechCorp,Influencer,Women 25-34,45 days,Instagram,0.06,"$18,198.00",5.06,Chicago,Mandarin,339,5883,6,Foodies,25/12/2021,Profit
1455,8,3.868933458,0.237995449,Direct,1.599033104,7,1,TechCorp,Search,Men 25-34,45 days,Instagram,0.04,"$13,019.00",3.49,Houston,French,393,7888,8,Outdoor Adventurers,26/12/2021,Loss
1456,5,0.108597705,0.162324766,Social,5.620035222,1,1,DataTech Solutions,Search,Women 35-44,45 days,Website,0.04,"$17,550.00",5.81,Miami,Spanish,851,4987,10,Health & Wellness,27/12/2021,Profit
1457,4,17.83503341,0.29845907,Organic,3.479428989,2,1,TechCorp,Social Media,Women 35-44,30 days,YouTube,0.04,"$8,990.00",5.96,New York,Mandarin,785,8949,2,Tech Enthusiasts,28/12/2021,Profit
1458,4,6.182134649,0.179201513,Referral,1.4273275,1,1,DataTech Solutions,Display,Women 35-44,60 days,Instagram,0.12,"$15,289.00",6.04,Miami,English,715,5090,1,Tech Enthusiasts,29/12/2021,Profit
1459,2,1.058662437,0.078620093,Paid,3.268851623,4,1,Alpha Innovations,Social Media,All Ages,15 days,Email,0.03,"$6,665.00",4.79,Los Angeles,German,959,8106,1,Tech Enthusiasts,30/12/2021,Loss
1460,5,0.89283858,0.347935133,Referral,3.433190142,3,1,Alpha Innovations,Social Media,Women 35-44,60 days,Instagram,0.07,"$15,440.00",2.15,Houston,Spanish,813,2656,4,Tech Enthusiasts,31/12/2021,Loss
1461,5,1.441088497,0.325544988,Paid,3.277969559,2,0.895230008,TechCorp,Email,Men 18-24,30 days,Email,0.1,"$7,738.00",7.42,Miami,Mandarin,999,5489,7,Foodies,01/01/2021,Profit
1462,4,1.320947548,0.284498351,Organic,8.601250181,1,1,Alpha Innovations,Search,Men 25-34,30 days,Google Ads,0.05,"$11,694.00",6.99,New York,French,970,5949,2,Fashionistas,02/01/2021,Profit
1463,2,1.397259554,0.255696861,Paid,1.247634917,3,1,DataTech Solutions,Influencer,Men 25-34,15 days,Google Ads,0.06,"$17,393.00",3.26,Los Angeles,German,895,2934,8,Health & Wellness,03/01/2021,Loss
1464,4,1.149393589,0.26633943,Paid,2.364237871,3,1,DataTech Solutions,Influencer,Men 25-34,30 days,Facebook,0.09,"$12,014.00",4.16,Chicago,Spanish,477,2055,9,Foodies,04/01/2021,Loss
1465,4,2.911713398,0.47422933,Paid,0.46076842,2,0.850498264,DataTech Solutions,Social Media,Women 35-44,60 days,Email,0.11,"$9,317.00",4.19,Houston,German,331,1453,9,Outdoor Adventurers,05/01/2021,Loss
1466,1,0.538326309,0.065283961,Social,3.304261866,2,1,NexGen Systems,Social Media,Women 35-44,60 days,Email,0.05,"$18,736.00",3.64,Miami,German,339,4614,10,Fashionistas,06/01/2021,Loss
1467,8,5.612043619,0.071460783,Social,5.586321743,3,1,DataTech Solutions,Influencer,Men 18-24,45 days,Email,0.11,"$7,773.00",5.97,New York,German,146,3573,9,Tech Enthusiasts,07/01/2021,Profit
1468,4,5.020369451,0.662333806,Paid,6.476396367,4,1,TechCorp,Email,All Ages,15 days,Facebook,0.02,"$7,595.00",4.68,Miami,Mandarin,597,6535,4,Health & Wellness,08/01/2021,Loss
1469,10,1.941558518,0.70560553,Paid,0.871285264,3,1,Alpha Innovations,Display,Men 18-24,30 days,Email,0.12,"$10,631.00",4.76,Chicago,Spanish,198,5859,7,Foodies,09/01/2021,Loss
1470,6,5.746462219,0.302565311,Paid,3.868053564,3,1,TechCorp,Display,Men 25-34,30 days,Instagram,0.05,"$5,498.00",4.91,New York,Mandarin,352,1852,5,Health & Wellness,10/01/2021,Loss
1471,3,0.851648177,0.488509179,Paid,7.265225481,4,1,Alpha Innovations,Influencer,Women 35-44,30 days,Website,0.05,"$16,401.00",4.56,Houston,German,676,9040,5,Health & Wellness,11/01/2021,Loss
1472,6,0.053164677,0.198376404,Direct,1.703300332,3,0.862757235,Innovate Industries,Influencer,Women 25-34,30 days,Email,0.07,"$13,019.00",2.96,Los Angeles,Mandarin,211,2928,10,Outdoor Adventurers,12/01/2021,Loss
1473,4,2.896505363,0.53073831,Referral,17.41481753,2,1,Innovate Industries,Social Media,Women 25-34,60 days,Email,0.01,"$7,215.00",7.32,Miami,English,616,9826,1,Tech Enthusiasts,13/01/2021,Profit
1474,3,1.836966437,0.107628586,Organic,4.487307678,2,1,DataTech Solutions,Email,Women 25-34,60 days,YouTube,0.1,"$13,603.00",4.13,Los Angeles,German,346,9327,1,Health & Wellness,14/01/2021,Loss
1475,2,2.512192913,0.287686834,Paid,0.230616508,3,0.961083374,Innovate Industries,Display,Men 18-24,45 days,Instagram,0.09,"$18,249.00",3.19,New York,German,104,6969,4,Outdoor Adventurers,15/01/2021,Loss
1476,3,6.88800272,0.196820178,Referral,2.647581601,2,1,DataTech Solutions,Social Media,All Ages,60 days,Email,0.14,"$11,648.00",3.41,Los Angeles,English,696,3025,9,Outdoor Adventurers,16/01/2021,Loss
1477,5,10.51224027,0.019408604,Referral,2.334552369,1,1,NexGen Systems,Influencer,All Ages,30 days,Email,0.05,"$6,410.00",2.77,Houston,German,301,4085,1,Tech Enthusiasts,17/01/2021,Loss
1478,3,3.019082398,0.083965183,Paid,2.887172901,2,1,NexGen Systems,Search,Men 18-24,30 days,Facebook,0.05,"$14,476.00",7.18,New York,French,904,1003,3,Health & Wellness,18/01/2021,Profit
1479,4,4.332477156,0.210760772,Organic,8.417025191,1,1,NexGen Systems,Social Media,Women 35-44,30 days,Website,0.14,"$19,597.00",5.37,Los Angeles,German,163,3150,3,Foodies,19/01/2021,Profit
1480,3,0.262589407,0.216722463,Organic,4.588564581,0,1,Innovate Industries,Email,Men 18-24,60 days,Facebook,0.14,"$7,795.00",6.39,New York,Spanish,323,4262,6,Outdoor Adventurers,20/01/2021,Profit
1481,6,0.525616911,0.284511569,Organic,0.990634421,1,0.65921454,Innovate Industries,Display,Men 18-24,45 days,Email,0.12,"$19,921.00",4.07,Los Angeles,Spanish,884,2980,7,Tech Enthusiasts,21/01/2021,Loss
1482,5,3.963821924,0.515046668,Paid,3.882473911,1,1,NexGen Systems,Display,Women 25-34,30 days,Facebook,0.02,"$16,232.00",4.31,Chicago,English,810,8579,4,Fashionistas,22/01/2021,Loss
1483,5,1.693551989,0.150828728,Organic,6.184212508,2,1,NexGen Systems,Display,All Ages,60 days,Email,0.01,"$8,691.00",2.74,New York,German,193,5942,3,Tech Enthusiasts,23/01/2021,Loss
1484,4,1.771583716,0.205809885,Social,0.354857911,5,1,NexGen Systems,Email,Women 25-34,30 days,YouTube,0.15,"$13,628.00",3.39,Houston,German,759,2217,3,Fashionistas,24/01/2021,Loss
1485,4,1.107143585,0.364501,Organic,1.576512258,1,1,Alpha Innovations,Display,Women 35-44,60 days,Google Ads,0.04,"$13,808.00",4.85,Chicago,French,981,5515,2,Foodies,25/01/2021,Loss
1486,6,2.80455872,0.224970288,Direct,5.196217822,2,1,Innovate Industries,Display,Women 25-34,45 days,Instagram,0.02,"$17,342.00",4.48,Los Angeles,English,866,5734,9,Tech Enthusiasts,26/01/2021,Loss
1487,4,0.614309088,0.313867079,Organic,10.37711062,1,1,TechCorp,Email,Women 25-34,30 days,Website,0.15,"$16,696.00",6.62,Chicago,French,565,7191,9,Tech Enthusiasts,27/01/2021,Profit
1488,6,2.957857297,0.240289611,Organic,0.943752359,4,1,NexGen Systems,Influencer,Men 18-24,60 days,Google Ads,0.12,"$12,023.00",6.69,New York,Mandarin,930,5020,5,Fashionistas,28/01/2021,Profit
1489,4,0.572751062,0.542647926,Paid,5.640220447,0,1,TechCorp,Email,Women 35-44,45 days,Website,0.08,"$15,553.00",4.06,New York,German,295,3096,10,Fashionistas,29/01/2021,Loss
1490,5,0.197861878,0.407785534,Organic,8.484251039,1,1,NexGen Systems,Display,Women 35-44,15 days,Instagram,0.02,"$5,818.00",2.78,Los Angeles,Mandarin,380,2732,1,Outdoor Adventurers,30/01/2021,Loss
1491,5,1.203034719,0.403054122,Direct,1.953559679,3,0.675779865,DataTech Solutions,Social Media,Women 35-44,45 days,Email,0.09,"$5,581.00",4.44,Los Angeles,French,497,9679,2,Outdoor Adventurers,31/01/2021,Loss
1492,4,0.788540476,0.0765522,Organic,6.023603798,1,1,DataTech Solutions,Social Media,Women 25-34,60 days,Instagram,0.02,"$19,613.00",2.08,Chicago,English,832,5899,1,Health & Wellness,01/02/2021,Loss
1493,5,6.594449257,0.154472875,Paid,2.360066544,1,1,TechCorp,Email,Women 35-44,30 days,Facebook,0.14,"$10,353.00",5.55,Los Angeles,Mandarin,912,2116,9,Tech Enthusiasts,02/02/2021,Profit
1494,3,0.169563293,0.510604218,Direct,3.041126565,2,0.997793345,TechCorp,Email,Women 25-34,45 days,YouTube,0.11,"$16,905.00",5.45,New York,German,180,7965,10,Health & Wellness,03/02/2021,Profit
1495,4,0.582989397,0.313530938,Organic,4.166487036,0,0.945633017,Innovate Industries,Influencer,Men 18-24,30 days,Instagram,0.1,"$8,326.00",7.67,Houston,Spanish,767,3631,2,Health & Wellness,04/02/2021,Profit
1496,6,2.386999247,0.317715594,Organic,7.805932837,1,1,TechCorp,Display,All Ages,60 days,Google Ads,0.09,"$18,771.00",4.26,New York,French,701,6715,9,Fashionistas,05/02/2021,Loss
1497,6,1.967942599,0.109644853,Organic,12.5211179,3,1,TechCorp,Display,Women 25-34,30 days,Instagram,0.12,"$5,591.00",4.98,Los Angeles,French,761,9484,3,Health & Wellness,06/02/2021,Loss
1498,1,0.140809508,0.061838793,Paid,2.197346548,3,1,NexGen Systems,Influencer,All Ages,30 days,Google Ads,0.12,"$13,324.00",2.73,Chicago,English,898,6975,2,Fashionistas,07/02/2021,Loss
1499,3,0.021836564,0.687086538,Organic,1.319019981,3,1,Alpha Innovations,Influencer,Men 18-24,60 days,Email,0.06,"$13,757.00",6.22,Los Angeles,Spanish,397,7940,9,Tech Enthusiasts,08/02/2021,Profit
1500,4,13.28557964,0.23621677,Paid,7.591993093,1,1,DataTech Solutions,Email,Women 35-44,60 days,Website,0.05,"$9,487.00",7.45,Los Angeles,Mandarin,945,4138,5,Fashionistas,09/02/2021,Profit
1501,6,3.226164508,0.575649977,Social,5.676443681,3,1,Innovate Industries,Social Media,Women 35-44,30 days,Email,0.05,"$19,721.00",7.45,Miami,German,893,9614,5,Fashionistas,10/02/2021,Profit
1502,4,1.364310183,0.572912564,Social,4.511488883,0,1,Innovate Industries,Social Media,Men 18-24,45 days,Email,0.1,"$13,686.00",5.9,Los Angeles,French,479,4501,1,Tech Enthusiasts,11/02/2021,Profit
1503,3,1.9070825,0.300452014,Organic,6.34324152,3,1,NexGen Systems,Search,All Ages,45 days,YouTube,0.03,"$10,066.00",3.6,Los Angeles,English,111,1740,4,Foodies,12/02/2021,Loss
1504,14,0.929988043,0.092456806,Organic,2.39413986,3,1,DataTech Solutions,Social Media,All Ages,30 days,Google Ads,0.03,"$16,120.00",4.16,New York,Mandarin,495,5114,2,Health & Wellness,13/02/2021,Loss
1505,5,1.268782096,0.185461329,Organic,4.548935075,1,1,DataTech Solutions,Search,Women 35-44,45 days,Instagram,0.08,"$8,875.00",2.22,Chicago,French,185,2090,6,Tech Enthusiasts,14/02/2021,Loss
1506,4,3.141287253,0.474387354,Paid,8.903024233,1,1,TechCorp,Email,Men 25-34,60 days,Website,0.13,"$13,496.00",2.19,Chicago,German,575,2408,7,Tech Enthusiasts,15/02/2021,Loss
1507,5,6.43192224,0.187959423,Organic,1.972573348,4,1,Innovate Industries,Display,Men 18-24,15 days,Email,0.09,"$11,964.00",5.91,Chicago,English,892,7440,3,Outdoor Adventurers,16/02/2021,Profit
1508,5,0.610500836,0.637124888,Social,6.041680912,0,1,DataTech Solutions,Social Media,Men 25-34,15 days,Email,0.06,"$15,466.00",4.71,Los Angeles,English,129,9035,10,Fashionistas,17/02/2021,Loss
1509,7,5.504530286,0.078320951,Referral,2.643504565,4,1,Innovate Industries,Email,Women 25-34,60 days,Email,0.11,"$11,278.00",2.18,Houston,Spanish,693,3660,10,Tech Enthusiasts,18/02/2021,Loss
1510,7,0.388811505,0.554206066,Organic,7.376043056,1,1,Innovate Industries,Influencer,Men 25-34,45 days,Facebook,0.14,"$12,501.00",7.97,Miami,Spanish,626,9190,6,Outdoor Adventurers,19/02/2021,Profit
1511,7,0.726184965,0.233226503,Referral,8.37182295,3,1,TechCorp,Email,Men 18-24,45 days,YouTube,0.02,"$13,955.00",2.82,Houston,English,512,8155,3,Outdoor Adventurers,20/02/2021,Loss
1512,2,0.11365172,0.333436967,Organic,3.110884521,1,1,Innovate Industries,Influencer,Men 18-24,60 days,Email,0.04,"$14,006.00",7.83,Miami,Mandarin,498,7946,4,Outdoor Adventurers,21/02/2021,Profit
1513,5,0.455302084,0.392705613,Organic,4.068826379,2,1,Alpha Innovations,Email,Women 25-34,45 days,Website,0.08,"$14,175.00",3.59,Houston,French,587,4266,3,Foodies,22/02/2021,Loss
1514,3,7.477721137,0.315183817,Organic,1.698235175,1,1,TechCorp,Influencer,Women 25-34,45 days,Google Ads,0.14,"$9,447.00",6.28,Miami,Mandarin,693,4892,2,Health & Wellness,23/02/2021,Profit
1515,7,1.845441963,0.105165437,Organic,4.845056915,1,1,Innovate Industries,Display,All Ages,60 days,Website,0.11,"$5,618.00",4.83,New York,French,738,6151,5,Foodies,24/02/2021,Loss
1516,2,0.242543146,0.439527001,Referral,0.910425726,2,0.760157061,Alpha Innovations,Email,Women 35-44,60 days,Facebook,0.06,"$13,456.00",6.62,Miami,Spanish,925,8790,7,Fashionistas,25/02/2021,Profit
1517,6,9.636209965,0.456203154,Paid,4.795266089,2,1,DataTech Solutions,Influencer,Women 35-44,45 days,Email,0.08,"$19,274.00",3.32,Chicago,English,408,5183,8,Health & Wellness,26/02/2021,Loss
1518,4,6.335703489,0.331154671,Organic,5.392066413,1,1,NexGen Systems,Email,All Ages,15 days,Website,0.1,"$19,932.00",4.38,Houston,German,730,8081,6,Foodies,27/02/2021,Loss
1519,8,4.215606222,0.073245467,Direct,3.901586833,1,1,Alpha Innovations,Social Media,All Ages,15 days,Instagram,0.01,"$13,451.00",3.48,Chicago,English,762,4209,4,Fashionistas,28/02/2021,Loss
1520,5,8.130432814,0.298140231,Paid,1.83114939,4,1,Innovate Industries,Email,Women 25-34,15 days,Instagram,0.08,"$10,497.00",3.73,Houston,English,779,3072,6,Foodies,01/03/2021,Loss
1521,1,0.745881892,0.197487282,Organic,8.257151214,1,1,Innovate Industries,Display,Men 25-34,45 days,Instagram,0.13,"$5,324.00",2.5,Los Angeles,German,478,9071,10,Foodies,02/03/2021,Loss
1522,2,5.430429531,0.090703417,Organic,1.816772724,2,0.963940357,DataTech Solutions,Email,Women 25-34,30 days,Google Ads,0.04,"$14,727.00",4.4,Chicago,French,290,3498,7,Health & Wellness,03/03/2021,Loss
1523,3,3.513463749,0.166657042,Paid,9.279143822,2,1,DataTech Solutions,Influencer,Women 35-44,30 days,Facebook,0.14,"$6,265.00",7.42,Los Angeles,French,628,7000,2,Outdoor Adventurers,04/03/2021,Profit
1524,6,6.115111844,0.576607595,Direct,3.828395053,0,1,DataTech Solutions,Email,Men 18-24,15 days,YouTube,0.13,"$10,081.00",3.03,Los Angeles,Mandarin,792,1931,6,Health & Wellness,05/03/2021,Loss
1525,8,4.782341274,0.296214643,Paid,12.64307642,2,1,DataTech Solutions,Display,All Ages,15 days,Google Ads,0.04,"$14,234.00",3.45,Houston,Mandarin,453,5257,2,Outdoor Adventurers,06/03/2021,Loss
1526,4,1.276215575,0.378774407,Direct,6.601897042,0,1,Innovate Industries,Social Media,Men 25-34,60 days,Email,0.06,"$16,883.00",6.53,Los Angeles,German,344,3433,9,Tech Enthusiasts,07/03/2021,Profit
1527,3,4.466955824,0.358134402,Paid,1.901822358,1,1,DataTech Solutions,Social Media,Women 35-44,45 days,Instagram,0.15,"$15,315.00",5.7,Los Angeles,Spanish,808,8935,10,Foodies,08/03/2021,Profit
1528,6,0.913289827,0.233800644,Paid,5.391418659,2,1,TechCorp,Search,Women 25-34,30 days,Website,0.13,"$10,022.00",2.11,Chicago,English,472,5423,4,Outdoor Adventurers,09/03/2021,Loss
1529,6,1.195135566,0.157955825,Paid,6.203610172,3,1,Alpha Innovations,Email,Men 18-24,60 days,YouTube,0.04,"$8,404.00",7.81,Los Angeles,Spanish,662,4125,2,Health & Wellness,10/03/2021,Profit
1530,8,0.342550361,0.212236123,Referral,4.123049748,0,1,TechCorp,Social Media,Men 18-24,30 days,Google Ads,0.05,"$16,934.00",6.79,Chicago,German,446,4904,6,Fashionistas,11/03/2021,Profit
1531,6,8.203642235,0.383579822,Organic,3.380418387,1,1,DataTech Solutions,Influencer,Men 25-34,45 days,Email,0.08,"$6,110.00",4,Miami,English,883,7094,9,Health & Wellness,12/03/2021,Loss
1532,6,1.031713489,0.628048223,Social,8.583998403,2,1,DataTech Solutions,Influencer,All Ages,15 days,YouTube,0.09,"$8,208.00",4.77,New York,French,329,4529,5,Tech Enthusiasts,13/03/2021,Loss
1533,5,2.205800457,0.085349987,Organic,1.671545723,0,1,Innovate Industries,Social Media,Men 18-24,45 days,YouTube,0.13,"$16,258.00",7.79,New York,Spanish,444,8893,1,Fashionistas,14/03/2021,Profit
1534,4,1.489451071,0.167142834,Paid,3.741516407,3,1,TechCorp,Display,Men 18-24,30 days,Email,0.11,"$12,112.00",5.49,Miami,English,290,7730,1,Health & Wellness,15/03/2021,Profit
1535,5,9.651241356,0.327990914,Paid,24.7961822,1,1,Alpha Innovations,Search,Women 25-34,60 days,Facebook,0.02,"$11,137.00",5.52,Miami,French,393,9223,3,Foodies,16/03/2021,Profit
1536,5,1.224126547,0.281032714,Referral,3.82613946,3,1,DataTech Solutions,Email,Men 25-34,60 days,Facebook,0.1,"$15,143.00",4.01,Chicago,German,229,5705,9,Fashionistas,17/03/2021,Loss
1537,6,4.522618739,0.489624797,Organic,3.740790719,4,1,Innovate Industries,Email,Men 18-24,45 days,Website,0.08,"$7,875.00",7.08,Chicago,English,195,8176,6,Tech Enthusiasts,18/03/2021,Profit
1538,11,5.801687085,0.304964958,Paid,0.989215744,3,1,DataTech Solutions,Social Media,Women 25-34,60 days,YouTube,0.07,"$6,228.00",6.92,New York,German,715,9976,10,Tech Enthusiasts,19/03/2021,Profit
1539,8,1.716010714,0.407334807,Paid,8.276178829,1,1,Innovate Industries,Influencer,Women 35-44,45 days,YouTube,0.07,"$7,419.00",4.73,Chicago,German,477,1014,1,Fashionistas,20/03/2021,Loss
1540,7,1.42527436,0.495834097,Referral,7.546159835,3,1,TechCorp,Search,Men 18-24,15 days,Instagram,0.13,"$18,673.00",4.5,Los Angeles,Mandarin,812,5178,3,Outdoor Adventurers,21/03/2021,Loss
1541,7,4.131954158,0.353892833,Social,2.666887145,1,1,Alpha Innovations,Display,Women 35-44,45 days,Email,0.05,"$17,055.00",4.95,New York,Spanish,970,3580,8,Foodies,22/03/2021,Loss
1542,4,7.321956738,0.44603088,Referral,8.515249985,1,1,DataTech Solutions,Influencer,All Ages,60 days,Website,0.06,"$12,353.00",6.24,Miami,German,678,9463,5,Health & Wellness,23/03/2021,Profit
1543,8,4.2186554,0.593749612,Organic,2.443195743,1,1,NexGen Systems,Social Media,Women 25-34,30 days,Facebook,0.07,"$14,598.00",2.64,Houston,Spanish,636,1986,1,Fashionistas,24/03/2021,Loss
1544,6,0.772919154,0.203673765,Direct,2.632906764,3,1,Innovate Industries,Search,All Ages,60 days,Facebook,0.14,"$11,247.00",6.64,Los Angeles,French,852,4096,3,Tech Enthusiasts,25/03/2021,Profit
1545,2,6.576023804,0.394003186,Social,3.789932687,0,1,Alpha Innovations,Email,Men 18-24,45 days,Instagram,0.09,"$5,675.00",3.29,Miami,English,392,1469,5,Tech Enthusiasts,26/03/2021,Loss
1546,4,1.47101904,0.058217436,Organic,1.838453747,2,1,TechCorp,Social Media,Men 25-34,60 days,YouTube,0.03,"$18,756.00",6.49,Chicago,English,248,7831,5,Fashionistas,27/03/2021,Profit
1547,0,2.575689107,0.165364852,Organic,2.132960383,0,1,Innovate Industries,Email,Men 18-24,30 days,Email,0.15,"$6,473.00",2.91,Chicago,English,979,1791,9,Foodies,28/03/2021,Loss
1548,6,5.341312562,0.430782512,Organic,5.685453475,3,1,NexGen Systems,Social Media,Men 25-34,45 days,Facebook,0.09,"$12,684.00",5.08,Chicago,Mandarin,687,2351,5,Health & Wellness,29/03/2021,Profit
1549,0,0.626223671,0.509689946,Paid,0.975297423,5,1,Innovate Industries,Influencer,Men 18-24,45 days,YouTube,0.06,"$8,956.00",5.59,Los Angeles,French,896,9621,1,Tech Enthusiasts,30/03/2021,Profit
1550,7,4.604524212,0.107551314,Social,3.819828916,2,1,DataTech Solutions,Influencer,Women 25-34,60 days,YouTube,0.05,"$12,578.00",2.38,Houston,French,418,8640,3,Health & Wellness,31/03/2021,Loss
1551,9,2.720230342,0.30961451,Social,5.511827993,1,1,TechCorp,Display,Women 25-34,60 days,Facebook,0.01,"$6,311.00",6.34,Miami,English,169,5535,9,Outdoor Adventurers,01/04/2021,Profit
1552,7,6.714373401,0.729432689,Social,5.038768766,3,1,TechCorp,Social Media,Women 35-44,15 days,Facebook,0.09,"$18,411.00",2.43,Chicago,English,972,3079,10,Health & Wellness,02/04/2021,Loss
1553,2,0.566119136,0.422442405,Organic,8.249008601,2,1,Innovate Industries,Social Media,Men 25-34,60 days,YouTube,0.13,"$19,972.00",5.35,Los Angeles,English,542,4886,1,Foodies,03/04/2021,Profit
1554,4,1.637712416,0.05931114,Paid,1.114892629,2,0.935172481,NexGen Systems,Social Media,All Ages,30 days,Website,0.14,"$14,615.00",3.67,Chicago,English,386,1947,6,Health & Wellness,04/04/2021,Loss
1555,8,5.366467032,0.419771962,Organic,0.574362692,2,1,Alpha Innovations,Email,Women 25-34,60 days,Instagram,0.09,"$15,876.00",7.06,Houston,German,871,7537,3,Fashionistas,05/04/2021,Profit
1556,5,0.058257115,0.11457234,Organic,2.067367461,3,1,NexGen Systems,Display,Women 35-44,15 days,Email,0.14,"$10,147.00",7.34,Chicago,English,161,6255,9,Outdoor Adventurers,06/04/2021,Profit
1557,5,0.357030978,0.263117737,Referral,10.58489758,4,1,Innovate Industries,Social Media,Men 18-24,15 days,Google Ads,0.14,"$14,657.00",6.7,Chicago,French,449,4612,9,Health & Wellness,07/04/2021,Profit
1558,6,13.99005495,0.178023466,Organic,3.009681921,1,1,TechCorp,Display,Women 35-44,60 days,YouTube,0.14,"$19,015.00",4,Los Angeles,Mandarin,988,6269,2,Fashionistas,08/04/2021,Loss
1559,2,0.987155061,0.11712757,Referral,5.749865464,1,1,Alpha Innovations,Social Media,Men 18-24,60 days,YouTube,0.12,"$10,963.00",6.55,Houston,German,795,7837,5,Foodies,09/04/2021,Profit
1560,4,11.13254018,0.171871943,Referral,5.516488537,3,1,TechCorp,Social Media,All Ages,15 days,Google Ads,0.07,"$16,620.00",7.75,Miami,Spanish,640,6401,5,Tech Enthusiasts,10/04/2021,Profit
1561,7,0.604628914,0.228181676,Social,1.998191439,0,0.777858361,Innovate Industries,Search,All Ages,60 days,YouTube,0.13,"$19,860.00",4.71,Los Angeles,German,459,6322,1,Foodies,11/04/2021,Loss
1562,3,1.343995901,0.328283177,Organic,1.127800902,3,1,NexGen Systems,Search,Women 25-34,60 days,Google Ads,0.14,"$5,820.00",6.99,Chicago,English,758,3253,9,Fashionistas,12/04/2021,Profit
1563,6,4.193515552,0.308205055,Social,2.312700308,1,1,NexGen Systems,Social Media,Men 25-34,60 days,YouTube,0.03,"$18,687.00",5.64,Houston,Mandarin,722,3451,7,Health & Wellness,13/04/2021,Profit
1564,2,3.216890459,0.421735241,Direct,4.711439829,0,1,TechCorp,Search,All Ages,15 days,Facebook,0.05,"$11,071.00",5.38,Houston,Mandarin,562,9069,8,Fashionistas,14/04/2021,Profit
1565,8,2.610529577,0.387209291,Social,3.636124875,1,1,TechCorp,Display,Men 18-24,30 days,YouTube,0.08,"$14,902.00",2.65,Miami,German,456,4811,6,Outdoor Adventurers,15/04/2021,Loss
1566,10,2.264424263,0.341981091,Social,3.948249045,0,1,NexGen Systems,Influencer,All Ages,60 days,Google Ads,0.11,"$14,876.00",2.62,Chicago,English,626,9756,2,Health & Wellness,16/04/2021,Loss
1567,5,5.562956369,0.050795161,Referral,1.781472509,0,1,Alpha Innovations,Display,Men 25-34,15 days,Google Ads,0.05,"$5,143.00",4.77,Los Angeles,German,468,1890,4,Foodies,17/04/2021,Loss
1568,4,0.803436628,0.296372963,Paid,3.745868755,2,1,TechCorp,Search,Women 35-44,15 days,Facebook,0.12,"$8,715.00",3.77,Chicago,French,607,1727,4,Outdoor Adventurers,18/04/2021,Loss
1569,4,1.752721884,0.138000867,Referral,0.925199005,2,1,DataTech Solutions,Display,Men 25-34,30 days,Website,0.02,"$17,704.00",2.71,Chicago,Spanish,732,3547,10,Tech Enthusiasts,19/04/2021,Loss
1570,8,0.506862156,0.284459472,Referral,2.320585051,1,1,Alpha Innovations,Email,Women 35-44,15 days,YouTube,0.04,"$6,256.00",3.2,Houston,French,346,5913,5,Health & Wellness,20/04/2021,Loss
1571,9,2.718587539,0.098759935,Referral,1.135458161,0,1,Innovate Industries,Social Media,Women 35-44,60 days,Email,0.07,"$15,780.00",5.29,New York,Spanish,944,4372,2,Outdoor Adventurers,21/04/2021,Profit
1572,7,0.865224705,0.398810167,Social,3.831147165,4,1,TechCorp,Display,All Ages,60 days,Google Ads,0.04,"$7,529.00",3.27,Houston,German,888,5667,3,Fashionistas,22/04/2021,Loss
1573,7,1.218685488,0.536318331,Paid,3.011421331,1,0.946651116,DataTech Solutions,Influencer,All Ages,15 days,Facebook,0.13,"$12,918.00",2.13,Chicago,German,690,6400,5,Health & Wellness,23/04/2021,Loss
1574,3,1.911722712,0.08969881,Organic,2.064079759,3,1,Alpha Innovations,Search,Men 25-34,30 days,Google Ads,0.1,"$7,389.00",7.23,Los Angeles,Spanish,130,5854,3,Tech Enthusiasts,24/04/2021,Profit
1575,8,0.081406333,0.315714796,Paid,1.619162945,1,0.942522352,Innovate Industries,Display,Men 25-34,60 days,YouTube,0.11,"$10,983.00",6.2,Miami,English,761,7295,7,Health & Wellness,25/04/2021,Profit
1576,7,0.289327651,0.415143153,Organic,2.649349859,0,0.823195749,NexGen Systems,Display,Women 25-34,45 days,YouTube,0.07,"$12,511.00",3.99,New York,English,139,7845,10,Foodies,26/04/2021,Loss
1577,2,3.47441072,0.345160211,Organic,2.164916915,0,1,Alpha Innovations,Influencer,Men 18-24,60 days,YouTube,0.11,"$5,757.00",3.58,Chicago,English,883,9726,1,Outdoor Adventurers,27/04/2021,Loss
1578,5,1.680940493,0.089244364,Organic,4.398626959,1,1,Alpha Innovations,Influencer,Women 25-34,15 days,YouTube,0.01,"$14,459.00",7.9,Miami,Spanish,515,5588,9,Fashionistas,28/04/2021,Profit
1579,7,6.002783387,0.200732457,Organic,7.055221624,2,1,Alpha Innovations,Email,Women 25-34,45 days,YouTube,0.12,"$9,334.00",3.41,Houston,German,538,3215,6,Tech Enthusiasts,29/04/2021,Loss
1580,6,3.559106047,0.202370147,Social,5.243938107,1,1,DataTech Solutions,Social Media,Men 18-24,45 days,Website,0.08,"$9,647.00",4.67,New York,French,263,4610,2,Tech Enthusiasts,30/04/2021,Loss
1581,1,0.024401798,0.434712768,Paid,5.66385038,2,1,TechCorp,Search,All Ages,15 days,Website,0.06,"$17,251.00",6.52,Houston,German,494,7757,10,Tech Enthusiasts,01/05/2021,Profit
1582,3,2.876908431,0.296329493,Organic,0.203729253,2,1,Innovate Industries,Email,Men 18-24,45 days,YouTube,0.12,"$19,643.00",6.36,New York,French,281,6824,8,Health & Wellness,02/05/2021,Profit
1583,4,0.295237018,0.391937656,Paid,3.402917367,2,0.766227525,Alpha Innovations,Social Media,Men 25-34,30 days,Email,0.1,"$12,281.00",4.77,Houston,English,861,1208,10,Foodies,03/05/2021,Loss
1584,4,4.555135442,0.362638257,Organic,3.936472859,1,1,DataTech Solutions,Display,Men 18-24,45 days,Email,0.15,"$6,295.00",7.2,Chicago,Spanish,848,3664,3,Tech Enthusiasts,04/05/2021,Profit
1585,3,14.30578208,0.288497963,Paid,6.297763152,3,1,Innovate Industries,Email,Women 35-44,60 days,Facebook,0.08,"$6,402.00",5.38,Houston,English,875,9083,4,Tech Enthusiasts,05/05/2021,Profit
1586,7,2.272729406,0.226629402,Paid,6.732804566,1,1,NexGen Systems,Email,Women 25-34,15 days,Google Ads,0.1,"$5,520.00",4.18,Chicago,Mandarin,673,5773,9,Tech Enthusiasts,06/05/2021,Loss
1587,9,3.444474492,0.158598049,Direct,8.139851755,2,1,NexGen Systems,Search,All Ages,45 days,Email,0.15,"$12,239.00",7.99,Miami,Mandarin,264,8446,2,Fashionistas,07/05/2021,Profit
1588,4,0.81272723,0.08108591,Organic,2.202719565,0,0.945315178,TechCorp,Email,Women 35-44,45 days,Website,0.06,"$5,997.00",2.26,Miami,Spanish,711,8497,1,Foodies,08/05/2021,Loss
1589,3,1.72661378,0.072548107,Referral,2.424077722,5,1,Innovate Industries,Email,Women 35-44,15 days,YouTube,0.09,"$13,757.00",2.39,Houston,German,377,5371,4,Health & Wellness,09/05/2021,Loss
1590,4,5.815812684,0.280954631,Social,0.157287943,3,1,DataTech Solutions,Social Media,Men 25-34,15 days,Google Ads,0.06,"$15,233.00",5.51,New York,French,504,2666,8,Outdoor Adventurers,10/05/2021,Profit
1591,4,0.549688518,0.477524793,Direct,1.270127901,6,0.838966442,Innovate Industries,Search,Women 25-34,45 days,YouTube,0.11,"$13,957.00",2.59,New York,French,232,8649,4,Tech Enthusiasts,11/05/2021,Loss
1592,6,0.925841282,0.305929359,Organic,4.468892583,1,0.7859149,DataTech Solutions,Display,All Ages,30 days,YouTube,0.06,"$16,681.00",2.65,Houston,Mandarin,964,9809,5,Health & Wellness,12/05/2021,Loss
1593,3,1.768706603,0.364908304,Paid,3.994320046,1,1,DataTech Solutions,Display,Men 25-34,45 days,Instagram,0.07,"$15,007.00",5.52,Chicago,Spanish,102,5960,10,Health & Wellness,13/05/2021,Profit
1594,10,3.736978141,0.291792911,Organic,4.329234917,1,1,NexGen Systems,Display,Women 35-44,60 days,Facebook,0.03,"$11,204.00",4.61,Houston,English,927,8007,9,Foodies,14/05/2021,Loss
1595,5,1.414256874,0.041097643,Paid,4.279442541,0,1,Alpha Innovations,Search,Men 25-34,60 days,Instagram,0.02,"$16,972.00",7.1,New York,Spanish,695,4490,1,Fashionistas,15/05/2021,Profit
1596,5,7.882133159,0.285819513,Organic,0.86878754,4,1,Innovate Industries,Search,Women 35-44,45 days,Google Ads,0.05,"$10,845.00",3.22,New York,French,383,5885,1,Outdoor Adventurers,16/05/2021,Loss
1597,3,0.297661715,0.315374744,Social,6.906662705,0,1,Innovate Industries,Display,Women 35-44,60 days,Website,0.06,"$6,252.00",2.91,New York,Mandarin,347,7098,5,Foodies,17/05/2021,Loss
1598,2,1.389938337,0.516488852,Organic,2.98503291,2,1,TechCorp,Display,Men 18-24,30 days,Website,0.03,"$18,761.00",3.62,Chicago,German,162,9768,8,Outdoor Adventurers,18/05/2021,Loss
1599,7,3.702823118,0.592123307,Paid,3.927504029,4,1,Innovate Industries,Influencer,Women 35-44,30 days,Instagram,0.12,"$19,844.00",5.51,Miami,Mandarin,668,8864,8,Outdoor Adventurers,19/05/2021,Profit
1600,5,0.768498921,0.258757251,Paid,5.682137908,3,1,Innovate Industries,Social Media,Men 18-24,15 days,Facebook,0.04,"$17,970.00",5.08,Chicago,Mandarin,914,4236,7,Fashionistas,20/05/2021,Profit
1601,4,3.204945945,0.470225106,Direct,11.05834852,2,1,TechCorp,Search,Men 25-34,60 days,Email,0.03,"$6,860.00",4.58,Los Angeles,Mandarin,199,1227,4,Tech Enthusiasts,21/05/2021,Loss
1602,6,0.538158657,0.448272776,Referral,5.494677287,1,1,Innovate Industries,Search,Men 18-24,30 days,Facebook,0.06,"$18,513.00",5.12,Chicago,English,710,6872,3,Outdoor Adventurers,22/05/2021,Profit
1603,5,0.172824685,0.153044437,Organic,1.770549998,2,1,Alpha Innovations,Display,Men 25-34,45 days,Website,0.14,"$15,494.00",7.29,Houston,Spanish,572,7640,3,Fashionistas,23/05/2021,Profit
1604,4,0.386964785,0.09941665,Organic,12.72992129,2,1,TechCorp,Email,Men 25-34,15 days,Website,0.05,"$18,061.00",4.06,Houston,German,377,7095,1,Tech Enthusiasts,24/05/2021,Loss
1605,7,7.97712803,0.24204077,Organic,3.457771656,1,1,Alpha Innovations,Influencer,Men 25-34,15 days,YouTube,0.11,"$9,000.00",2.3,Houston,Mandarin,380,2675,4,Fashionistas,25/05/2021,Loss
1606,4,2.407218409,0.19503432,Social,3.571840575,2,1,Innovate Industries,Search,Women 35-44,45 days,Email,0.12,"$10,307.00",3.17,Houston,French,989,5242,6,Outdoor Adventurers,26/05/2021,Loss
1607,2,4.773995103,0.341934693,Referral,8.314310019,2,1,Alpha Innovations,Search,Women 25-34,30 days,Website,0.02,"$19,059.00",6.29,New York,Mandarin,105,9248,3,Fashionistas,27/05/2021,Profit
1608,3,1.213342133,0.414676387,Referral,1.140004325,0,0.693279713,Alpha Innovations,Display,All Ages,45 days,Instagram,0.14,"$9,834.00",6.49,Houston,Spanish,110,4512,8,Foodies,28/05/2021,Profit
1609,8,2.694311226,0.219927433,Organic,4.927557727,0,1,Alpha Innovations,Social Media,Women 35-44,45 days,Facebook,0.03,"$12,564.00",5.71,New York,Mandarin,589,5230,1,Health & Wellness,29/05/2021,Profit
1610,5,2.049306208,0.335755098,Social,6.05373795,5,1,DataTech Solutions,Display,Women 25-34,60 days,Website,0.06,"$8,844.00",3.23,Los Angeles,German,876,3949,9,Fashionistas,30/05/2021,Loss
1611,6,8.741791094,0.17552083,Referral,3.184078262,1,1,NexGen Systems,Email,Women 25-34,45 days,Website,0.07,"$7,242.00",7.54,Chicago,English,986,8533,3,Outdoor Adventurers,31/05/2021,Profit
1612,2,4.129918987,0.133738165,Direct,6.014629283,7,1,Innovate Industries,Display,Men 25-34,45 days,Email,0.13,"$13,015.00",3.1,Los Angeles,Spanish,535,1428,7,Fashionistas,01/06/2021,Loss
1613,3,3.934035266,0.082564576,Paid,10.77966016,1,1,DataTech Solutions,Influencer,Women 25-34,60 days,Facebook,0.14,"$18,973.00",5.58,Miami,French,502,7820,2,Foodies,02/06/2021,Profit
1614,3,0.142385939,0.044718463,Organic,0.69727495,4,0.669878687,Innovate Industries,Email,Men 25-34,45 days,Website,0.03,"$5,789.00",4.87,Los Angeles,English,247,4506,7,Health & Wellness,03/06/2021,Loss
1615,7,2.39332169,0.080857735,Organic,1.719167876,2,1,DataTech Solutions,Email,Men 25-34,15 days,Google Ads,0.08,"$12,543.00",2.03,New York,Mandarin,371,1409,9,Foodies,04/06/2021,Loss
1616,5,1.887653463,0.229071183,Organic,0.33147152,0,0.732959849,Innovate Industries,Influencer,Men 25-34,45 days,YouTube,0.1,"$16,103.00",2.77,New York,Mandarin,451,9412,5,Fashionistas,05/06/2021,Loss
1617,2,7.886702444,0.179648608,Referral,1.08944666,4,1,TechCorp,Influencer,Men 18-24,15 days,Website,0.01,"$10,580.00",5.02,Miami,English,445,3220,2,Foodies,06/06/2021,Profit
1618,2,0.892558861,0.18709468,Referral,2.791562342,2,1,NexGen Systems,Display,Women 25-34,60 days,Facebook,0.08,"$11,926.00",3.83,Chicago,French,237,1698,9,Outdoor Adventurers,07/06/2021,Loss
1619,7,0.943447874,0.621586333,Organic,2.408899168,2,1,DataTech Solutions,Email,Women 35-44,45 days,Facebook,0.09,"$11,059.00",5.08,Miami,Spanish,329,7654,1,Fashionistas,08/06/2021,Profit
1620,8,1.589751381,0.544430296,Organic,2.161889796,1,1,TechCorp,Influencer,Men 25-34,45 days,Website,0.14,"$11,034.00",3.92,New York,Spanish,600,5018,4,Foodies,09/06/2021,Loss
1621,4,0.836641613,0.364709011,Organic,8.252444718,0,1,Alpha Innovations,Email,Men 18-24,15 days,Google Ads,0.06,"$10,453.00",6.41,Houston,Spanish,830,7398,7,Fashionistas,10/06/2021,Profit
1622,4,0.414973444,0.262971494,Direct,8.433840559,1,1,NexGen Systems,Social Media,Women 35-44,60 days,Website,0.13,"$9,655.00",3.23,New York,English,848,1384,1,Foodies,11/06/2021,Loss
1623,4,5.843447671,0.207953686,Organic,9.743993191,3,1,Alpha Innovations,Search,Men 18-24,45 days,YouTube,0.06,"$9,373.00",4.68,Chicago,Spanish,313,6012,10,Health & Wellness,12/06/2021,Loss
1624,3,2.451213641,0.468799929,Organic,3.805517302,2,1,Alpha Innovations,Display,All Ages,30 days,Website,0.14,"$6,077.00",5.18,Los Angeles,Mandarin,642,5682,10,Fashionistas,13/06/2021,Profit
1625,4,5.927682736,0.469575867,Organic,15.0461243,4,1,TechCorp,Email,Women 25-34,60 days,Instagram,0.15,"$19,719.00",4.76,Chicago,Spanish,755,3287,9,Fashionistas,14/06/2021,Loss
1626,6,5.335962932,0.28132351,Paid,5.039042027,0,1,DataTech Solutions,Email,Women 25-34,45 days,Email,0.13,"$5,277.00",2.3,Houston,English,526,3991,1,Foodies,15/06/2021,Loss
1627,5,0.994034105,0.172480511,Referral,4.600367402,0,1,Innovate Industries,Influencer,Women 35-44,15 days,Google Ads,0.12,"$14,212.00",6.99,Houston,French,407,8351,4,Tech Enthusiasts,16/06/2021,Profit
1628,5,2.380477177,0.281209137,Social,4.874991223,3,1,NexGen Systems,Influencer,All Ages,60 days,YouTube,0.15,"$19,095.00",2.87,Miami,English,570,4991,9,Foodies,17/06/2021,Loss
1629,3,0.260655727,0.191368706,Organic,5.032255223,1,1,Innovate Industries,Email,Women 25-34,45 days,YouTube,0.03,"$11,526.00",5.32,Chicago,French,703,9462,2,Foodies,18/06/2021,Profit
1630,6,7.40421529,0.082472633,Referral,2.550217305,4,1,TechCorp,Search,Men 25-34,15 days,Google Ads,0.08,"$5,973.00",2.42,New York,English,872,6181,8,Health & Wellness,19/06/2021,Loss
1631,4,1.553866519,0.424134886,Organic,5.604855302,3,1,Alpha Innovations,Display,Men 18-24,45 days,YouTube,0.07,"$15,636.00",6.85,Los Angeles,English,645,2905,3,Outdoor Adventurers,20/06/2021,Profit
1632,2,1.501023257,0.289119638,Direct,7.953131731,3,1,Innovate Industries,Influencer,Women 25-34,15 days,Google Ads,0.03,"$9,339.00",4.28,Houston,Mandarin,621,7281,5,Foodies,21/06/2021,Loss
1633,5,1.081856865,0.084349897,Organic,0.569367516,1,0.894181049,DataTech Solutions,Influencer,Women 35-44,30 days,Email,0.1,"$9,967.00",4.15,Los Angeles,German,272,2150,6,Fashionistas,22/06/2021,Loss
1634,7,1.852248157,0.386914114,Organic,4.402427888,5,1,DataTech Solutions,Social Media,Women 35-44,60 days,YouTube,0.02,"$17,550.00",6.73,Miami,French,997,1173,4,Tech Enthusiasts,23/06/2021,Profit
1635,8,0.870092031,0.062331228,Paid,0.266101672,1,0.402910416,Alpha Innovations,Social Media,Men 18-24,15 days,Email,0.07,"$19,920.00",5.28,Los Angeles,French,860,5977,8,Tech Enthusiasts,24/06/2021,Profit
1636,0,1.409301881,0.119154524,Organic,7.0022487,1,1,DataTech Solutions,Display,Men 18-24,15 days,Facebook,0.02,"$5,840.00",5.12,Miami,German,578,4128,9,Tech Enthusiasts,25/06/2021,Profit
1637,5,4.827519571,0.433882745,Organic,4.181728826,2,1,NexGen Systems,Search,Women 35-44,60 days,Instagram,0.15,"$6,403.00",7.72,Miami,Spanish,854,1978,3,Outdoor Adventurers,26/06/2021,Profit
1638,4,5.391923564,0.257315918,Referral,3.584583768,0,1,TechCorp,Influencer,Women 25-34,30 days,Instagram,0.05,"$19,586.00",5.54,New York,French,585,1709,1,Foodies,27/06/2021,Profit
1639,6,1.088003501,0.355435507,Referral,0.17734808,1,1,DataTech Solutions,Display,Women 35-44,45 days,Instagram,0.08,"$9,907.00",2.8,Miami,German,623,2690,2,Health & Wellness,28/06/2021,Loss
1640,4,1.899061303,0.368007405,Paid,2.258701883,1,1,Alpha Innovations,Influencer,Men 25-34,30 days,Facebook,0.03,"$17,606.00",5.06,New York,English,556,5533,7,Outdoor Adventurers,29/06/2021,Profit
1641,7,6.210132141,0.569476508,Referral,2.506647161,0,1,Innovate Industries,Influencer,All Ages,60 days,YouTube,0.07,"$17,213.00",6.1,Chicago,English,244,2649,3,Outdoor Adventurers,30/06/2021,Profit
1642,2,0.162333884,0.350412457,Paid,6.86442543,5,1,NexGen Systems,Influencer,Men 18-24,30 days,YouTube,0.04,"$7,188.00",7.36,Houston,German,759,6240,10,Tech Enthusiasts,01/07/2021,Profit
1643,3,6.598595685,0.036968649,Referral,2.814776115,4,1,Innovate Industries,Social Media,Women 35-44,15 days,Email,0.09,"$19,434.00",5.18,Chicago,Mandarin,778,4730,5,Health & Wellness,02/07/2021,Profit
1644,3,0.742248585,0.395415935,Paid,3.058708856,0,0.902094846,TechCorp,Social Media,All Ages,45 days,Instagram,0.1,"$13,123.00",6.37,Los Angeles,Mandarin,282,6607,7,Health & Wellness,03/07/2021,Profit
1645,5,3.404639426,0.318129385,Referral,6.552232335,1,1,Innovate Industries,Search,All Ages,60 days,Email,0.1,"$14,931.00",7.81,Los Angeles,English,431,4573,3,Foodies,04/07/2021,Profit
1646,6,2.620783698,0.394622777,Organic,12.92470262,2,1,DataTech Solutions,Search,Men 25-34,15 days,Email,0.1,"$11,594.00",7.85,Miami,Mandarin,896,6154,10,Fashionistas,05/07/2021,Profit
1647,9,2.415192416,0.083264623,Organic,3.322032,3,1,Alpha Innovations,Email,All Ages,45 days,Facebook,0.12,"$5,702.00",7.53,New York,Mandarin,778,8473,6,Outdoor Adventurers,06/07/2021,Profit
1648,6,5.884660329,0.178174963,Paid,9.217138901,3,1,TechCorp,Display,Men 18-24,15 days,Facebook,0.05,"$17,592.00",6.69,Chicago,French,285,2756,8,Outdoor Adventurers,07/07/2021,Profit
1649,7,0.321326608,0.382190065,Paid,10.73565577,4,1,Innovate Industries,Display,Men 25-34,30 days,YouTube,0.04,"$19,072.00",4.71,New York,Mandarin,768,7851,5,Health & Wellness,08/07/2021,Loss
1650,2,1.278663205,0.19654379,Social,0.974148673,4,1,DataTech Solutions,Email,Men 18-24,15 days,Website,0.11,"$13,879.00",3.85,Houston,Spanish,300,2842,7,Fashionistas,09/07/2021,Loss
1651,2,2.318212823,0.676321085,Organic,1.777829969,2,1,NexGen Systems,Influencer,Men 25-34,60 days,Google Ads,0.11,"$18,916.00",2.63,Los Angeles,English,707,8221,6,Tech Enthusiasts,10/07/2021,Loss
1652,8,5.002613282,0.396964661,Organic,17.13063475,1,1,TechCorp,Email,All Ages,60 days,Email,0.04,"$8,886.00",7.8,Chicago,French,440,5426,6,Health & Wellness,11/07/2021,Profit
1653,8,0.731734727,0.126302817,Organic,6.717051229,5,1,Innovate Industries,Search,Men 18-24,15 days,Facebook,0.11,"$15,236.00",7.78,Chicago,French,259,3048,9,Fashionistas,12/07/2021,Profit
1654,8,4.872586435,0.198367213,Organic,1.328071504,1,1,TechCorp,Display,All Ages,30 days,Facebook,0.04,"$12,936.00",5.73,New York,French,944,6171,5,Outdoor Adventurers,13/07/2021,Profit
1655,7,1.530669828,0.27567898,Referral,9.695354593,6,1,TechCorp,Search,Men 25-34,60 days,Email,0.09,"$18,473.00",5.41,New York,Mandarin,775,9785,1,Foodies,14/07/2021,Profit
1656,6,0.628143035,0.263536245,Paid,11.61178949,3,1,TechCorp,Search,Men 25-34,15 days,Website,0.1,"$19,608.00",2.23,Chicago,French,671,9464,8,Foodies,15/07/2021,Loss
1657,2,4.26870625,0.209419825,Referral,3.930401886,1,1,NexGen Systems,Influencer,All Ages,45 days,Instagram,0.14,"$14,711.00",5.72,Chicago,French,723,2078,10,Health & Wellness,16/07/2021,Profit
1658,7,0.285896914,0.379035351,Paid,6.115842678,1,1,TechCorp,Social Media,Women 35-44,15 days,Google Ads,0.15,"$11,263.00",2.67,Miami,Mandarin,897,3564,2,Tech Enthusiasts,17/07/2021,Loss
1659,6,2.169380586,0.447259909,Social,4.769211238,2,1,NexGen Systems,Email,Men 18-24,60 days,YouTube,0.13,"$16,847.00",2.66,New York,German,763,7670,6,Fashionistas,18/07/2021,Loss
1660,5,0.198021305,0.34867161,Direct,8.85497598,4,1,Innovate Industries,Email,Women 25-34,30 days,Email,0.15,"$6,109.00",4.97,Miami,German,544,2792,10,Health & Wellness,19/07/2021,Loss
1661,6,1.322116821,0.324633203,Referral,1.697770403,1,1,NexGen Systems,Search,Men 25-34,45 days,Email,0.12,"$17,751.00",2.19,Los Angeles,Mandarin,682,8870,6,Outdoor Adventurers,20/07/2021,Loss
1662,4,2.756959078,0.214002952,Social,2.364549323,1,1,DataTech Solutions,Search,All Ages,45 days,Google Ads,0.05,"$12,475.00",4.27,Houston,English,863,9369,3,Fashionistas,21/07/2021,Loss
1663,4,2.436572937,0.076194183,Paid,6.836354455,4,1,DataTech Solutions,Influencer,Women 25-34,30 days,YouTube,0.13,"$11,685.00",2.55,Chicago,French,925,6264,7,Health & Wellness,22/07/2021,Loss
1664,4,1.555844734,0.091465335,Direct,6.91972968,0,1,NexGen Systems,Influencer,Men 18-24,45 days,Email,0.15,"$5,840.00",7.96,Miami,Spanish,744,4819,1,Fashionistas,23/07/2021,Profit
1665,5,1.681350376,0.268358507,Social,6.823329884,1,1,Innovate Industries,Search,Men 18-24,30 days,Email,0.05,"$7,488.00",2.49,Miami,English,321,3767,8,Outdoor Adventurers,24/07/2021,Loss
1666,4,0.771534465,0.470948341,Direct,5.316101097,3,1,TechCorp,Email,Women 25-34,60 days,Website,0.06,"$10,400.00",6.49,Miami,French,429,6983,5,Outdoor Adventurers,25/07/2021,Profit
1667,7,1.825770676,0.477664692,Referral,7.92109147,2,1,NexGen Systems,Influencer,Women 35-44,60 days,Google Ads,0.13,"$16,640.00",5.01,New York,Spanish,950,5799,1,Health & Wellness,26/07/2021,Profit
1668,2,9.189134683,0.265112199,Social,9.829091758,0,1,TechCorp,Display,Men 25-34,15 days,Facebook,0.11,"$12,073.00",3.39,Chicago,German,971,9766,7,Tech Enthusiasts,27/07/2021,Loss
1669,4,5.700432014,0.169469643,Paid,8.98928422,1,1,NexGen Systems,Influencer,Men 18-24,60 days,Google Ads,0.11,"$9,343.00",3.26,Houston,French,646,4912,3,Fashionistas,28/07/2021,Loss
1670,1,0.470778626,0.600134337,Organic,2.621451885,2,0.981926574,Innovate Industries,Display,Women 35-44,60 days,Email,0.04,"$16,527.00",3.84,Houston,Spanish,687,2440,7,Foodies,29/07/2021,Loss
1671,6,0.090699722,0.275731641,Organic,3.194726141,1,1,NexGen Systems,Influencer,Women 25-34,45 days,Facebook,0.15,"$14,801.00",2.75,Chicago,Spanish,619,9773,6,Fashionistas,30/07/2021,Loss
1672,1,8.132757009,0.140037295,Social,4.378638826,0,1,DataTech Solutions,Social Media,Women 25-34,30 days,Google Ads,0.05,"$16,906.00",4.5,Houston,Spanish,210,8711,10,Health & Wellness,31/07/2021,Loss
1673,6,2.244392881,0.436048102,Organic,1.847799423,1,1,Innovate Industries,Search,Women 35-44,60 days,Instagram,0.07,"$12,904.00",4.13,Los Angeles,French,409,3626,3,Outdoor Adventurers,01/08/2021,Loss
1674,6,2.315518252,0.190470879,Paid,2.704308273,3,0.715772745,Alpha Innovations,Influencer,All Ages,15 days,Instagram,0.01,"$16,539.00",7.72,Miami,Mandarin,231,5714,2,Outdoor Adventurers,02/08/2021,Profit
1675,0,4.55219006,0.31344101,Organic,3.934210935,0,1,Alpha Innovations,Email,All Ages,15 days,Website,0.04,"$14,188.00",5.59,Houston,Mandarin,455,5450,1,Tech Enthusiasts,03/08/2021,Profit
1676,6,1.133647473,0.066358791,Organic,2.759507083,3,1,TechCorp,Influencer,Men 25-34,30 days,Website,0.05,"$9,833.00",5.21,Los Angeles,French,854,4765,7,Foodies,04/08/2021,Profit
1677,1,1.972804842,0.186114045,Social,1.981211251,3,0.921435233,TechCorp,Email,Women 25-34,60 days,Facebook,0.07,"$10,477.00",7.16,Houston,Mandarin,393,6691,10,Health & Wellness,05/08/2021,Profit
1678,4,10.388859,0.461776793,Social,3.090968698,2,1,NexGen Systems,Influencer,Women 25-34,45 days,Instagram,0.12,"$19,954.00",3.18,Miami,German,892,2682,5,Foodies,06/08/2021,Loss
1679,6,3.345585262,0.141839992,Paid,11.50898232,1,1,TechCorp,Search,Women 25-34,45 days,Facebook,0.12,"$14,024.00",6.52,Chicago,Mandarin,919,7475,3,Outdoor Adventurers,07/08/2021,Profit
1680,7,0.500803752,0.091984446,Organic,12.14598649,4,1,NexGen Systems,Influencer,Women 25-34,45 days,Instagram,0.13,"$6,588.00",5.35,New York,German,617,9331,5,Outdoor Adventurers,08/08/2021,Profit
1681,6,0.428933604,0.398986412,Paid,1.688699104,1,0.755371172,NexGen Systems,Search,Women 25-34,45 days,Email,0.09,"$13,734.00",6.34,New York,English,905,2346,5,Health & Wellness,09/08/2021,Profit
1682,3,0.685466278,0.513167348,Paid,0.816829906,3,1,TechCorp,Display,Men 25-34,30 days,Email,0.09,"$16,794.00",2.43,Chicago,German,873,2646,10,Fashionistas,10/08/2021,Loss
1683,7,4.366440425,0.250562913,Organic,3.783863044,1,1,DataTech Solutions,Influencer,All Ages,60 days,Email,0.04,"$17,413.00",7.42,Chicago,German,103,7665,8,Tech Enthusiasts,11/08/2021,Profit
1684,6,1.050277129,0.143561306,Organic,1.182876005,3,1,NexGen Systems,Influencer,Women 25-34,45 days,YouTube,0.11,"$11,611.00",3.48,Los Angeles,Spanish,329,6390,1,Tech Enthusiasts,12/08/2021,Loss
1685,5,0.064862709,0.345459632,Paid,1.691294289,2,1,TechCorp,Email,Men 25-34,45 days,Google Ads,0.11,"$12,967.00",3.8,Los Angeles,Spanish,812,7207,5,Fashionistas,13/08/2021,Loss
1686,7,8.656566239,0.12680539,Organic,5.282715298,2,1,Alpha Innovations,Social Media,Women 35-44,45 days,Facebook,0.12,"$18,006.00",3.81,New York,Spanish,190,5179,1,Tech Enthusiasts,14/08/2021,Loss
1687,4,0.557953069,0.16875597,Referral,2.433544863,3,1,NexGen Systems,Display,Men 18-24,30 days,YouTube,0.11,"$12,463.00",7.19,Miami,Spanish,554,4368,2,Fashionistas,15/08/2021,Profit
1688,7,0.028812476,0.528245278,Organic,9.620062225,0,1,Alpha Innovations,Email,Men 25-34,30 days,Instagram,0.11,"$9,951.00",5.46,New York,Spanish,359,5375,5,Outdoor Adventurers,16/08/2021,Profit
1689,1,0.812009228,0.4350887,Paid,2.153414551,2,0.920645723,Innovate Industries,Influencer,All Ages,45 days,YouTube,0.08,"$15,619.00",4.97,Los Angeles,Spanish,622,5492,10,Foodies,17/08/2021,Loss
1690,2,0.803751228,0.468025828,Organic,4.910747191,3,1,NexGen Systems,Email,Men 18-24,45 days,Facebook,0.12,"$5,041.00",2.48,New York,German,325,9889,1,Foodies,18/08/2021,Loss
1691,2,1.644571485,0.242261699,Direct,12.07878624,2,1,Innovate Industries,Display,Men 25-34,45 days,Instagram,0.12,"$8,888.00",7.16,Los Angeles,German,672,3267,1,Health & Wellness,19/08/2021,Profit
1692,6,7.591840348,0.512542746,Paid,2.423552109,4,1,NexGen Systems,Social Media,Men 25-34,15 days,Instagram,0.12,"$9,592.00",6.49,Houston,Mandarin,533,6410,4,Health & Wellness,20/08/2021,Profit
1693,8,6.340482445,0.114126493,Organic,0.968704089,5,1,NexGen Systems,Search,Men 18-24,15 days,Instagram,0.08,"$11,528.00",3.25,Chicago,French,734,6149,8,Tech Enthusiasts,21/08/2021,Loss
1694,6,1.831355365,0.256594314,Paid,1.518302521,3,1,NexGen Systems,Social Media,All Ages,45 days,Google Ads,0.12,"$13,117.00",3.65,New York,German,453,2223,4,Tech Enthusiasts,22/08/2021,Loss
1695,0,1.587477508,0.23690935,Social,10.88130389,0,1,Innovate Industries,Influencer,Women 35-44,45 days,Instagram,0.05,"$8,151.00",3.38,New York,French,426,2738,7,Outdoor Adventurers,23/08/2021,Loss
1696,10,2.429104248,0.048278632,Social,2.000575885,0,1,DataTech Solutions,Influencer,Women 25-34,45 days,YouTube,0.11,"$14,382.00",2.54,Miami,English,151,8281,1,Outdoor Adventurers,24/08/2021,Loss
1697,2,0.836975871,0.293049923,Referral,1.19743528,1,1,Innovate Industries,Search,Women 35-44,60 days,Facebook,0.04,"$11,903.00",3.8,New York,Spanish,310,1592,1,Fashionistas,25/08/2021,Loss
1698,5,0.160787805,0.143379613,Organic,6.731143526,3,1,TechCorp,Display,Men 18-24,30 days,Facebook,0.14,"$15,981.00",5.93,Houston,Mandarin,366,8470,3,Health & Wellness,26/08/2021,Profit
1699,8,8.401687636,0.457488757,Referral,1.155500015,1,1,NexGen Systems,Influencer,All Ages,60 days,Instagram,0.11,"$12,604.00",7.79,New York,French,738,5191,3,Health & Wellness,27/08/2021,Profit
1700,5,0.619961957,0.343003358,Social,4.065204143,1,1,TechCorp,Social Media,Men 25-34,15 days,YouTube,0.01,"$6,611.00",7.88,Los Angeles,English,708,1517,2,Outdoor Adventurers,28/08/2021,Profit
1701,4,0.663439375,0.493953108,Paid,0.991446811,3,0.751203136,Alpha Innovations,Search,All Ages,45 days,Email,0.12,"$14,831.00",5.71,Miami,Mandarin,582,4369,2,Foodies,29/08/2021,Profit
1702,3,1.918593631,0.505088919,Social,2.855861308,3,1,Alpha Innovations,Search,All Ages,60 days,Email,0.06,"$18,219.00",6.71,Miami,French,567,8115,6,Fashionistas,30/08/2021,Profit
1703,7,2.029538966,0.411670232,Organic,8.286452267,0,1,DataTech Solutions,Email,Women 35-44,60 days,Facebook,0.11,"$18,961.00",6.41,Los Angeles,German,236,5397,6,Health & Wellness,31/08/2021,Profit
1704,7,0.055818711,0.14278639,Organic,2.311164956,2,0.915557152,DataTech Solutions,Social Media,Men 18-24,45 days,Google Ads,0.11,"$15,136.00",4.69,New York,German,299,1222,7,Foodies,01/09/2021,Loss
1705,3,0.48034689,0.295317562,Social,1.025654025,2,1,DataTech Solutions,Search,All Ages,60 days,Instagram,0.04,"$19,380.00",5.31,Los Angeles,Spanish,876,3492,4,Outdoor Adventurers,02/09/2021,Profit
1706,3,1.425192365,0.176519417,Referral,3.598284795,3,1,TechCorp,Influencer,All Ages,30 days,Google Ads,0.11,"$7,612.00",2.68,Houston,French,1000,3304,1,Tech Enthusiasts,03/09/2021,Loss
1707,2,3.453483578,0.152778675,Organic,5.483059836,1,1,Innovate Industries,Display,Men 18-24,15 days,Instagram,0.03,"$10,600.00",5.8,Chicago,Mandarin,941,8458,6,Health & Wellness,04/09/2021,Profit
1708,2,0.777938755,0.107835501,Organic,3.228410232,1,1,NexGen Systems,Email,Women 25-34,15 days,YouTube,0.11,"$10,634.00",2.84,Chicago,Mandarin,182,8834,9,Outdoor Adventurers,05/09/2021,Loss
1709,7,1.649814149,0.258657224,Social,12.39653766,1,1,NexGen Systems,Display,Men 18-24,45 days,Website,0.14,"$12,890.00",7.03,Chicago,Mandarin,822,7350,7,Foodies,06/09/2021,Profit
1710,4,2.444894219,0.163281248,Organic,1.598479395,1,0.97287718,TechCorp,Social Media,Men 18-24,45 days,Instagram,0.04,"$17,500.00",7.12,Los Angeles,Spanish,756,1000,5,Outdoor Adventurers,07/09/2021,Profit
1711,1,6.583681742,0.345919843,Organic,2.579765549,4,1,TechCorp,Display,Men 25-34,45 days,Website,0.09,"$10,394.00",2.86,Miami,Mandarin,313,8293,2,Foodies,08/09/2021,Loss
1712,3,1.183889329,0.409890632,Organic,3.05677529,2,1,TechCorp,Email,Men 18-24,15 days,Facebook,0.08,"$19,973.00",7.42,Houston,English,405,6842,6,Outdoor Adventurers,09/09/2021,Profit
1713,10,0.430081245,0.055892473,Direct,4.489632363,2,1,Innovate Industries,Social Media,Men 18-24,45 days,YouTube,0.08,"$9,580.00",5.31,Los Angeles,German,897,4821,4,Tech Enthusiasts,10/09/2021,Profit
1714,3,2.015755687,0.239649146,Direct,1.532582715,4,1,Innovate Industries,Display,Women 35-44,15 days,Instagram,0.07,"$14,764.00",4.34,Los Angeles,English,714,9270,6,Outdoor Adventurers,11/09/2021,Loss
1715,6,4.11979802,0.086004831,Paid,2.382671424,2,1,Innovate Industries,Email,All Ages,60 days,YouTube,0.02,"$10,658.00",2.23,Miami,Mandarin,254,6433,8,Fashionistas,12/09/2021,Loss
1716,4,0.349128757,0.486140948,Paid,2.266492467,1,1,DataTech Solutions,Email,Men 18-24,60 days,Website,0.11,"$13,237.00",6.15,New York,Mandarin,363,5359,4,Fashionistas,13/09/2021,Profit
1717,5,1.658504821,0.504179918,Organic,1.459552264,1,1,TechCorp,Search,Men 18-24,45 days,YouTube,0.04,"$5,308.00",2.59,Chicago,Mandarin,231,2067,4,Foodies,14/09/2021,Loss
1718,3,0.053835592,0.189051403,Organic,3.044557703,8,1,Alpha Innovations,Social Media,Women 25-34,60 days,Google Ads,0.14,"$14,500.00",4.77,Chicago,Spanish,221,5650,8,Outdoor Adventurers,15/09/2021,Loss
1719,7,0.102405645,0.13703744,Social,5.415000123,0,1,Innovate Industries,Influencer,Men 18-24,60 days,YouTube,0.08,"$18,756.00",5.09,New York,Spanish,512,2441,6,Health & Wellness,16/09/2021,Profit
1720,5,1.978866606,0.48750479,Organic,0.908001421,3,1,Innovate Industries,Social Media,Men 25-34,15 days,Facebook,0.08,"$12,095.00",3.4,Miami,English,184,9602,6,Tech Enthusiasts,17/09/2021,Loss
1721,2,1.062308898,0.605859588,Paid,3.442923151,4,1,Alpha Innovations,Influencer,Men 18-24,60 days,Facebook,0.05,"$5,455.00",2.84,Chicago,Spanish,397,1666,4,Outdoor Adventurers,18/09/2021,Loss
1722,6,5.59506796,0.270556642,Referral,3.932851884,4,1,NexGen Systems,Display,All Ages,60 days,Email,0.15,"$17,841.00",3.33,Houston,French,555,6823,1,Foodies,19/09/2021,Loss
1723,3,2.765073158,0.105783719,Organic,3.868783639,2,1,Alpha Innovations,Social Media,All Ages,30 days,Email,0.14,"$18,962.00",4.27,Houston,Spanish,143,8625,1,Foodies,20/09/2021,Loss
1724,2,1.81504059,0.130516172,Paid,14.63294927,2,1,Innovate Industries,Email,Women 25-34,30 days,Email,0.15,"$12,316.00",5.78,Houston,Spanish,258,3784,1,Health & Wellness,21/09/2021,Profit
1725,7,1.572418439,0.166300095,Paid,3.966855226,2,1,DataTech Solutions,Social Media,Men 18-24,30 days,Instagram,0.12,"$19,232.00",2.14,New York,Spanish,297,9075,2,Health & Wellness,22/09/2021,Loss
1726,6,2.062959781,0.250705452,Referral,2.818399898,4,1,Alpha Innovations,Display,Women 25-34,45 days,YouTube,0.13,"$17,489.00",7.63,Miami,French,756,2706,10,Tech Enthusiasts,23/09/2021,Profit
1727,3,0.123837645,0.288371788,Organic,2.012481449,2,0.960540973,TechCorp,Influencer,Women 35-44,45 days,Instagram,0.06,"$13,046.00",6.64,New York,English,970,9164,4,Tech Enthusiasts,24/09/2021,Profit
1728,5,6.698991176,0.389893243,Organic,2.286196258,1,1,TechCorp,Email,Women 35-44,60 days,Instagram,0.15,"$18,158.00",6.48,New York,Spanish,929,5332,9,Outdoor Adventurers,25/09/2021,Profit
1729,7,19.1369552,0.074132566,Paid,1.702113688,2,1,NexGen Systems,Influencer,Men 18-24,30 days,Email,0.04,"$6,947.00",3.22,Miami,German,332,1593,5,Fashionistas,26/09/2021,Loss
1730,4,0.600798456,0.252496601,Direct,2.075446316,2,1,Innovate Industries,Search,Women 35-44,30 days,Google Ads,0.12,"$16,367.00",5.1,Miami,English,934,2737,1,Health & Wellness,27/09/2021,Profit
1731,4,0.38480596,0.077248642,Organic,2.480493346,2,1,Innovate Industries,Display,Men 25-34,15 days,Instagram,0.11,"$9,227.00",5.7,Miami,Mandarin,668,6442,9,Health & Wellness,28/09/2021,Profit
1732,3,0.464974221,0.100357596,Direct,2.973886742,0,1,Innovate Industries,Influencer,Men 25-34,30 days,Email,0.06,"$9,482.00",2.83,Miami,Mandarin,630,5040,5,Fashionistas,29/09/2021,Loss
1733,6,3.245504978,0.310611212,Referral,5.001229434,1,1,Innovate Industries,Influencer,All Ages,15 days,Instagram,0.06,"$13,623.00",3.84,Chicago,English,401,4925,3,Fashionistas,30/09/2021,Loss
1734,4,3.249169279,0.218931917,Social,1.890818883,7,1,DataTech Solutions,Email,Women 25-34,45 days,Email,0.14,"$10,541.00",6.59,Los Angeles,English,666,7309,6,Tech Enthusiasts,01/10/2021,Profit
1735,5,5.650127851,0.210831967,Organic,1.907207714,1,1,TechCorp,Social Media,Women 35-44,30 days,Google Ads,0.08,"$8,802.00",7.01,Los Angeles,Mandarin,129,4063,5,Fashionistas,02/10/2021,Profit
1736,7,4.180880193,0.300859028,Organic,3.739580712,3,1,Innovate Industries,Display,Men 18-24,45 days,YouTube,0.03,"$10,044.00",4.28,Los Angeles,French,933,1943,1,Health & Wellness,03/10/2021,Loss
1737,4,1.791818789,0.355590721,Organic,3.745836204,1,1,Innovate Industries,Social Media,All Ages,60 days,Email,0.05,"$14,956.00",5.83,Los Angeles,French,738,9186,5,Foodies,04/10/2021,Profit
1738,3,2.846870739,0.173133023,Organic,2.217642311,3,1,TechCorp,Email,Women 35-44,15 days,Facebook,0.06,"$9,459.00",3.96,Houston,English,381,6910,10,Foodies,05/10/2021,Loss
1739,1,3.496994738,0.194368064,Direct,1.000240431,5,1,TechCorp,Email,Men 18-24,60 days,Instagram,0.02,"$7,523.00",5.39,Houston,English,743,1424,9,Outdoor Adventurers,06/10/2021,Profit
1740,5,2.15685052,0.36600832,Organic,6.514358879,1,1,Alpha Innovations,Influencer,Women 35-44,60 days,YouTube,0.07,"$13,162.00",7.6,Chicago,Spanish,514,6596,10,Fashionistas,07/10/2021,Profit
1741,8,1.936793269,0.306923377,Paid,4.663702605,1,1,DataTech Solutions,Search,Men 25-34,30 days,YouTube,0.13,"$5,578.00",3.11,Los Angeles,Mandarin,394,7639,3,Health & Wellness,08/10/2021,Loss
1742,5,3.107736066,0.620690816,Organic,3.44139619,3,1,DataTech Solutions,Search,All Ages,45 days,Google Ads,0.11,"$14,226.00",6.91,Los Angeles,French,283,8984,7,Health & Wellness,09/10/2021,Profit
1743,5,2.445771899,0.206583518,Referral,5.819222599,3,1,NexGen Systems,Email,Men 25-34,15 days,Website,0.13,"$13,584.00",4.82,Los Angeles,Spanish,377,6871,4,Fashionistas,10/10/2021,Loss
1744,3,3.097987493,0.475013904,Organic,0.681750441,3,1,Innovate Industries,Influencer,All Ages,15 days,Instagram,0.15,"$11,706.00",4.3,Houston,English,592,5338,10,Fashionistas,11/10/2021,Loss
1745,3,2.846866186,0.403474172,Organic,0.535191414,1,0.776587463,TechCorp,Display,Men 18-24,45 days,Google Ads,0.08,"$16,441.00",5.37,New York,Spanish,535,5364,1,Fashionistas,12/10/2021,Profit
1746,6,3.810301074,0.326062254,Organic,3.256957151,2,1,Alpha Innovations,Display,Women 25-34,30 days,YouTube,0.06,"$12,161.00",3.64,New York,English,122,4738,7,Tech Enthusiasts,13/10/2021,Loss
1747,5,3.088407759,0.386548648,Social,5.313231484,4,1,DataTech Solutions,Display,Men 25-34,60 days,Google Ads,0.15,"$12,421.00",4.69,New York,Mandarin,331,4586,1,Outdoor Adventurers,14/10/2021,Loss
1748,7,2.200298497,0.536770467,Organic,3.18280481,3,1,NexGen Systems,Display,Women 25-34,60 days,Website,0.08,"$11,465.00",5.08,New York,Mandarin,551,7912,6,Health & Wellness,15/10/2021,Profit
1749,6,3.435195426,0.073206944,Organic,0.672672262,4,1,DataTech Solutions,Email,Women 35-44,30 days,Email,0.11,"$14,249.00",2.87,Miami,French,251,8392,3,Health & Wellness,16/10/2021,Loss
1750,8,1.790686688,0.024740654,Organic,5.318146855,4,1,Alpha Innovations,Display,Women 25-34,60 days,Facebook,0.06,"$7,323.00",7.17,Chicago,French,583,9581,1,Foodies,17/10/2021,Profit
1751,8,0.829914746,0.125698187,Direct,1.901185326,2,1,NexGen Systems,Influencer,All Ages,15 days,Website,0.08,"$14,254.00",7.81,Miami,Spanish,733,3906,4,Tech Enthusiasts,18/10/2021,Profit
1752,8,0.00425768,0.14212603,Paid,6.945976135,1,1,DataTech Solutions,Influencer,All Ages,60 days,Instagram,0.14,"$14,683.00",7.36,Los Angeles,French,942,4268,9,Outdoor Adventurers,19/10/2021,Profit
1753,9,2.462697215,0.43161334,Referral,14.10801104,2,1,Innovate Industries,Social Media,Men 25-34,30 days,Email,0.11,"$19,595.00",2.28,New York,Spanish,841,4658,2,Health & Wellness,20/10/2021,Loss
1754,5,2.679592534,0.333058214,Referral,0.718210553,2,1,NexGen Systems,Search,Women 35-44,30 days,Instagram,0.02,"$5,781.00",5.15,Miami,French,392,3707,10,Outdoor Adventurers,21/10/2021,Profit
1755,3,10.73190312,0.375775975,Organic,1.369961192,1,1,Alpha Innovations,Influencer,Men 25-34,45 days,Instagram,0.06,"$16,221.00",6.69,Chicago,English,562,2781,6,Tech Enthusiasts,22/10/2021,Profit
1756,4,1.345799015,0.230636541,Paid,2.679479767,2,0.880943969,Innovate Industries,Email,All Ages,45 days,Facebook,0.01,"$14,861.00",7.6,Houston,Spanish,618,6959,2,Tech Enthusiasts,23/10/2021,Profit
1757,5,1.503285569,0.185064119,Organic,3.549525327,9,1,Alpha Innovations,Display,Men 18-24,30 days,Facebook,0.05,"$15,460.00",6.13,New York,English,723,4837,5,Fashionistas,24/10/2021,Profit
1758,6,0.676186686,0.272702672,Paid,6.432024875,2,1,Innovate Industries,Social Media,Men 18-24,30 days,YouTube,0.04,"$16,473.00",7.99,New York,Mandarin,802,1308,6,Fashionistas,25/10/2021,Profit
1759,7,0.219436107,0.165100828,Paid,3.135185866,3,1,Alpha Innovations,Social Media,Men 25-34,15 days,Google Ads,0.1,"$9,895.00",4.54,Houston,German,878,2424,3,Fashionistas,26/10/2021,Loss
1760,4,4.445833102,0.373786332,Paid,1.306449439,2,1,DataTech Solutions,Search,Women 35-44,60 days,Instagram,0.07,"$8,856.00",2.96,Los Angeles,Spanish,532,6297,4,Tech Enthusiasts,27/10/2021,Loss
1761,6,0.861770746,0.371030159,Organic,4.378442356,1,1,NexGen Systems,Email,Men 18-24,60 days,YouTube,0.02,"$5,147.00",6.03,Houston,English,444,3875,8,Health & Wellness,28/10/2021,Profit
1762,13,2.816413279,0.218823674,Organic,1.386667078,1,1,NexGen Systems,Search,Women 35-44,60 days,YouTube,0.12,"$16,285.00",4.06,Miami,French,487,3972,10,Health & Wellness,29/10/2021,Loss
1763,3,3.492074716,0.203047373,Social,2.026297987,1,1,NexGen Systems,Search,Men 18-24,45 days,YouTube,0.08,"$6,011.00",5.13,Miami,English,827,2446,7,Health & Wellness,30/10/2021,Profit
1764,7,1.911643114,0.095141081,Referral,6.911043021,2,1,Alpha Innovations,Social Media,All Ages,45 days,Google Ads,0.06,"$18,071.00",7.14,New York,English,309,1249,2,Health & Wellness,31/10/2021,Profit
1765,7,6.270952122,0.21546065,Organic,1.860850804,2,1,TechCorp,Influencer,Women 35-44,60 days,Email,0.04,"$12,426.00",5.58,Los Angeles,German,643,7454,4,Tech Enthusiasts,01/11/2021,Profit
1766,2,1.759854185,0.475560194,Organic,1.424209244,1,1,Alpha Innovations,Influencer,Men 25-34,60 days,Website,0.03,"$10,430.00",3.28,Miami,German,747,7485,1,Outdoor Adventurers,02/11/2021,Loss
1767,5,1.006034834,0.469553698,Social,2.131830945,4,1,Innovate Industries,Social Media,Men 25-34,30 days,Email,0.06,"$15,216.00",3.26,New York,French,590,3225,4,Outdoor Adventurers,03/11/2021,Loss
1768,2,6.790540951,0.205617716,Social,4.829336954,0,1,NexGen Systems,Email,All Ages,30 days,Email,0.03,"$15,939.00",2.43,Miami,Spanish,700,5268,10,Foodies,04/11/2021,Loss
1769,4,5.932047622,0.040761794,Direct,0.496395836,1,1,TechCorp,Email,All Ages,60 days,Google Ads,0.06,"$11,753.00",3.46,Chicago,Mandarin,501,9670,8,Outdoor Adventurers,05/11/2021,Loss
1770,3,0.537523352,0.332495241,Organic,4.352241399,4,1,DataTech Solutions,Search,Men 25-34,60 days,YouTube,0.14,"$19,652.00",5.82,Los Angeles,French,518,1790,2,Foodies,06/11/2021,Profit
1771,3,0.078911862,0.155264516,Paid,3.074609998,2,1,Innovate Industries,Search,Women 35-44,30 days,Website,0.08,"$12,901.00",6.8,New York,German,553,2549,6,Health & Wellness,07/11/2021,Profit
1772,1,0.282884422,0.44057986,Organic,1.882008936,2,1,Innovate Industries,Email,Women 35-44,45 days,YouTube,0.07,"$10,236.00",7.43,Miami,German,763,9464,1,Foodies,08/11/2021,Profit
1773,7,1.012917826,0.317596851,Referral,3.101314437,2,1,Alpha Innovations,Email,Women 35-44,15 days,Website,0.15,"$8,298.00",5.65,New York,French,249,7654,8,Outdoor Adventurers,09/11/2021,Profit
1774,4,10.75461815,0.544375238,Organic,2.80833478,4,1,Alpha Innovations,Influencer,All Ages,45 days,Facebook,0.07,"$10,791.00",4.66,Miami,Spanish,666,7543,3,Tech Enthusiasts,10/11/2021,Loss
1775,9,2.45284154,0.362087307,Organic,2.621696689,3,1,Innovate Industries,Email,Women 35-44,60 days,Facebook,0.04,"$17,716.00",7.56,Miami,Mandarin,889,6856,7,Fashionistas,11/11/2021,Profit
1776,4,1.401678783,0.277254824,Organic,2.998505044,4,1,DataTech Solutions,Display,All Ages,30 days,YouTube,0.13,"$19,179.00",3.38,New York,Mandarin,264,5401,10,Foodies,12/11/2021,Loss
1777,6,6.587011911,0.109601325,Referral,2.891413938,3,1,TechCorp,Social Media,Men 18-24,45 days,Facebook,0.07,"$19,271.00",7.25,Houston,Spanish,483,9281,1,Fashionistas,13/11/2021,Profit
1778,3,1.810667228,0.200748565,Paid,1.623742306,1,0.805018894,Innovate Industries,Display,Women 25-34,45 days,Email,0.01,"$14,234.00",2.86,Houston,Mandarin,981,5413,5,Tech Enthusiasts,14/11/2021,Loss
1779,8,1.136054592,0.375028163,Referral,2.236879578,1,1,DataTech Solutions,Email,Men 25-34,60 days,Instagram,0.09,"$14,247.00",3.5,Los Angeles,German,687,2934,7,Health & Wellness,15/11/2021,Loss
1780,6,8.501836802,0.366438088,Social,4.199388635,4,1,Innovate Industries,Social Media,All Ages,45 days,Email,0.05,"$6,697.00",2.66,Los Angeles,French,691,5588,6,Health & Wellness,16/11/2021,Loss
1781,5,5.681728755,0.225815466,Referral,0.904411693,1,1,Innovate Industries,Influencer,Men 25-34,60 days,Website,0.04,"$15,431.00",2.7,Chicago,English,783,9325,4,Tech Enthusiasts,17/11/2021,Loss
1782,3,5.567327188,0.167470623,Paid,3.499586872,0,1,NexGen Systems,Social Media,Women 35-44,45 days,Email,0.03,"$17,925.00",5.29,Chicago,French,808,7171,3,Health & Wellness,18/11/2021,Profit
1783,11,2.1540706,0.560007431,Direct,1.056499579,0,0.724308193,NexGen Systems,Email,Women 35-44,30 days,Facebook,0.13,"$8,356.00",4.41,Houston,English,276,9247,8,Fashionistas,19/11/2021,Loss
1784,7,4.673931079,0.060893708,Paid,3.343325101,4,1,DataTech Solutions,Email,Women 35-44,15 days,Facebook,0.14,"$8,846.00",5.57,Miami,German,547,3952,3,Tech Enthusiasts,20/11/2021,Profit
1785,6,0.59298799,0.091902641,Organic,0.851148568,1,0.850943463,TechCorp,Search,Men 18-24,15 days,Email,0.12,"$18,260.00",6.33,Los Angeles,German,664,4912,1,Foodies,21/11/2021,Profit
1786,6,2.554480653,0.224223004,Direct,1.751810983,1,1,TechCorp,Influencer,Women 25-34,15 days,Website,0.08,"$14,682.00",5.5,Miami,French,930,7407,8,Foodies,22/11/2021,Profit
1787,6,12.37674842,0.678911814,Organic,3.782121989,2,1,Alpha Innovations,Social Media,All Ages,45 days,Instagram,0.05,"$5,099.00",6.22,Miami,French,909,5973,9,Foodies,23/11/2021,Profit
1788,6,1.031523369,0.406592919,Paid,2.703015402,3,1,Innovate Industries,Email,Men 18-24,60 days,Instagram,0.05,"$19,885.00",5.78,Los Angeles,Mandarin,532,4885,8,Tech Enthusiasts,24/11/2021,Profit
1789,5,4.744772732,0.388811709,Organic,3.067598662,3,1,Alpha Innovations,Search,Men 25-34,60 days,Instagram,0.05,"$17,276.00",5.49,Los Angeles,Mandarin,257,2342,7,Foodies,25/11/2021,Profit
1790,8,2.022849141,0.411940994,Paid,1.455921495,2,1,DataTech Solutions,Display,Women 35-44,30 days,Email,0.05,"$13,868.00",4.13,Houston,English,941,5491,4,Foodies,26/11/2021,Loss
1791,6,0.121858805,0.726512812,Paid,5.576955741,3,1,Alpha Innovations,Search,Women 35-44,15 days,YouTube,0.05,"$15,501.00",7.01,Houston,English,285,9223,2,Fashionistas,27/11/2021,Profit
1792,8,4.319330966,0.350651307,Organic,2.75719589,0,1,TechCorp,Social Media,All Ages,60 days,Website,0.08,"$8,582.00",6.55,Miami,French,613,4114,9,Health & Wellness,28/11/2021,Profit
1793,13,0.55382142,0.093090335,Paid,2.481733264,1,1,Innovate Industries,Email,Men 25-34,60 days,Email,0.09,"$10,667.00",2.04,Houston,German,755,1852,3,Outdoor Adventurers,29/11/2021,Loss
1794,4,2.994728517,0.493946076,Social,3.170611081,2,1,Alpha Innovations,Display,Women 35-44,60 days,Instagram,0.12,"$6,685.00",4.42,Los Angeles,German,749,6320,9,Foodies,30/11/2021,Loss
1795,1,0.268672117,0.088831163,Organic,0.438068214,2,1,Alpha Innovations,Social Media,Women 25-34,60 days,Facebook,0.11,"$6,476.00",4.71,New York,German,269,8558,10,Fashionistas,01/12/2021,Loss
1796,4,8.804893668,0.070492628,Organic,2.783532212,2,1,Innovate Industries,Social Media,Men 18-24,15 days,Email,0.09,"$10,890.00",2.8,Houston,Spanish,580,9837,1,Foodies,02/12/2021,Loss
1797,2,1.034763814,0.353406554,Organic,3.249511185,3,1,DataTech Solutions,Social Media,Women 35-44,45 days,Google Ads,0.05,"$7,734.00",6.32,New York,English,648,8821,4,Outdoor Adventurers,03/12/2021,Profit
1798,7,0.770351888,0.092592168,Social,1.701099775,4,1,NexGen Systems,Search,All Ages,30 days,Facebook,0.1,"$9,270.00",7.58,Houston,German,226,1330,3,Health & Wellness,04/12/2021,Profit
1799,4,0.414809762,0.147714044,Referral,6.044376567,1,1,DataTech Solutions,Influencer,Men 25-34,45 days,Website,0.15,"$17,386.00",2.5,Miami,German,160,9680,3,Outdoor Adventurers,05/12/2021,Loss
1800,5,8.756435552,0.59292859,Social,0.822736307,2,1,TechCorp,Email,Women 35-44,30 days,YouTube,0.09,"$12,779.00",4.83,Houston,English,570,9685,7,Health & Wellness,06/12/2021,Loss
1801,8,3.733381881,0.408857428,Organic,5.569229622,1,1,TechCorp,Social Media,All Ages,45 days,Facebook,0.11,"$11,983.00",5.77,Miami,German,729,4082,7,Health & Wellness,07/12/2021,Profit
1802,6,4.060446517,0.045547284,Organic,7.458477657,5,1,DataTech Solutions,Social Media,Men 18-24,30 days,Facebook,0.06,"$9,194.00",7.52,Los Angeles,Spanish,346,2000,5,Fashionistas,08/12/2021,Profit
1803,5,2.075871036,0.142680619,Organic,4.522021453,1,0.942110169,Innovate Industries,Influencer,Women 35-44,45 days,Website,0.12,"$17,845.00",7.19,Chicago,Spanish,963,5404,8,Tech Enthusiasts,09/12/2021,Profit
1804,2,1.93151594,0.266785912,Organic,1.808677134,2,1,Innovate Industries,Display,Women 35-44,15 days,Website,0.14,"$10,250.00",5.08,Chicago,German,529,2270,7,Foodies,10/12/2021,Profit
1805,6,0.349673055,0.141005543,Paid,3.581229796,0,0.953018848,DataTech Solutions,Email,Women 35-44,45 days,Email,0.05,"$5,505.00",4.02,Chicago,French,311,2978,6,Fashionistas,11/12/2021,Loss
1806,5,2.461858413,0.341227961,Direct,1.435362161,2,1,Alpha Innovations,Search,Men 18-24,15 days,Facebook,0.04,"$18,117.00",7.95,Los Angeles,English,269,4641,5,Fashionistas,12/12/2021,Profit
1807,6,0.850737483,0.288598852,Organic,10.34502843,0,1,Innovate Industries,Influencer,Men 18-24,15 days,Google Ads,0.1,"$9,772.00",7.27,Houston,German,453,7235,8,Health & Wellness,13/12/2021,Profit
1808,3,11.33579979,0.269526439,Direct,2.628835583,3,1,Alpha Innovations,Influencer,Men 18-24,15 days,Google Ads,0.07,"$8,103.00",6.45,Los Angeles,Spanish,483,4279,9,Foodies,14/12/2021,Profit
1809,6,4.777461279,0.344988655,Organic,1.482999814,3,1,DataTech Solutions,Search,Men 25-34,60 days,Website,0.1,"$16,209.00",6.41,Houston,Mandarin,955,2099,8,Fashionistas,15/12/2021,Profit
1810,6,1.5981508,0.164515433,Direct,0.246517205,1,0.898997725,NexGen Systems,Display,All Ages,45 days,Website,0.07,"$6,048.00",2.79,Los Angeles,Mandarin,652,2886,7,Outdoor Adventurers,16/12/2021,Loss
1811,4,0.492294382,0.19406879,Organic,3.041262154,4,1,NexGen Systems,Social Media,Men 18-24,15 days,Email,0.1,"$11,119.00",5.57,Houston,French,791,4693,4,Outdoor Adventurers,17/12/2021,Profit
1812,7,4.615983575,0.3321123,Direct,6.575329462,3,1,NexGen Systems,Email,Men 25-34,15 days,Google Ads,0.02,"$7,658.00",7.41,Miami,Mandarin,312,4722,2,Outdoor Adventurers,18/12/2021,Profit
1813,4,0.390509776,0.734401799,Organic,4.403389039,1,0.853629698,Innovate Industries,Social Media,Women 25-34,45 days,Google Ads,0.14,"$15,094.00",6.37,Miami,Spanish,447,3290,6,Health & Wellness,19/12/2021,Profit
1814,0,0.629696529,0.470214057,Direct,6.029770955,1,1,Innovate Industries,Social Media,Women 35-44,30 days,Facebook,0.1,"$14,844.00",6.31,Houston,Mandarin,561,6112,4,Health & Wellness,20/12/2021,Profit
1815,9,0.712946682,0.326931502,Organic,11.30861598,2,1,TechCorp,Influencer,Women 35-44,30 days,Google Ads,0.09,"$6,035.00",7.3,Houston,Mandarin,731,7534,2,Fashionistas,21/12/2021,Profit
1816,1,2.44181602,0.174192821,Organic,3.136047808,3,1,NexGen Systems,Social Media,Men 25-34,30 days,YouTube,0.05,"$12,927.00",7.19,Los Angeles,German,717,9926,5,Fashionistas,22/12/2021,Profit
1817,6,4.640187389,0.412133945,Paid,2.655321661,4,0.818168285,Innovate Industries,Influencer,Women 35-44,15 days,YouTube,0.06,"$14,991.00",2.21,Los Angeles,French,957,8110,3,Outdoor Adventurers,23/12/2021,Loss
1818,4,1.132010291,0.147815554,Organic,12.63093005,4,1,NexGen Systems,Display,Men 18-24,15 days,Email,0.05,"$7,529.00",5.15,New York,French,846,9779,8,Outdoor Adventurers,24/12/2021,Profit
1819,5,0.26541126,0.094117742,Referral,3.618283461,6,1,DataTech Solutions,Influencer,Men 25-34,15 days,Website,0.11,"$13,298.00",6.12,Chicago,Mandarin,367,5787,9,Fashionistas,25/12/2021,Profit
1820,6,1.873878657,0.070278998,Direct,0.96227008,3,1,TechCorp,Email,Women 35-44,60 days,Google Ads,0.11,"$13,093.00",5.73,Houston,French,647,2020,10,Tech Enthusiasts,26/12/2021,Profit
1821,8,4.136291256,0.314751717,Referral,1.805208644,1,1,TechCorp,Social Media,Women 25-34,30 days,Google Ads,0.1,"$16,849.00",3.43,Chicago,Spanish,930,6515,3,Foodies,27/12/2021,Loss
1822,4,0.751790309,0.644108617,Referral,12.23751104,1,1,NexGen Systems,Email,Women 35-44,45 days,Facebook,0.13,"$19,904.00",2.01,Chicago,Spanish,993,4542,8,Tech Enthusiasts,28/12/2021,Loss
1823,5,0.745093892,0.253626071,Organic,4.073350324,3,1,NexGen Systems,Email,Men 18-24,45 days,YouTube,0.02,"$17,321.00",4.55,Miami,German,149,6982,8,Outdoor Adventurers,29/12/2021,Loss
1824,10,8.825268303,0.208725683,Referral,6.646094278,2,1,NexGen Systems,Display,All Ages,30 days,Email,0.02,"$10,548.00",7.58,Houston,Mandarin,480,4349,3,Tech Enthusiasts,30/12/2021,Profit
1825,5,9.247384119,0.338720868,Paid,1.302481671,3,1,DataTech Solutions,Search,Women 25-34,15 days,Website,0.04,"$17,662.00",7.68,New York,Mandarin,180,4025,2,Health & Wellness,31/12/2021,Profit
1826,7,13.95858846,0.159577303,Social,6.624083208,1,1,TechCorp,Social Media,Men 18-24,15 days,Facebook,0.1,"$18,527.00",7.76,New York,French,815,5938,8,Health & Wellness,01/01/2021,Profit
1827,6,4.945465705,0.071831829,Organic,2.471168428,3,1,Alpha Innovations,Social Media,Women 25-34,45 days,YouTube,0.02,"$13,485.00",6.56,Miami,French,395,8497,4,Outdoor Adventurers,02/01/2021,Profit
1828,4,0.625445322,0.071639425,Referral,6.812315074,1,1,DataTech Solutions,Display,Women 35-44,60 days,Google Ads,0.06,"$9,282.00",2.24,Miami,French,423,9130,1,Health & Wellness,03/01/2021,Loss
1829,3,0.714701216,0.262511365,Organic,9.756247089,1,1,NexGen Systems,Display,Men 25-34,15 days,Website,0.07,"$14,860.00",4.7,Miami,French,469,5607,8,Outdoor Adventurers,04/01/2021,Loss
1830,5,1.247570332,0.634385144,Organic,1.745551726,4,0.640832067,TechCorp,Social Media,Men 25-34,30 days,Instagram,0.15,"$10,387.00",7.11,Houston,Spanish,410,7663,6,Outdoor Adventurers,05/01/2021,Profit
1831,4,1.148759902,0.275661439,Organic,5.340906834,2,1,TechCorp,Influencer,Men 18-24,15 days,YouTube,0.08,"$5,006.00",4.47,Los Angeles,Spanish,820,3136,6,Foodies,06/01/2021,Loss
1832,4,9.406897363,0.179034055,Organic,3.794985168,0,1,NexGen Systems,Email,Women 25-34,30 days,YouTube,0.06,"$14,080.00",3.98,New York,German,134,1298,7,Tech Enthusiasts,07/01/2021,Loss
1833,5,4.66874351,0.38166011,Organic,2.217616894,0,1,DataTech Solutions,Influencer,Women 35-44,30 days,YouTube,0.05,"$10,310.00",7.51,Miami,French,244,4126,8,Fashionistas,08/01/2021,Profit
1834,2,3.862158808,0.108402982,Organic,1.891189556,3,1,Innovate Industries,Influencer,Women 25-34,45 days,Website,0.02,"$13,977.00",4.63,Los Angeles,English,926,9502,8,Tech Enthusiasts,09/01/2021,Loss
1835,7,0.617249204,0.477877091,Social,3.617972663,0,1,Innovate Industries,Search,All Ages,15 days,Website,0.04,"$11,576.00",5.08,Houston,German,939,8641,3,Fashionistas,10/01/2021,Profit
1836,3,7.208063676,0.383213925,Organic,1.537939022,1,1,Alpha Innovations,Email,Men 25-34,45 days,Email,0.04,"$15,475.00",2.28,Los Angeles,Mandarin,417,7944,8,Outdoor Adventurers,11/01/2021,Loss
1837,5,5.278522435,0.337696916,Social,2.939606472,1,1,TechCorp,Search,Women 35-44,45 days,Facebook,0.03,"$12,236.00",2.89,Los Angeles,Mandarin,842,1803,4,Foodies,12/01/2021,Loss
1838,6,0.536095015,0.406891257,Organic,5.624812899,4,1,NexGen Systems,Social Media,Men 25-34,30 days,YouTube,0.14,"$17,160.00",3.38,Chicago,English,408,4284,5,Outdoor Adventurers,13/01/2021,Loss
1839,8,6.14779245,0.17377312,Organic,0.895331196,4,1,TechCorp,Social Media,Men 25-34,15 days,Google Ads,0.07,"$15,939.00",5.41,New York,English,575,8676,9,Health & Wellness,14/01/2021,Profit
1840,5,0.953382933,0.229190537,Paid,1.38586201,4,1,NexGen Systems,Social Media,Men 18-24,60 days,Website,0.05,"$18,489.00",3.9,Chicago,Mandarin,809,3875,1,Health & Wellness,15/01/2021,Loss
1841,3,0.252982296,0.206818891,Paid,1.748451928,1,0.852560836,Alpha Innovations,Email,Men 25-34,30 days,Instagram,0.03,"$6,795.00",5.81,Los Angeles,German,769,2493,9,Tech Enthusiasts,16/01/2021,Profit
1842,3,3.208520727,0.526988165,Paid,4.476904278,2,1,TechCorp,Display,All Ages,15 days,Google Ads,0.1,"$12,518.00",4.51,Miami,English,124,1642,9,Foodies,17/01/2021,Loss
1843,5,3.182256285,0.330559521,Paid,6.143851317,2,1,Alpha Innovations,Influencer,Men 18-24,15 days,Email,0.11,"$9,207.00",7.47,Chicago,English,495,3868,4,Fashionistas,18/01/2021,Profit
1844,7,0.299235632,0.164468159,Organic,3.541206755,0,1,NexGen Systems,Display,Men 18-24,45 days,YouTube,0.04,"$11,530.00",2.5,Houston,French,503,4030,2,Health & Wellness,19/01/2021,Loss
1845,5,1.151926165,0.0472596,Referral,5.399914754,2,1,TechCorp,Influencer,Women 35-44,30 days,Instagram,0.14,"$16,309.00",3.37,New York,Mandarin,211,4471,10,Fashionistas,20/01/2021,Loss
1846,5,14.80705476,0.231369807,Paid,4.221255423,3,1,TechCorp,Search,Women 25-34,30 days,Google Ads,0.06,"$7,235.00",6.57,Houston,English,254,5024,4,Health & Wellness,21/01/2021,Profit
1847,10,3.403588995,0.362228204,Organic,10.41820123,1,1,TechCorp,Email,Women 35-44,45 days,Website,0.11,"$5,485.00",7.99,Chicago,Mandarin,176,4114,7,Fashionistas,22/01/2021,Profit
1848,2,3.928835261,0.396490848,Social,1.208185335,3,1,DataTech Solutions,Search,Women 25-34,60 days,Email,0.06,"$14,489.00",5.84,New York,English,560,9144,4,Fashionistas,23/01/2021,Profit
1849,6,0.718265806,0.367544202,Referral,1.162461343,0,1,TechCorp,Email,Men 18-24,45 days,YouTube,0.11,"$7,372.00",2.94,Los Angeles,French,429,3677,2,Tech Enthusiasts,24/01/2021,Loss
1850,7,0.246175946,0.327767659,Organic,0.23590877,1,0.559570046,NexGen Systems,Display,Women 35-44,60 days,Google Ads,0.06,"$10,946.00",2.62,Chicago,French,862,4133,10,Fashionistas,25/01/2021,Loss
1851,4,0.972630272,0.297262974,Social,0.877513103,2,1,TechCorp,Social Media,Women 25-34,60 days,Instagram,0.03,"$9,353.00",4.68,Houston,German,125,4564,7,Tech Enthusiasts,26/01/2021,Loss
1852,11,0.858642991,0.343531631,Direct,1.755400445,1,1,Innovate Industries,Email,Women 25-34,15 days,Website,0.07,"$5,494.00",3.29,Miami,Mandarin,900,6833,1,Tech Enthusiasts,27/01/2021,Loss
1853,5,0.801851028,0.251317056,Paid,3.392886868,3,1,NexGen Systems,Social Media,Men 18-24,45 days,Google Ads,0.15,"$10,698.00",5.3,Chicago,French,374,5808,7,Foodies,28/01/2021,Profit
1854,4,0.64238167,0.446534352,Organic,3.402744624,1,1,DataTech Solutions,Social Media,Women 35-44,45 days,Email,0.14,"$5,482.00",7.78,Los Angeles,Mandarin,418,8584,7,Tech Enthusiasts,29/01/2021,Profit
1855,1,2.565274289,0.128721056,Direct,4.487820567,5,1,NexGen Systems,Influencer,Women 35-44,15 days,Instagram,0.01,"$16,711.00",6.69,Chicago,English,183,7405,2,Fashionistas,30/01/2021,Profit
1856,11,1.192952797,0.124341049,Organic,3.143577265,1,0.753399106,Innovate Industries,Search,Men 25-34,45 days,Instagram,0.15,"$6,052.00",2.83,New York,French,536,8200,1,Outdoor Adventurers,31/01/2021,Loss
1857,3,5.150151053,0.167144348,Organic,3.315034484,0,1,Alpha Innovations,Influencer,Men 25-34,30 days,YouTube,0.02,"$6,068.00",7.29,Chicago,Spanish,146,9271,5,Outdoor Adventurers,01/02/2021,Profit
1858,2,0.609829462,0.295557053,Organic,4.484790205,0,1,TechCorp,Search,Women 25-34,45 days,Facebook,0.12,"$10,764.00",7.14,Chicago,Spanish,932,3918,8,Outdoor Adventurers,02/02/2021,Profit
1859,7,1.874375133,0.159120602,Referral,9.452927983,3,1,Innovate Industries,Social Media,Women 35-44,30 days,Email,0.03,"$9,513.00",5.73,Los Angeles,Mandarin,850,7166,2,Tech Enthusiasts,03/02/2021,Profit
1860,5,0.041255888,0.416897082,Direct,7.570280229,0,1,Innovate Industries,Search,All Ages,30 days,Website,0.08,"$13,277.00",5.14,New York,English,870,9951,6,Outdoor Adventurers,04/02/2021,Profit
1861,1,1.971500843,0.060621879,Referral,1.011290535,5,1,NexGen Systems,Influencer,Women 35-44,15 days,Instagram,0.02,"$15,860.00",3.97,Houston,English,392,3291,3,Tech Enthusiasts,05/02/2021,Loss
1862,6,0.172373254,0.465508671,Direct,11.6761961,0,1,TechCorp,Email,Men 25-34,60 days,YouTube,0.06,"$14,698.00",5.48,Miami,English,768,7322,7,Health & Wellness,06/02/2021,Profit
1863,4,11.4126705,0.353502416,Organic,12.68274634,0,1,Innovate Industries,Email,Women 35-44,15 days,YouTube,0.12,"$9,273.00",7.27,Chicago,French,187,6929,3,Fashionistas,07/02/2021,Profit
1864,9,4.690414174,0.535167502,Organic,1.011122936,1,1,Innovate Industries,Display,All Ages,60 days,Instagram,0.06,"$19,151.00",6.61,New York,French,664,2453,8,Foodies,08/02/2021,Profit
1865,4,2.020689476,0.403695978,Referral,2.612284941,2,1,Alpha Innovations,Display,Men 18-24,60 days,Instagram,0.05,"$15,941.00",6.98,Los Angeles,English,477,9223,10,Tech Enthusiasts,09/02/2021,Profit
1866,9,0.271702614,0.170911774,Direct,3.875403507,4,1,DataTech Solutions,Search,Men 18-24,60 days,YouTube,0.1,"$17,064.00",3.85,Los Angeles,French,328,3100,5,Outdoor Adventurers,10/02/2021,Loss
1867,5,2.692741403,0.23556251,Paid,4.986406657,1,1,DataTech Solutions,Social Media,Men 25-34,60 days,YouTube,0.05,"$10,900.00",6.22,Houston,English,820,2253,4,Outdoor Adventurers,11/02/2021,Profit
1868,2,4.265935614,0.219611909,Organic,1.371588472,3,1,Innovate Industries,Influencer,Women 35-44,60 days,Email,0.02,"$13,103.00",7.89,Los Angeles,German,337,9562,3,Foodies,12/02/2021,Profit
1869,8,0.634820763,0.434552894,Organic,0.727407395,3,1,TechCorp,Search,Men 18-24,15 days,Instagram,0.09,"$15,599.00",7.32,Houston,Mandarin,854,4519,3,Health & Wellness,13/02/2021,Profit
1870,2,2.519436232,0.323688896,Organic,7.321705643,1,1,DataTech Solutions,Email,Men 18-24,45 days,Google Ads,0.02,"$12,317.00",4.79,Houston,Mandarin,262,9837,4,Outdoor Adventurers,14/02/2021,Loss
1871,7,5.049429333,0.036194851,Organic,5.524155266,0,1,NexGen Systems,Email,Men 18-24,15 days,Email,0.04,"$6,715.00",5.23,Miami,German,485,1104,5,Fashionistas,15/02/2021,Profit
1872,9,4.386259455,0.09431997,Organic,3.227308197,1,1,NexGen Systems,Social Media,Women 25-34,45 days,Facebook,0.11,"$9,732.00",7.29,New York,French,443,1790,7,Outdoor Adventurers,16/02/2021,Profit
1873,3,4.873533098,0.287151075,Direct,2.686578678,3,1,TechCorp,Social Media,Men 18-24,30 days,Google Ads,0.1,"$12,588.00",7.96,Houston,German,443,6481,9,Health & Wellness,17/02/2021,Profit
1874,3,6.343923735,0.447904776,Paid,6.055219731,0,1,Alpha Innovations,Email,Men 18-24,15 days,Email,0.14,"$19,636.00",2.33,Chicago,Mandarin,868,5469,3,Tech Enthusiasts,18/02/2021,Loss
1875,6,8.326519829,0.466510018,Referral,1.158027034,0,1,Innovate Industries,Influencer,Men 18-24,30 days,Instagram,0.08,"$8,871.00",2.91,Chicago,Spanish,791,3287,3,Fashionistas,19/02/2021,Loss
1876,7,1.560210445,0.336474873,Organic,4.299546824,1,1,NexGen Systems,Influencer,Men 25-34,15 days,Instagram,0.08,"$15,612.00",5.18,Chicago,Spanish,269,8996,6,Tech Enthusiasts,20/02/2021,Profit
1877,2,2.523334822,0.431983934,Organic,5.60553757,3,1,TechCorp,Email,Women 35-44,60 days,Instagram,0.05,"$7,589.00",5.38,Houston,French,179,4371,7,Health & Wellness,21/02/2021,Profit
1878,9,4.691379872,0.569025376,Paid,3.126074582,2,1,Innovate Industries,Search,Women 25-34,45 days,YouTube,0.12,"$7,355.00",2.4,Miami,Mandarin,207,3036,4,Foodies,22/02/2021,Loss
1879,5,3.583452036,0.428913247,Social,1.359895747,1,0.941454443,TechCorp,Search,Men 25-34,30 days,YouTube,0.05,"$17,591.00",3.38,Houston,French,919,5652,7,Health & Wellness,23/02/2021,Loss
1880,5,16.22454956,0.444728722,Paid,1.464782122,0,1,DataTech Solutions,Social Media,Women 25-34,30 days,Email,0.03,"$8,911.00",2.69,Chicago,German,723,5971,10,Tech Enthusiasts,24/02/2021,Loss
1881,3,0.041316156,0.321779759,Social,2.342198248,0,0.844446419,Alpha Innovations,Display,Women 25-34,45 days,Instagram,0.02,"$7,021.00",3.54,Houston,Spanish,273,6688,8,Health & Wellness,25/02/2021,Loss
1882,6,1.316134557,0.058377518,Social,3.143848355,2,1,TechCorp,Email,Women 35-44,45 days,Google Ads,0.02,"$9,202.00",4.63,Miami,English,916,4838,3,Fashionistas,26/02/2021,Loss
1883,6,0.989798287,0.344467825,Organic,1.457180593,2,0.954065213,Alpha Innovations,Email,Men 18-24,15 days,Website,0.15,"$6,782.00",5.05,Miami,German,676,5642,1,Outdoor Adventurers,27/02/2021,Profit
1884,4,0.912718582,0.473591988,Organic,5.971110243,1,1,NexGen Systems,Social Media,Women 25-34,60 days,Instagram,0.12,"$10,676.00",4.83,Los Angeles,German,557,1018,1,Fashionistas,28/02/2021,Loss
1885,6,0.755129823,0.080357169,Referral,3.995307005,1,1,DataTech Solutions,Display,Women 25-34,30 days,Google Ads,0.1,"$13,849.00",2.99,Los Angeles,German,580,7322,8,Tech Enthusiasts,01/03/2021,Loss
1886,8,3.704573017,0.21818119,Paid,0.806315038,0,0.868585613,NexGen Systems,Social Media,Women 35-44,15 days,Google Ads,0.13,"$6,850.00",5.8,Los Angeles,Mandarin,358,1211,10,Health & Wellness,02/03/2021,Profit
1887,4,0.265705133,0.060797553,Organic,4.169952745,2,1,Alpha Innovations,Display,Women 25-34,30 days,Email,0.05,"$9,936.00",5.4,Miami,Mandarin,694,8102,7,Outdoor Adventurers,03/03/2021,Profit
1888,6,4.059842084,0.29147486,Paid,6.775901876,1,1,Alpha Innovations,Email,Women 25-34,45 days,YouTube,0.14,"$17,188.00",3.26,Houston,English,268,7909,1,Health & Wellness,04/03/2021,Loss
1889,4,3.546886806,0.392250218,Paid,4.996096695,0,1,Innovate Industries,Search,Men 25-34,45 days,Website,0.1,"$18,747.00",2.43,Los Angeles,French,157,7021,1,Fashionistas,05/03/2021,Loss
1890,9,0.866264473,0.276079005,Direct,9.447177491,1,1,TechCorp,Social Media,Men 25-34,30 days,YouTube,0.07,"$12,081.00",2.86,Chicago,Mandarin,163,6702,6,Tech Enthusiasts,06/03/2021,Loss
1891,5,0.874402818,0.243967588,Organic,0.625946789,3,1,Alpha Innovations,Social Media,Men 18-24,60 days,Website,0.05,"$19,547.00",6.31,Chicago,French,849,6073,1,Tech Enthusiasts,07/03/2021,Profit
1892,7,2.973532519,0.058647006,Organic,1.954341615,3,1,DataTech Solutions,Social Media,All Ages,60 days,Instagram,0.09,"$6,333.00",4.54,Chicago,English,684,8201,4,Tech Enthusiasts,08/03/2021,Loss
1893,2,4.308611383,0.186487879,Paid,4.593907376,4,1,TechCorp,Email,All Ages,15 days,Google Ads,0.1,"$11,289.00",3.27,Los Angeles,German,752,4968,9,Tech Enthusiasts,09/03/2021,Loss
1894,4,6.274192909,0.503611963,Referral,2.256438195,0,1,Alpha Innovations,Social Media,Women 25-34,30 days,Instagram,0.09,"$7,598.00",7.68,Houston,German,340,1445,9,Foodies,10/03/2021,Profit
1895,4,5.734459347,0.462143652,Referral,3.076207271,1,1,Innovate Industries,Social Media,Men 25-34,45 days,Google Ads,0.07,"$5,991.00",6.94,Miami,Spanish,257,7570,1,Tech Enthusiasts,11/03/2021,Profit
1896,7,10.04720931,0.300023271,Direct,9.820490399,2,1,NexGen Systems,Display,Men 18-24,45 days,Facebook,0.12,"$14,379.00",2.28,Miami,Spanish,741,3640,5,Outdoor Adventurers,12/03/2021,Loss
1897,3,2.612410158,0.021873403,Social,7.552043427,3,1,DataTech Solutions,Search,Women 35-44,45 days,YouTube,0.11,"$13,966.00",2.34,Los Angeles,English,636,1813,2,Health & Wellness,13/03/2021,Loss
1898,4,7.179353632,0.557418844,Paid,4.939252416,4,1,Innovate Industries,Social Media,All Ages,60 days,Website,0.02,"$14,092.00",5.96,Houston,Spanish,431,5493,6,Fashionistas,14/03/2021,Profit
1899,3,4.958810354,0.349601003,Organic,3.582094529,3,1,DataTech Solutions,Influencer,Women 35-44,30 days,Instagram,0.11,"$18,551.00",5.09,Los Angeles,Mandarin,450,7099,4,Outdoor Adventurers,15/03/2021,Profit
1900,3,6.751903337,0.181162359,Paid,5.025677216,2,1,NexGen Systems,Search,Women 35-44,30 days,Website,0.14,"$8,544.00",2.94,New York,Spanish,763,7182,10,Tech Enthusiasts,16/03/2021,Loss
1901,2,0.035084156,0.211191317,Referral,5.676390227,6,1,Alpha Innovations,Influencer,Men 25-34,45 days,Google Ads,0.01,"$8,646.00",5.77,Chicago,Mandarin,372,2783,7,Foodies,17/03/2021,Profit
1902,10,10.13563691,0.36262536,Social,2.288276413,2,1,NexGen Systems,Display,Women 35-44,60 days,Website,0.12,"$12,437.00",7.47,Los Angeles,German,157,9335,2,Tech Enthusiasts,18/03/2021,Profit
1903,3,1.924683715,0.27492904,Direct,6.279681242,3,1,NexGen Systems,Email,Men 25-34,60 days,YouTube,0.06,"$10,381.00",4.05,Miami,Mandarin,863,5683,7,Fashionistas,19/03/2021,Loss
1904,2,4.801181643,0.302127084,Referral,4.498281811,1,1,NexGen Systems,Search,Men 25-34,30 days,Email,0.1,"$9,272.00",7.27,Miami,German,185,9350,2,Fashionistas,20/03/2021,Profit
1905,6,0.408160692,0.049666787,Paid,4.438941051,1,0.870762555,Innovate Industries,Influencer,Men 25-34,30 days,Email,0.03,"$10,509.00",6.45,Miami,German,706,2891,9,Health & Wellness,21/03/2021,Profit
1906,4,1.512250687,0.170411186,Organic,3.264606656,3,1,TechCorp,Display,Men 25-34,60 days,Website,0.04,"$11,451.00",5.04,Chicago,French,762,2103,4,Fashionistas,22/03/2021,Profit
1907,6,0.950140973,0.142868461,Organic,4.960543231,1,1,Innovate Industries,Influencer,Women 25-34,60 days,Google Ads,0.03,"$8,995.00",7.53,Los Angeles,Spanish,773,8871,5,Foodies,23/03/2021,Profit
1908,2,1.034488016,0.032640007,Organic,6.786894371,2,1,NexGen Systems,Display,Women 35-44,30 days,Instagram,0.11,"$9,277.00",4.4,Houston,German,595,3337,3,Tech Enthusiasts,24/03/2021,Loss
1909,4,0.3946194,0.142121911,Organic,1.489196944,2,1,Innovate Industries,Influencer,Men 25-34,45 days,Email,0.03,"$9,645.00",7.64,New York,French,429,7811,8,Outdoor Adventurers,25/03/2021,Profit
1910,9,4.916041507,0.199608936,Paid,11.27044858,2,1,TechCorp,Influencer,All Ages,15 days,Facebook,0.06,"$14,312.00",6.96,Houston,Mandarin,297,8413,5,Health & Wellness,26/03/2021,Profit
1911,10,0.027855869,0.102216096,Organic,7.182616459,5,1,Alpha Innovations,Influencer,Women 35-44,30 days,Instagram,0.13,"$13,461.00",6.98,New York,Mandarin,588,9535,7,Outdoor Adventurers,27/03/2021,Profit
1912,5,1.124104161,0.172626234,Referral,1.295418118,1,0.80874141,Innovate Industries,Email,Women 35-44,30 days,Google Ads,0.06,"$17,442.00",3.5,New York,German,159,4441,4,Fashionistas,28/03/2021,Loss
1913,2,0.574972964,0.455300876,Paid,6.229435049,0,1,Innovate Industries,Search,Women 35-44,60 days,Email,0.05,"$17,499.00",5.51,Los Angeles,Spanish,540,6649,1,Outdoor Adventurers,29/03/2021,Profit
1914,3,2.667770445,0.662873522,Paid,2.848736509,2,1,Innovate Industries,Display,Women 35-44,15 days,YouTube,0.12,"$7,991.00",4.5,Los Angeles,Mandarin,370,9765,6,Health & Wellness,30/03/2021,Loss
1915,7,0.880104232,0.053403316,Paid,1.121506499,2,1,NexGen Systems,Display,Women 35-44,60 days,YouTube,0.13,"$9,643.00",2.08,Miami,French,936,3150,2,Tech Enthusiasts,31/03/2021,Loss
1916,6,0.899257704,0.265522191,Organic,1.989032985,1,1,NexGen Systems,Search,Women 35-44,45 days,Email,0.05,"$15,611.00",4.12,Los Angeles,English,977,4497,10,Foodies,01/04/2021,Loss
1917,4,2.010273929,0.402731163,Direct,2.109960349,6,1,DataTech Solutions,Display,All Ages,60 days,Email,0.13,"$18,134.00",2.84,Miami,German,566,9921,10,Foodies,02/04/2021,Loss
1918,2,3.17260428,0.461972539,Organic,5.250922082,3,1,Alpha Innovations,Email,Women 25-34,45 days,Facebook,0.02,"$18,458.00",7.78,Houston,French,235,9771,1,Outdoor Adventurers,03/04/2021,Profit
1919,7,0.387951272,0.454071972,Direct,3.237192152,2,1,Innovate Industries,Search,Women 35-44,60 days,YouTube,0.09,"$9,135.00",5.65,Houston,German,165,5074,3,Outdoor Adventurers,04/04/2021,Profit
1920,6,0.578976082,0.533262967,Organic,4.46399883,3,1,Innovate Industries,Email,Men 18-24,30 days,Website,0.04,"$15,474.00",3.62,Los Angeles,Spanish,715,1239,3,Tech Enthusiasts,05/04/2021,Loss
1921,7,0.851766428,0.2636288,Paid,5.971341705,1,1,TechCorp,Social Media,Men 18-24,45 days,Instagram,0.08,"$10,528.00",5.27,Los Angeles,French,559,3449,5,Fashionistas,06/04/2021,Profit
1922,7,10.92006378,0.552474934,Organic,4.938726153,2,1,Alpha Innovations,Email,Men 25-34,30 days,Instagram,0.01,"$18,850.00",3.42,New York,French,692,8915,3,Fashionistas,07/04/2021,Loss
1923,3,1.518273049,0.100613972,Organic,6.047758017,3,1,DataTech Solutions,Email,Women 25-34,60 days,YouTube,0.06,"$6,983.00",5.66,Houston,Spanish,596,2281,8,Foodies,08/04/2021,Profit
1924,3,2.741307421,0.182308657,Paid,1.838332261,3,1,DataTech Solutions,Search,Women 25-34,45 days,Facebook,0.13,"$15,971.00",4.19,Chicago,Spanish,494,5439,7,Tech Enthusiasts,09/04/2021,Loss
1925,4,0.829406777,0.174275413,Referral,2.63499804,3,1,Alpha Innovations,Email,Men 25-34,15 days,Website,0.05,"$9,290.00",7.2,Miami,German,992,8847,6,Health & Wellness,10/04/2021,Profit
1926,5,2.022737967,0.115662396,Organic,1.56681228,0,1,Alpha Innovations,Search,Women 35-44,30 days,Website,0.04,"$19,632.00",6.15,Miami,French,721,8225,8,Health & Wellness,11/04/2021,Profit
1927,2,0.231029252,0.14048476,Paid,2.767130675,2,1,Alpha Innovations,Display,Men 18-24,45 days,YouTube,0.1,"$7,432.00",7.38,Miami,Spanish,731,2499,10,Outdoor Adventurers,12/04/2021,Profit
1928,4,0.106080021,0.044330972,Organic,1.643094105,3,1,Innovate Industries,Social Media,Women 25-34,60 days,Google Ads,0.09,"$5,758.00",5.97,Houston,Mandarin,467,5205,2,Foodies,13/04/2021,Profit
1929,7,1.897474653,0.078819997,Organic,2.115108765,1,1,DataTech Solutions,Display,Women 25-34,60 days,Facebook,0.12,"$13,458.00",7.7,Miami,English,572,8542,8,Tech Enthusiasts,14/04/2021,Profit
1930,5,1.525780787,0.492458577,Direct,1.87491219,2,0.922846816,Innovate Industries,Social Media,Women 25-34,15 days,Email,0.1,"$13,006.00",6.22,Miami,French,456,7129,9,Health & Wellness,15/04/2021,Profit
1931,6,0.441605754,0.272655823,Social,3.702056687,1,1,Alpha Innovations,Social Media,Women 25-34,60 days,Facebook,0.15,"$12,930.00",4.09,Houston,Mandarin,259,3531,1,Outdoor Adventurers,16/04/2021,Loss
1932,4,3.490426305,0.454004178,Paid,8.501808888,2,1,Innovate Industries,Display,Men 18-24,45 days,Website,0.12,"$18,200.00",7.38,Miami,German,951,2432,7,Tech Enthusiasts,17/04/2021,Profit
1933,9,14.84445688,0.253967873,Organic,0.58752791,2,1,TechCorp,Search,Men 25-34,15 days,YouTube,0.07,"$9,929.00",7.87,New York,English,928,3257,5,Outdoor Adventurers,18/04/2021,Profit
1934,2,1.510789556,0.106298842,Organic,2.444499277,3,1,TechCorp,Influencer,Men 25-34,30 days,Email,0.13,"$18,792.00",7.96,Miami,Spanish,285,1214,7,Foodies,19/04/2021,Profit
1935,6,2.938958923,0.338837502,Direct,5.537026361,1,1,TechCorp,Display,Men 25-34,30 days,YouTube,0.1,"$19,698.00",5.21,Chicago,English,668,4367,5,Outdoor Adventurers,20/04/2021,Profit
1936,4,9.888562114,0.106940459,Organic,2.165047069,1,1,Alpha Innovations,Social Media,Women 25-34,60 days,YouTube,0.02,"$12,194.00",2.47,Houston,Mandarin,135,7812,5,Outdoor Adventurers,21/04/2021,Loss
1937,3,5.343081307,0.543617488,Social,6.820577614,0,1,DataTech Solutions,Display,Women 35-44,15 days,YouTube,0.11,"$9,406.00",7.65,Miami,Mandarin,325,3365,4,Fashionistas,22/04/2021,Profit
1938,6,1.868358187,0.516549503,Organic,1.549229619,2,1,Innovate Industries,Influencer,All Ages,45 days,YouTube,0.06,"$17,090.00",6.77,Houston,German,210,4641,10,Foodies,23/04/2021,Profit
1939,7,4.012392416,0.243835639,Direct,2.495138803,2,1,NexGen Systems,Email,All Ages,30 days,Instagram,0.03,"$6,398.00",7.01,Houston,Mandarin,361,2588,10,Fashionistas,24/04/2021,Profit
1940,8,0.411362189,0.074138931,Organic,2.321536327,0,1,Alpha Innovations,Display,Men 25-34,30 days,Google Ads,0.09,"$18,254.00",5.27,Houston,Mandarin,672,2707,2,Foodies,25/04/2021,Profit
1941,9,2.152958143,0.323467253,Organic,1.917286318,0,0.791405234,Innovate Industries,Influencer,Men 25-34,15 days,Instagram,0.05,"$11,260.00",6.06,Miami,Mandarin,995,7286,8,Outdoor Adventurers,26/04/2021,Profit
1942,5,0.981599242,0.080650489,Referral,2.71218256,0,1,TechCorp,Influencer,Men 18-24,30 days,Facebook,0.05,"$11,160.00",5.54,Los Angeles,English,617,7744,1,Foodies,27/04/2021,Profit
1943,4,0.527219071,0.298986243,Direct,6.905395321,3,1,Innovate Industries,Social Media,Women 25-34,30 days,Website,0.1,"$11,191.00",5.53,Chicago,French,696,6310,6,Tech Enthusiasts,28/04/2021,Profit
1944,3,1.666846159,0.390153457,Direct,3.70165177,5,1,Innovate Industries,Email,Women 35-44,60 days,Google Ads,0.11,"$9,886.00",4.44,Chicago,English,958,5544,9,Foodies,29/04/2021,Loss
1945,7,0.421286707,0.231521943,Referral,9.712904789,2,1,Alpha Innovations,Display,Men 18-24,30 days,Email,0.1,"$8,563.00",2.36,Miami,Spanish,395,1073,4,Foodies,30/04/2021,Loss
1946,4,3.601786623,0.335975193,Social,1.37408371,4,1,Innovate Industries,Display,Women 35-44,45 days,Website,0.04,"$9,937.00",6.68,Los Angeles,Spanish,461,6852,1,Fashionistas,01/05/2021,Profit
1947,8,1.827742161,0.514489294,Paid,7.997753545,2,1,Alpha Innovations,Email,Women 35-44,60 days,YouTube,0.09,"$10,752.00",4.46,Chicago,French,305,5344,1,Fashionistas,02/05/2021,Loss
1948,8,2.272382829,0.129849971,Social,0.329327409,1,0.565124209,NexGen Systems,Email,All Ages,30 days,Website,0.12,"$5,192.00",2.32,Houston,Spanish,114,6501,2,Tech Enthusiasts,03/05/2021,Loss
1949,1,0.474793174,0.12519723,Social,5.586344393,1,1,DataTech Solutions,Social Media,Men 25-34,60 days,Website,0.04,"$16,769.00",5.02,Los Angeles,Spanish,833,7231,5,Fashionistas,04/05/2021,Profit
1950,5,0.451672244,0.310140971,Paid,10.52793383,2,1,TechCorp,Social Media,Men 18-24,45 days,Email,0.15,"$17,959.00",6.54,Houston,Mandarin,180,7704,10,Foodies,05/05/2021,Profit
1951,4,2.626997404,0.615190886,Referral,10.08051226,1,1,TechCorp,Display,Men 18-24,45 days,YouTube,0.13,"$13,015.00",5.54,Miami,English,940,7795,1,Health & Wellness,06/05/2021,Profit
1952,3,12.60106543,0.194929895,Paid,1.934418074,1,1,Innovate Industries,Display,Men 25-34,60 days,YouTube,0.14,"$5,596.00",5.6,Miami,French,886,9619,3,Foodies,07/05/2021,Profit
1953,2,0.303609453,0.198601754,Paid,6.157710663,2,1,Alpha Innovations,Search,All Ages,60 days,Facebook,0.14,"$17,637.00",7.39,Chicago,English,348,3031,8,Foodies,08/05/2021,Profit
1954,8,1.009488711,0.574587016,Social,7.507664139,3,1,NexGen Systems,Search,All Ages,15 days,Google Ads,0.14,"$6,445.00",2.13,Los Angeles,Mandarin,311,7855,5,Fashionistas,09/05/2021,Loss
1955,8,6.108206454,0.23648942,Organic,5.36027216,2,1,TechCorp,Search,Men 18-24,15 days,Facebook,0.02,"$19,323.00",4.42,Miami,French,839,6033,5,Fashionistas,10/05/2021,Loss
1956,3,0.225050117,0.203044728,Organic,2.245111167,2,1,Alpha Innovations,Social Media,All Ages,30 days,Email,0.07,"$9,661.00",7,New York,Spanish,916,1931,3,Outdoor Adventurers,11/05/2021,Profit
1957,4,6.259657608,0.044932579,Paid,1.701089769,1,1,DataTech Solutions,Influencer,All Ages,45 days,Instagram,0.07,"$19,015.00",3.88,Los Angeles,Mandarin,132,6775,6,Foodies,12/05/2021,Loss
1958,12,2.228815232,0.235058889,Organic,2.890894682,2,1,TechCorp,Search,Women 25-34,45 days,Website,0.09,"$14,210.00",4.21,Houston,English,481,4710,7,Outdoor Adventurers,13/05/2021,Loss
1959,3,1.574098132,0.145797051,Paid,5.949363017,0,1,Innovate Industries,Social Media,All Ages,30 days,Facebook,0.04,"$5,501.00",4.69,Los Angeles,Mandarin,594,1468,9,Outdoor Adventurers,14/05/2021,Loss
1960,3,1.111802515,0.143394417,Direct,2.43720601,2,1,Innovate Industries,Email,Men 25-34,15 days,Instagram,0.09,"$19,666.00",7.97,Miami,Spanish,785,2102,5,Foodies,15/05/2021,Profit
1961,4,1.057695167,0.233522796,Referral,2.930632677,6,1,Innovate Industries,Influencer,Men 18-24,30 days,Instagram,0.11,"$15,130.00",2.38,Los Angeles,English,307,4925,8,Fashionistas,16/05/2021,Loss
1962,3,1.094996687,0.236160994,Social,2.984800524,0,1,DataTech Solutions,Display,Women 35-44,60 days,Facebook,0.04,"$17,084.00",5.61,Miami,Spanish,927,1027,1,Outdoor Adventurers,17/05/2021,Profit
1963,4,6.483336827,0.088121854,Organic,5.00564209,1,1,TechCorp,Email,Men 18-24,15 days,YouTube,0.07,"$11,588.00",7.21,New York,Spanish,810,7767,6,Outdoor Adventurers,18/05/2021,Profit
1964,6,3.859838306,0.280376015,Direct,3.345964183,2,1,TechCorp,Search,All Ages,15 days,Instagram,0.05,"$6,735.00",2.23,Miami,Mandarin,512,2244,1,Fashionistas,19/05/2021,Loss
1965,4,3.323470819,0.163877197,Referral,1.962728003,2,1,TechCorp,Social Media,Men 18-24,30 days,Facebook,0.06,"$12,395.00",5.17,Chicago,Spanish,234,4202,1,Tech Enthusiasts,20/05/2021,Profit
1966,3,4.809609402,0.404462449,Organic,1.908008539,1,1,TechCorp,Display,All Ages,60 days,Facebook,0.04,"$17,873.00",4.95,Los Angeles,Mandarin,754,3624,4,Tech Enthusiasts,21/05/2021,Loss
1967,8,0.891640712,0.318955929,Referral,8.271883473,6,1,TechCorp,Social Media,Women 35-44,60 days,Instagram,0.02,"$8,326.00",5.08,Chicago,Spanish,664,5342,5,Fashionistas,22/05/2021,Profit
1968,2,2.887340251,0.130977788,Direct,6.172665477,0,1,TechCorp,Social Media,Women 35-44,45 days,Website,0.02,"$12,250.00",7.23,Chicago,English,825,7094,2,Tech Enthusiasts,23/05/2021,Profit
1969,3,1.848926435,0.415561678,Organic,4.97884966,1,1,TechCorp,Display,Men 25-34,15 days,Email,0.1,"$18,137.00",7.56,New York,French,263,5417,9,Fashionistas,24/05/2021,Profit
1970,7,4.575864362,0.163215624,Paid,3.751940843,1,1,TechCorp,Influencer,Women 35-44,30 days,Website,0.12,"$8,762.00",6.61,Chicago,German,837,9719,3,Foodies,25/05/2021,Profit
1971,3,1.109958484,0.377159081,Direct,0.572662857,3,1,NexGen Systems,Influencer,Men 18-24,30 days,YouTube,0.02,"$10,154.00",7.91,Houston,Spanish,106,1386,7,Health & Wellness,26/05/2021,Profit
1972,7,3.091559849,0.230541897,Organic,7.594405146,1,1,Alpha Innovations,Search,All Ages,30 days,Google Ads,0.02,"$15,941.00",3.86,Miami,English,390,3698,10,Outdoor Adventurers,27/05/2021,Loss
1973,5,6.41661713,0.102762025,Referral,1.986798624,4,1,TechCorp,Display,Men 18-24,60 days,Email,0.03,"$5,111.00",7.26,Los Angeles,Spanish,947,2774,8,Fashionistas,28/05/2021,Profit
1974,2,1.543248567,0.456930296,Paid,2.139966282,1,1,Innovate Industries,Social Media,Women 35-44,30 days,YouTube,0.07,"$14,137.00",4.06,Chicago,Spanish,707,9563,7,Outdoor Adventurers,29/05/2021,Loss
1975,9,0.206835327,0.112152194,Organic,5.694481363,2,1,DataTech Solutions,Social Media,Women 35-44,45 days,Google Ads,0.11,"$15,634.00",7.95,Houston,French,728,7449,2,Health & Wellness,30/05/2021,Profit
1976,4,2.177326148,0.252808463,Referral,7.605397338,1,1,TechCorp,Display,Men 25-34,60 days,Facebook,0.12,"$7,595.00",3.53,Houston,English,857,3474,4,Tech Enthusiasts,31/05/2021,Loss
1977,3,1.273817583,0.323758367,Organic,3.399025179,0,0.99764479,DataTech Solutions,Social Media,Women 35-44,15 days,YouTube,0.07,"$9,998.00",4.5,Miami,French,807,8839,3,Fashionistas,01/06/2021,Loss
1978,1,3.346287128,0.231582786,Social,4.481667298,3,1,Innovate Industries,Email,All Ages,30 days,YouTube,0.02,"$11,372.00",6.61,Los Angeles,Spanish,107,5432,9,Foodies,02/06/2021,Profit
1979,2,9.049821421,0.148317516,Organic,0.686309314,1,1,NexGen Systems,Email,Women 35-44,30 days,Email,0.03,"$5,072.00",5.71,Los Angeles,Mandarin,359,9864,4,Foodies,03/06/2021,Profit
1980,6,1.994310829,0.036026247,Organic,3.652873189,3,1,DataTech Solutions,Social Media,Women 25-34,30 days,Website,0.09,"$12,757.00",3.61,New York,Spanish,145,4500,7,Tech Enthusiasts,04/06/2021,Loss
1981,10,1.883147219,0.380186645,Paid,2.842953574,2,1,NexGen Systems,Social Media,Women 25-34,30 days,Instagram,0.11,"$19,812.00",4.99,Chicago,Spanish,762,8773,8,Tech Enthusiasts,05/06/2021,Loss
1982,6,3.189024324,0.507660352,Organic,4.643855808,3,1,Alpha Innovations,Search,All Ages,15 days,Website,0.1,"$13,079.00",4.07,Chicago,Spanish,319,4170,1,Tech Enthusiasts,06/06/2021,Loss
1983,6,0.327762604,0.579079154,Organic,3.989956872,2,0.94406636,NexGen Systems,Search,All Ages,45 days,Email,0.14,"$10,012.00",3.64,Los Angeles,German,600,7646,2,Tech Enthusiasts,07/06/2021,Loss
1984,2,0.877103858,0.335075572,Social,1.418386102,2,0.947612131,DataTech Solutions,Display,Men 18-24,30 days,Website,0.13,"$17,619.00",6.91,New York,German,936,3743,1,Fashionistas,08/06/2021,Profit
1985,4,7.539152748,0.093588874,Direct,6.189655777,0,1,DataTech Solutions,Display,Women 35-44,15 days,Facebook,0.08,"$9,576.00",4.28,Chicago,Mandarin,342,4809,10,Health & Wellness,09/06/2021,Loss
1986,5,3.325466222,0.144155968,Social,5.131592069,2,1,Innovate Industries,Search,Women 35-44,15 days,Google Ads,0.02,"$11,378.00",6.13,Miami,English,915,3573,4,Outdoor Adventurers,10/06/2021,Profit
1987,8,0.0406057,0.354172852,Paid,2.600876433,4,1,Innovate Industries,Email,Women 35-44,45 days,Website,0.14,"$5,783.00",5.49,Houston,Spanish,416,3320,5,Fashionistas,11/06/2021,Profit
1988,5,0.686826515,0.239482759,Social,0.933072889,2,1,Innovate Industries,Display,All Ages,30 days,Facebook,0.08,"$5,692.00",5.44,Houston,German,506,2571,9,Outdoor Adventurers,12/06/2021,Profit
1989,3,3.445020841,0.028535166,Direct,9.831420598,1,1,TechCorp,Display,Women 25-34,15 days,Email,0.09,"$15,201.00",4.18,Los Angeles,Spanish,410,5683,4,Tech Enthusiasts,13/06/2021,Loss
1990,1,4.336849328,0.22017985,Paid,3.392852947,3,1,Innovate Industries,Search,Women 35-44,15 days,Google Ads,0.04,"$15,276.00",4.82,Chicago,French,228,6572,6,Outdoor Adventurers,14/06/2021,Loss
1991,7,5.495112534,0.212902218,Organic,4.631772796,3,1,Innovate Industries,Search,Women 25-34,15 days,Google Ads,0.07,"$9,955.00",6.98,New York,Mandarin,499,8707,7,Foodies,15/06/2021,Profit
1992,7,1.036682816,0.098037163,Organic,1.886511478,2,1,Innovate Industries,Influencer,Men 25-34,60 days,Facebook,0.12,"$11,417.00",4.21,Houston,French,409,8683,10,Foodies,16/06/2021,Loss
1993,4,8.022189897,0.220423602,Paid,5.284369942,2,1,Alpha Innovations,Social Media,All Ages,15 days,Email,0.12,"$9,579.00",2.16,Chicago,German,761,8879,8,Outdoor Adventurers,17/06/2021,Loss
1994,4,2.415233655,0.089816833,Direct,3.71230984,2,1,TechCorp,Influencer,All Ages,60 days,Google Ads,0.1,"$6,488.00",7.83,Chicago,Mandarin,409,3801,6,Health & Wellness,18/06/2021,Profit
1995,4,3.577506754,0.352173018,Paid,4.128122219,3,1,NexGen Systems,Search,Men 18-24,30 days,Google Ads,0.15,"$9,431.00",7.37,Houston,French,723,1275,10,Foodies,19/06/2021,Profit
1996,9,2.724512831,0.207187195,Referral,1.324205636,2,1,Alpha Innovations,Email,Women 35-44,15 days,Email,0.06,"$18,870.00",7.72,Los Angeles,English,726,1942,8,Foodies,20/06/2021,Profit
1997,1,0.392855783,0.095559463,Organic,3.824416338,1,1,DataTech Solutions,Search,Men 25-34,60 days,YouTube,0.07,"$12,584.00",7.55,Houston,German,545,1649,5,Outdoor Adventurers,21/06/2021,Profit
1998,3,9.899823241,0.446622232,Organic,1.28867457,1,1,Innovate Industries,Influencer,All Ages,45 days,Instagram,0.04,"$10,435.00",7.25,Houston,Mandarin,140,6670,2,Outdoor Adventurers,22/06/2021,Profit
1999,4,0.39331928,0.278340224,Paid,5.037583871,2,1,DataTech Solutions,Social Media,Women 35-44,45 days,Instagram,0.12,"$10,262.00",7.65,New York,English,337,8155,8,Foodies,23/06/2021,Profit
2000,3,0.882637876,0.338025521,Direct,5.18690764,3,1,NexGen Systems,Search,All Ages,30 days,Website,0.06,"$9,122.00",4.61,New York,German,830,3743,6,Outdoor Adventurers,24/06/2021,Loss
